time,hour,side,eff,rangeATR,age,risk,rr,mfe,mae,pl,win
2025.01.02 07:30:00,7,BUY,0.5,3.12,22,1.907,1.5,0.63,-0.94,-3.82,0
2025.01.02 11:45:00,11,SELL,1.0,2.54,3,3.059,1.5,4.73,-0.63,2.03,1
2025.01.02 13:00:00,13,BUY,0.91,3.92,3,2.756,1.5,4.19,-0.06,4.14,1
2025.01.02 14:50:00,14,BUY,1.0,1.25,4,5.566,1.5,0.55,-0.97,-11.13,0
2025.01.02 20:00:00,20,BUY,1.0,2.77,5,2.117,1.5,0.22,-0.64,-4.23,0
2025.01.03 12:55:00,12,BUY,0.87,4.71,9,2.324,1.5,5.14,-0.4,3.49,1
2025.01.03 17:20:00,17,SELL,0.68,2.7,5,2.971,1.5,-0.01,-0.97,-5.95,0
2025.01.03 18:20:00,18,SELL,1.0,2.23,9,2.452,1.5,0.82,-0.93,-4.9,0
2025.01.06 07:10:00,7,SELL,1.0,3.44,8,2.63,1.5,0.15,-0.99,-5.26,0
2025.01.06 08:25:00,8,SELL,0.89,4.37,10,3.434,1.5,5.77,-0.5,5.15,1
2025.01.06 09:50:00,9,BUY,0.92,4.77,6,3.115,1.5,0.24,-0.85,-6.23,0
2025.01.06 15:40:00,15,BUY,1.0,2.51,3,7.119,1.5,0.37,-0.92,-1.5,0
2025.01.06 18:50:00,18,BUY,0.81,4.83,25,3.328,1.5,0.84,-0.45,-0.55,0
2025.01.07 08:05:00,8,SELL,0.87,3.81,14,2.783,1.5,0.46,-0.9,-5.56,0
2025.01.07 09:20:00,9,SELL,0.51,1.72,24,2.725,1.5,4.18,-0.31,0.68,1
2025.01.07 10:55:00,10,BUY,0.52,2.1,3,2.086,1.5,-0.06,-0.47,-4.17,0
2025.01.07 14:45:00,14,BUY,0.57,2.63,10,4.721,1.5,0.81,-0.1,14.16,1
2025.01.07 17:40:00,17,BUY,0.98,2.86,11,4.117,1.5,4.0,-0.21,2.32,1
2025.01.07 20:20:00,20,SELL,0.67,2.36,11,2.179,1.5,4.59,-1.59,0.73,1
2025.01.08 07:45:00,7,BUY,0.95,2.3,11,1.922,1.5,3.49,-0.69,0.48,1
2025.01.08 08:45:00,8,BUY,1.0,1.85,19,2.517,1.5,4.44,-0.99,3.78,1
2025.01.08 14:55:00,14,BUY,0.54,2.74,3,4.618,1.5,1.09,-0.83,-4.62,0
2025.01.08 17:25:00,17,BUY,1.0,3.09,6,3.087,1.5,4.5,-0.24,4.63,1
2025.01.09 08:20:00,8,SELL,0.59,3.79,3,2.688,1.5,5.57,-0.17,1.27,1
2025.01.09 11:40:00,11,BUY,1.0,2.93,3,3.329,1.5,0.21,-0.99,-6.65,0
2025.01.09 12:10:00,12,BUY,0.96,2.11,4,3.91,1.5,0.12,-0.67,-7.82,0
2025.01.09 13:50:00,13,BUY,0.85,2.98,3,3.733,1.5,5.73,-0.07,2.08,1
2025.01.09 16:20:00,16,SELL,0.69,3.61,3,4.034,1.5,0.07,-0.9,-8.07,0
2025.01.09 17:25:00,17,SELL,1.0,3.49,4,3.454,1.5,-0.02,-0.97,-6.9,0
2025.01.09 19:10:00,19,BUY,0.7,4.03,8,3.245,1.5,0.25,-0.6,-2.63,0
2025.01.10 07:40:00,7,BUY,0.49,2.36,7,3.798,1.5,0.51,-0.99,-7.59,0
2025.01.10 11:50:00,11,BUY,0.9,2.16,3,2.305,1.5,5.26,-0.51,0.97,1
2025.01.10 16:05:00,16,BUY,0.6,3.66,6,7.472,1.5,0.3,-0.98,-14.94,0
2025.01.13 09:55:00,9,SELL,0.88,2.34,6,4.067,1.5,0.43,-0.68,-8.14,0
2025.01.13 11:55:00,11,SELL,0.75,2.68,3,2.799,1.5,0.07,-0.75,-5.6,0
2025.01.13 13:20:00,13,SELL,0.89,4.93,10,5.245,1.5,0.3,-0.93,-10.49,0
2025.01.13 13:55:00,13,SELL,1.0,2.71,3,5.269,1.5,0.95,-0.99,-10.53,0
2025.01.13 16:25:00,16,SELL,0.55,2.81,5,4.669,1.5,0.47,-0.93,-9.34,0
2025.01.13 18:10:00,18,SELL,1.0,3.28,7,2.647,1.5,0.31,-0.47,-5.3,0
2025.01.13 19:40:00,19,SELL,1.0,3.82,8,2.376,1.5,0.1,-0.84,-4.75,0
2025.01.14 08:55:00,8,BUY,0.96,4.12,5,3.062,1.5,4.39,-0.2,4.59,1
2025.01.14 10:35:00,10,SELL,1.0,2.32,3,3.175,1.5,4.06,-0.69,1.75,1
2025.01.14 12:35:00,12,BUY,1.0,2.34,3,2.904,1.5,5.57,-0.64,1.36,1
2025.01.14 13:35:00,13,SELL,1.0,2.49,3,4.149,1.5,0.37,-0.67,-8.3,0
2025.01.14 18:30:00,18,SELL,0.57,4.03,3,2.236,1.5,4.36,-0.08,3.35,1
2025.01.15 08:35:00,8,BUY,0.58,2.14,11,2.921,1.5,-0.04,-0.91,-5.84,0
2025.01.15 12:10:00,12,SELL,1.0,1.69,7,2.68,1.5,0.37,-0.84,-5.36,0
2025.01.15 18:40:00,18,BUY,0.64,3.95,3,2.887,1.5,0.41,-0.99,-5.77,0
2025.01.15 20:00:00,20,BUY,0.87,1.84,4,2.067,1.5,0.36,-0.98,-4.14,0
2025.01.16 08:55:00,8,BUY,0.44,3.67,6,3.991,1.5,0.19,-0.96,-7.99,0
2025.01.16 10:35:00,10,BUY,0.59,2.84,3,2.967,1.5,0.48,-1.0,-5.94,0
2025.01.16 12:10:00,12,BUY,1.0,1.68,29,3.13,1.5,5.29,-0.68,1.63,1
2025.01.16 17:55:00,17,BUY,0.9,3.05,4,3.03,1.5,4.56,-0.65,4.54,1
2025.01.17 07:05:00,7,SELL,0.72,3.56,13,2.187,1.5,0.56,-0.94,-4.37,0
2025.01.17 08:20:00,8,SELL,0.77,3.43,6,2.427,1.5,0.83,-0.89,-4.85,0
2025.01.17 13:05:00,13,BUY,0.54,2.69,4,3.129,1.5,4.61,-0.21,1.04,1
2025.01.17 13:30:00,13,BUY,0.95,2.9,17,3.856,1.5,4.17,-0.33,0.97,1
2025.01.17 14:30:00,14,SELL,1.0,2.06,6,4.483,1.5,5.12,-0.69,6.73,1
2025.01.17 20:35:00,20,SELL,1.0,5.0,7,2.377,1.5,0.2,-1.79,-2.85,0
2025.01.20 09:15:00,9,BUY,0.6,3.28,3,2.826,1.5,0.65,-1.0,-5.65,0
2025.01.20 13:30:00,13,BUY,1.0,4.07,28,2.072,1.5,-0.78,-0.78,6.22,1
2025.01.20 13:35:00,13,SELL,1.0,1.99,10,2.655,1.5,0.04,0.04,-5.31,0
2025.01.20 15:05:00,15,BUY,1.0,3.35,10,4.836,1.5,0.84,-0.82,-0.26,0
2025.01.20 18:10:00,18,BUY,1.0,3.44,7,3.681,1.5,0.08,-0.98,-7.36,0
2025.01.21 07:20:00,7,SELL,0.92,2.4,3,3.274,1.5,5.05,-0.32,4.91,1
2025.01.21 11:35:00,11,SELL,1.0,3.08,11,2.878,1.5,4.69,-0.28,0.95,1
2025.01.21 12:55:00,12,BUY,0.77,3.44,3,2.597,1.5,0.01,-0.84,-5.2,0
2025.01.21 16:40:00,16,BUY,0.89,3.13,4,4.017,1.5,0.04,-0.95,-8.04,0
2025.01.21 17:20:00,17,BUY,1.0,2.81,3,3.817,1.5,0.05,-0.98,-7.64,0
2025.01.21 18:20:00,18,SELL,0.5,3.38,4,3.026,1.5,0.72,-0.96,-6.05,0
2025.01.22 13:45:00,13,SELL,0.58,2.21,15,4.628,1.5,4.59,-0.83,2.27,1
2025.01.22 18:20:00,18,SELL,1.0,1.72,10,2.524,1.5,0.84,-0.96,-2.58,0
2025.01.23 08:35:00,8,BUY,0.96,2.52,3,1.957,1.5,0.78,-0.71,5.87,1
2025.01.23 11:50:00,11,BUY,0.75,2.07,5,3.083,1.5,5.69,-0.53,4.63,1
2025.01.23 18:05:00,18,BUY,0.69,4.18,4,2.757,1.5,4.65,-0.76,4.14,1
2025.01.23 20:25:00,20,SELL,1.0,3.58,5,2.885,1.5,0.25,-0.84,-0.19,0
2025.01.24 07:10:00,7,BUY,0.57,3.24,18,2.946,1.5,4.34,-0.75,0.74,1
2025.01.24 13:35:00,13,BUY,0.74,4.21,3,2.76,1.5,0.08,-0.75,-5.52,0
2025.01.24 14:00:00,14,BUY,0.83,2.3,3,3.286,1.5,4.03,-0.66,4.93,1
2025.01.24 14:45:00,14,SELL,0.63,3.72,3,5.035,1.5,4.87,-0.71,2.24,1
2025.01.24 17:10:00,17,SELL,1.0,3.28,4,4.076,1.5,0.58,-0.6,-0.01,0
2025.01.27 07:20:00,7,SELL,0.86,3.2,12,2.587,1.5,0.15,-0.96,-5.17,0
2025.01.27 07:45:00,7,SELL,0.54,4.16,3,3.324,1.5,4.92,-0.76,4.99,1
2025.01.27 11:05:00,11,BUY,0.88,3.7,3,3.888,1.5,0.2,-0.95,-7.77,0
2025.01.27 12:10:00,12,BUY,0.68,3.39,3,3.629,1.5,4.82,-0.25,5.45,1
2025.01.27 13:55:00,13,SELL,1.0,3.82,3,4.625,1.5,0.25,-0.79,-9.25,0
2025.01.27 14:45:00,14,SELL,0.74,3.77,3,6.115,1.5,0.28,-0.9,-12.23,0
2025.01.27 17:30:00,17,SELL,0.97,4.67,4,4.772,1.5,0.98,-0.73,6.91,1
2025.01.27 20:55:00,20,BUY,0.56,3.35,4,2.084,1.5,0.63,-1.52,-4.17,0
2025.01.28 07:45:00,7,SELL,0.81,3.56,10,1.938,1.5,-0.01,-0.89,-3.87,0
2025.01.28 08:45:00,8,SELL,0.81,4.54,3,3.193,1.5,5.42,-0.42,4.79,1
2025.01.28 10:20:00,10,BUY,0.57,2.02,3,2.679,1.5,1.01,-0.89,-2.68,0
2025.01.28 16:00:00,16,BUY,1.0,1.34,5,3.306,1.5,-0.02,-0.99,-6.61,0
2025.01.28 17:40:00,17,BUY,0.82,3.19,9,2.458,1.5,0.07,-0.9,-4.91,0
2025.01.29 07:55:00,7,SELL,0.52,3.58,6,2.094,1.5,4.83,-0.41,3.15,1
2025.01.29 12:35:00,12,SELL,0.53,3.04,3,2.271,1.5,0.08,-0.86,-4.54,0
2025.01.29 15:15:00,15,SELL,0.5,2.09,3,3.975,1.5,-0.01,-0.89,-7.95,0
2025.01.29 16:00:00,16,SELL,0.61,4.84,5,4.628,1.5,0.43,-0.82,-9.25,0
2025.01.29 17:30:00,17,SELL,0.84,2.84,8,3.333,1.5,0.63,-0.6,-6.67,0
2025.01.29 18:25:00,18,SELL,1.0,3.39,5,2.866,1.5,0.62,-0.38,-5.73,0
2025.01.29 19:35:00,19,SELL,0.78,3.2,6,4.659,1.5,-0.0,-0.99,-9.32,0
2025.01.30 09:20:00,9,BUY,1.0,3.32,5,2.971,1.5,0.73,-1.0,-5.95,0
2025.01.30 12:20:00,12,BUY,0.51,2.19,9,1.905,1.5,0.13,-0.92,-3.81,0
2025.01.30 13:20:00,13,BUY,0.76,3.9,4,2.385,1.5,0.8,-0.81,-4.77,0
2025.01.30 17:25:00,17,SELL,0.57,2.46,5,4.084,1.5,4.19,-0.18,2.56,1
2025.01.30 18:35:00,18,BUY,0.58,3.62,6,3.588,1.5,0.77,-0.92,-7.17,0
2025.01.31 07:10:00,7,SELL,1.0,2.61,3,2.4,1.5,5.21,-0.23,3.6,1
2025.01.31 10:20:00,10,SELL,0.94,1.98,17,2.773,1.5,5.19,-0.88,4.16,1
2025.01.31 15:25:00,15,BUY,1.0,4.77,3,4.486,1.5,4.72,-0.64,1.55,1
2025.01.31 16:45:00,16,SELL,0.61,2.45,4,3.825,1.5,0.65,-0.55,-7.65,0
2025.01.31 20:40:00,20,SELL,0.75,4.52,8,3.457,1.5,5.8,-0.23,2.89,1
2025.02.03 07:20:00,7,BUY,0.68,2.5,3,3.644,1.5,0.46,-0.92,-7.28,0
2025.02.03 13:35:00,13,BUY,1.0,1.64,3,4.595,1.5,0.15,-0.89,-9.19,0
2025.02.03 15:35:00,15,BUY,0.91,4.39,8,10.247,1.5,0.12,-0.81,-20.5,0
2025.02.03 16:40:00,16,BUY,1.0,2.54,7,7.803,1.5,1.0,-0.31,1.68,1
2025.02.03 20:20:00,20,BUY,1.0,4.09,30,2.349,1.5,9.94,-0.19,3.52,1
2025.02.04 07:05:00,7,SELL,0.97,3.48,8,2.636,1.5,0.54,-0.58,-5.27,0
2025.02.04 07:45:00,7,SELL,0.54,3.58,3,3.538,1.5,0.94,-0.4,10.61,1
2025.02.04 08:40:00,8,BUY,0.47,3.45,4,5.313,1.5,0.24,-0.96,-10.62,0
2025.02.04 10:10:00,10,BUY,1.0,3.19,4,3.307,1.5,4.6,-0.2,1.91,1
2025.02.04 15:25:00,15,BUY,1.0,2.06,3,5.447,1.5,5.21,-0.74,8.17,1
2025.02.04 17:20:00,17,BUY,1.0,2.67,22,3.598,1.5,0.11,-0.88,0.21,1
2025.02.04 20:40:00,20,SELL,0.61,2.7,3,2.085,1.5,1.19,-0.98,-1.69,0
2025.02.05 07:00:00,7,BUY,0.86,3.09,7,2.706,1.5,5.02,-0.06,4.06,1
2025.02.05 07:30:00,7,SELL,1.0,4.04,5,2.99,1.5,4.7,-0.23,4.49,1
2025.02.05 09:00:00,9,BUY,1.0,2.52,4,3.6,1.5,0.57,-0.89,-7.2,0
2025.02.05 10:05:00,10,BUY,1.0,1.5,5,3.753,1.5,0.41,-0.86,-7.51,0
2025.02.05 10:55:00,10,BUY,1.0,2.3,19,3.983,1.5,4.83,-0.87,2.15,1
2025.02.05 16:05:00,16,BUY,1.0,2.9,3,5.263,1.5,4.64,-0.1,7.89,1
2025.02.06 08:35:00,8,SELL,1.0,2.9,3,4.68,1.5,5.17,-0.08,7.02,1
2025.02.06 14:25:00,14,SELL,0.86,3.45,3,4.812,1.5,0.24,-0.97,-9.62,0
2025.02.06 18:25:00,18,BUY,0.65,2.56,4,2.666,1.5,0.09,-0.95,-5.33,0
2025.02.07 07:15:00,7,SELL,0.81,3.36,15,3.389,1.5,0.77,-0.38,10.16,1
2025.02.07 10:30:00,10,SELL,0.98,4.14,3,3.006,1.5,0.56,-0.99,-6.01,0
2025.02.07 16:00:00,16,BUY,0.54,3.84,3,6.302,1.5,1.01,-0.21,9.45,1
2025.02.07 18:55:00,18,BUY,1.0,4.64,8,3.624,1.5,0.45,-0.84,-1.05,0
2025.02.10 07:50:00,7,BUY,0.85,3.53,3,4.479,1.5,-0.0,-0.93,-8.96,0
2025.02.10 08:10:00,8,BUY,1.0,2.48,3,3.896,1.5,0.33,-0.64,-7.79,0
2025.02.10 10:35:00,10,BUY,0.59,4.82,5,3.682,1.5,0.07,-0.93,-7.36,0
2025.02.10 12:30:00,12,BUY,0.93,2.11,3,3.217,1.5,0.88,-0.97,-6.44,0
2025.02.10 13:40:00,13,BUY,1.0,2.31,24,5.288,1.5,1.0,-0.99,-5.29,0
2025.02.10 17:50:00,17,SELL,0.73,2.67,4,4.133,1.5,4.4,-0.09,3.34,1
2025.02.10 19:30:00,19,BUY,0.82,4.33,12,2.457,1.5,0.68,-0.85,-4.92,0
2025.02.11 07:00:00,7,SELL,0.92,2.14,25,4.763,1.5,0.02,-0.72,-9.53,0
2025.02.11 07:55:00,7,SELL,1.0,3.41,4,5.765,1.5,0.56,-0.89,-11.53,0
2025.02.11 13:30:00,13,SELL,1.0,4.66,3,7.537,1.5,3.52,-0.29,1.88,1
2025.02.11 14:25:00,14,BUY,0.56,2.5,3,7.466,1.5,0.83,-0.97,-14.94,0
2025.02.11 16:35:00,16,BUY,1.0,2.18,3,4.436,1.5,5.06,-0.17,2.4,1
2025.02.12 07:35:00,7,BUY,1.0,3.38,6,4.504,1.5,3.9,-0.55,2.34,1
2025.02.12 10:30:00,10,SELL,0.67,2.39,6,3.553,1.5,0.04,-0.66,-7.11,0
2025.02.12 10:55:00,10,SELL,1.0,3.78,3,4.918,1.5,0.08,-0.93,-9.83,0
2025.02.12 11:50:00,11,BUY,0.81,2.59,3,4.284,1.5,5.65,-0.78,6.43,1
2025.02.12 20:15:00,20,SELL,0.84,4.9,10,3.506,1.5,1.83,-0.16,10.52,1
2025.02.13 08:25:00,8,SELL,0.73,2.57,3,5.572,1.5,0.01,-0.72,-11.14,0
2025.02.13 11:10:00,11,BUY,0.84,2.27,5,3.266,1.5,0.37,-0.8,-6.53,0
2025.02.13 14:40:00,14,SELL,0.94,3.05,10,7.829,1.5,0.83,-0.2,5.06,1
2025.02.13 18:15:00,18,BUY,0.51,2.68,4,2.948,1.5,0.33,-0.74,-5.9,0
2025.02.13 20:50:00,20,BUY,1.0,2.55,6,2.611,1.5,0.07,-1.21,-5.23,0
2025.02.14 07:05:00,7,BUY,0.79,3.94,4,3.112,1.5,0.75,-0.85,-6.23,0
2025.02.14 10:15:00,10,BUY,0.5,3.68,9,2.607,1.5,-0.04,-0.95,-5.22,0
2025.02.14 10:50:00,10,BUY,0.66,3.52,3,2.943,1.5,5.02,-0.66,4.41,1
2025.02.14 12:20:00,12,SELL,0.98,3.74,7,3.307,1.5,0.17,-0.99,-6.62,0
2025.02.14 12:55:00,12,SELL,1.0,2.59,3,3.624,1.5,0.14,-0.97,-7.25,0
2025.02.14 13:20:00,13,SELL,1.0,2.61,3,3.826,1.5,4.44,-0.73,0.95,1
2025.02.14 19:05:00,19,SELL,0.99,2.77,6,3.702,1.5,0.18,-0.99,-7.4,0
2025.02.17 07:55:00,7,BUY,0.52,2.09,3,2.95,1.5,0.05,-0.74,-5.9,0
2025.02.17 08:10:00,8,BUY,1.0,2.36,3,3.3,1.5,5.93,-0.27,4.94,1
2025.02.17 10:50:00,10,SELL,1.0,3.89,4,3.351,1.5,4.64,-0.14,1.92,1
2025.02.17 12:35:00,12,SELL,1.0,3.44,4,3.194,1.5,5.05,-0.84,4.79,1
2025.02.18 07:15:00,7,BUY,1.0,2.35,20,2.856,1.5,5.83,-0.41,4.29,1
2025.02.18 09:05:00,9,BUY,1.0,2.14,5,3.148,1.5,4.22,-0.66,2.21,1
2025.02.18 13:10:00,13,BUY,0.96,3.92,5,3.038,1.5,0.33,-0.52,-6.08,0
2025.02.18 15:35:00,15,BUY,0.51,4.65,5,4.472,1.5,0.07,-0.98,-8.94,0
2025.02.18 17:50:00,17,BUY,1.0,4.62,12,2.675,1.5,0.61,-0.92,-5.35,0
2025.02.18 20:30:00,20,BUY,0.7,4.24,7,2.089,1.5,3.83,-3.54,0.52,1
2025.02.19 07:40:00,7,BUY,1.0,3.26,5,2.924,1.5,0.07,-0.91,-5.85,0
2025.02.19 13:05:00,13,SELL,0.82,4.97,13,4.73,1.5,0.42,-0.69,-9.46,0
2025.02.19 13:55:00,13,BUY,0.78,1.32,14,5.359,1.5,0.83,-0.98,-10.72,0
2025.02.19 15:25:00,15,SELL,1.0,2.61,12,6.372,1.5,0.52,-0.71,-12.75,0
2025.02.20 11:00:00,11,SELL,0.76,2.91,4,3.492,1.5,0.1,-0.9,-6.98,0
2025.02.20 12:05:00,12,SELL,0.52,3.38,3,2.72,1.5,0.48,-0.23,-5.44,0
2025.02.20 12:35:00,12,SELL,1.0,4.59,3,4.591,1.5,0.87,-0.84,-9.19,0
2025.02.20 17:05:00,17,BUY,1.0,4.05,8,4.173,1.5,0.28,-0.89,-8.35,0
2025.02.20 19:20:00,19,SELL,1.0,2.5,13,2.927,1.5,0.32,-0.98,-5.85,0
2025.02.21 07:30:00,7,BUY,0.64,2.5,4,2.81,1.5,0.91,-0.64,8.43,1
2025.02.21 11:45:00,11,BUY,0.65,3.91,4,3.26,1.5,5.05,-0.1,1.09,1
2025.02.21 13:45:00,13,SELL,1.0,3.01,3,4.474,1.5,4.82,-0.2,1.41,1
2025.02.21 15:00:00,15,BUY,1.0,3.27,3,5.825,1.5,4.62,-0.36,8.74,1
2025.02.21 18:00:00,18,BUY,0.73,2.4,3,3.203,1.5,0.55,-0.94,-6.41,0
2025.02.21 19:30:00,19,BUY,0.65,2.98,7,2.964,1.5,5.48,-0.45,4.44,1
2025.02.24 07:00:00,7,SELL,0.65,3.39,12,3.546,1.5,3.98,-0.17,5.32,1
2025.02.24 11:45:00,11,SELL,0.75,1.83,23,3.633,1.5,4.47,-0.12,5.45,1
2025.02.24 14:15:00,14,BUY,0.91,3.44,3,4.737,1.5,1.05,-0.09,7.1,1
2025.02.25 07:20:00,7,BUY,0.71,2.05,25,3.112,1.5,4.95,-0.34,4.67,1
2025.02.25 08:30:00,8,SELL,1.0,4.03,6,4.046,1.5,4.79,-0.21,6.07,1
2025.02.25 10:30:00,10,SELL,0.78,2.98,5,2.821,1.5,0.74,-0.83,-5.64,0
2025.02.25 14:45:00,14,BUY,0.57,1.28,30,4.984,1.5,4.51,-0.28,7.48,1
2025.02.26 07:10:00,7,SELL,1.0,2.61,7,3.727,1.5,4.6,-0.05,5.59,1
2025.02.26 08:05:00,8,BUY,0.93,3.27,3,4.19,1.5,4.45,-0.39,1.2,1
2025.02.26 11:05:00,11,SELL,1.0,1.74,14,2.914,1.5,0.61,-0.98,-5.82,0
2025.02.26 13:00:00,13,BUY,1.0,1.84,11,2.711,1.5,5.29,-0.47,0.95,1
2025.02.27 07:00:00,7,BUY,0.74,3.87,4,3.779,1.5,5.22,-0.74,5.67,1
2025.02.27 09:15:00,9,SELL,0.64,3.29,10,7.126,1.5,4.03,-0.2,4.45,1
2025.02.27 11:25:00,11,BUY,0.72,3.32,11,4.176,1.5,5.03,-0.16,6.26,1
2025.02.27 12:35:00,12,SELL,1.0,2.51,6,4.116,1.5,4.86,-0.35,6.17,1
2025.02.27 13:55:00,13,SELL,0.94,2.16,28,6.985,1.5,0.25,-0.89,-13.97,0
2025.02.27 17:45:00,17,BUY,0.51,2.78,3,3.471,1.5,-0.04,-0.97,-6.95,0
2025.02.28 07:00:00,7,BUY,1.0,2.07,21,3.083,1.5,5.4,-0.59,4.63,1
2025.02.28 09:05:00,9,SELL,0.5,2.87,9,4.528,1.5,4.71,-0.08,2.38,1
2025.02.28 09:50:00,9,SELL,0.87,2.95,29,4.699,1.5,0.73,-0.74,-9.4,0
2025.02.28 15:30:00,15,SELL,0.82,4.95,6,6.756,1.5,4.63,-0.47,10.14,1
2025.02.28 16:45:00,16,BUY,1.0,4.59,8,5.602,1.5,4.78,-0.68,8.4,1
2025.02.28 18:50:00,18,SELL,0.93,2.44,16,4.884,1.5,4.28,-0.79,3.31,1
2025.03.03 07:15:00,7,BUY,0.68,2.82,3,2.816,1.5,4.46,-0.19,0.74,1
2025.03.03 08:35:00,8,SELL,1.0,1.63,10,3.508,1.5,5.13,-0.09,5.26,1
2025.03.03 12:50:00,12,BUY,0.68,2.42,3,2.741,1.5,5.49,-0.47,4.11,1
2025.03.03 13:10:00,13,BUY,0.58,4.32,24,3.332,1.5,0.64,-0.93,-6.66,0
2025.03.03 13:45:00,13,BUY,0.43,1.7,20,5.516,1.5,0.3,-0.89,-11.03,0
2025.03.03 17:25:00,17,BUY,0.69,3.59,8,3.473,1.5,0.29,-0.93,-6.94,0
2025.03.03 18:55:00,18,SELL,0.93,2.72,3,3.749,1.5,0.38,-0.88,-7.5,0
2025.03.03 20:20:00,20,SELL,0.82,4.88,4,4.254,1.5,2.28,-0.76,6.38,1
2025.03.04 10:05:00,10,BUY,0.91,4.05,7,4.722,1.5,0.35,-0.97,-9.44,0
2025.03.04 13:25:00,13,BUY,0.91,3.51,4,4.308,1.5,5.55,-0.56,6.46,1
2025.03.04 17:55:00,17,BUY,0.73,4.9,9,3.389,1.5,4.52,-0.78,1.5,1
2025.03.04 19:00:00,19,SELL,1.0,3.75,6,3.236,1.5,4.67,-0.08,0.87,1
2025.03.04 19:20:00,19,SELL,0.65,3.5,6,3.475,1.5,4.11,-0.24,5.21,1
2025.03.04 20:55:00,20,BUY,0.59,5.0,7,3.069,1.5,0.96,-0.73,1.68,1
2025.03.05 11:10:00,11,SELL,1.0,4.0,3,4.096,1.5,4.18,-0.7,1.4,1
2025.03.05 12:45:00,12,BUY,0.68,3.28,4,3.862,1.5,4.85,-0.45,5.79,1
2025.03.05 14:55:00,14,SELL,1.0,1.14,22,8.071,1.5,4.48,-0.89,12.11,1
2025.03.05 17:00:00,17,BUY,0.6,4.25,4,6.13,1.5,4.3,-0.27,9.2,1
2025.03.06 07:20:00,7,BUY,1.0,4.65,16,2.826,1.5,4.81,-0.06,4.24,1
2025.03.06 10:20:00,10,SELL,0.78,4.95,5,5.002,1.5,5.73,-0.03,7.5,1
2025.03.06 10:40:00,10,SELL,1.0,2.02,20,5.099,1.5,4.34,-0.89,1.28,1
2025.03.06 13:40:00,13,SELL,1.0,1.96,14,7.107,1.5,4.5,-0.36,10.66,1
2025.03.06 15:25:00,15,BUY,0.85,4.07,5,7.047,1.5,0.28,-0.98,-14.09,0
2025.03.06 16:35:00,16,BUY,1.0,1.99,3,5.099,1.5,0.06,-0.92,-10.2,0
2025.03.06 17:55:00,17,BUY,1.0,1.51,14,3.908,1.5,0.39,-0.99,-7.82,0
2025.03.06 19:50:00,19,SELL,1.0,2.41,5,3.748,1.5,0.45,-0.98,-7.49,0
2025.03.07 07:30:00,7,BUY,1.0,4.0,12,3.079,1.5,0.04,-0.9,-6.16,0
2025.03.07 10:35:00,10,BUY,0.87,4.74,19,2.856,1.5,0.1,-0.74,-5.72,0
2025.03.07 11:10:00,11,SELL,0.86,3.02,10,3.345,1.5,0.51,-0.86,-6.68,0
2025.03.07 12:05:00,12,SELL,0.61,2.71,3,3.014,1.5,4.47,-0.33,1.31,1
2025.03.07 15:55:00,15,SELL,0.85,2.12,30,8.494,1.5,0.41,-0.95,-16.99,0
2025.03.07 20:15:00,20,SELL,0.54,1.87,4,3.672,1.5,4.12,-0.19,1.39,1
2025.03.10 07:45:00,7,BUY,0.97,2.22,3,2.738,1.5,5.19,-0.27,4.11,1
2025.03.10 13:25:00,13,BUY,0.66,2.39,9,5.272,1.5,3.96,-0.03,1.32,1
2025.03.10 13:55:00,13,SELL,0.47,2.91,27,6.088,1.5,4.44,-0.2,2.24,1
2025.03.10 14:50:00,14,BUY,0.88,1.44,20,6.648,1.5,4.8,-0.91,9.97,1
2025.03.10 18:40:00,18,SELL,0.6,4.54,7,5.85,1.5,0.46,-0.86,-11.7,0
2025.03.10 19:40:00,19,BUY,0.59,3.59,3,5.236,1.5,0.24,-0.94,0.63,1
2025.03.11 07:20:00,7,BUY,0.58,4.68,3,3.783,1.5,0.27,-0.95,-7.57,0
2025.03.11 11:00:00,11,BUY,0.54,2.24,3,2.72,1.5,0.44,-0.91,-5.45,0
2025.03.11 11:55:00,11,BUY,1.0,2.54,5,2.607,1.5,4.08,-0.38,0.65,1
2025.03.11 15:25:00,15,BUY,1.0,2.26,3,5.074,1.5,0.3,-0.98,-2.2,0
2025.03.11 18:55:00,18,BUY,1.0,2.97,21,2.784,1.5,0.3,-0.95,-5.57,0
2025.03.11 19:55:00,19,BUY,0.72,3.1,3,2.19,1.5,5.19,-0.13,3.28,1
2025.03.12 10:55:00,10,SELL,0.58,2.36,4,3.115,1.5,0.55,-0.93,9.34,1
2025.03.12 18:00:00,18,BUY,0.58,3.66,3,3.246,1.5,3.87,-0.47,4.87,1
2025.03.12 20:10:00,20,SELL,0.55,3.34,3,2.508,1.5,4.68,-0.94,3.76,1
2025.03.13 08:05:00,8,SELL,0.65,3.83,4,2.899,1.5,3.86,-0.15,4.34,1
2025.03.13 10:15:00,10,BUY,0.67,4.56,6,3.002,1.5,0.83,-0.9,-6.0,0
2025.03.13 12:00:00,12,BUY,0.8,2.7,4,2.74,1.5,0.0,-0.78,-5.48,0
2025.03.13 12:30:00,12,SELL,1.0,1.44,22,3.606,1.5,4.99,-0.08,1.45,1
2025.03.13 18:40:00,18,BUY,0.74,2.45,6,3.815,1.5,0.06,-0.95,-7.63,0
2025.03.14 07:45:00,7,BUY,1.0,2.21,22,3.635,1.5,0.14,-0.82,-7.27,0
2025.03.14 10:50:00,10,BUY,0.86,2.93,29,5.624,1.5,0.02,-0.89,-11.25,0
2025.03.14 12:30:00,12,BUY,1.0,1.85,11,4.228,1.5,0.99,-0.86,12.68,1
2025.03.14 13:50:00,13,SELL,0.89,3.75,3,6.038,1.5,0.05,-0.94,-12.08,0
2025.03.14 16:30:00,16,BUY,0.7,3.9,27,4.338,1.5,0.97,-0.8,5.1,1
2025.03.14 20:30:00,20,SELL,1.0,2.18,6,2.012,1.5,1.09,-0.33,3.01,1
2025.03.17 08:05:00,8,SELL,1.0,4.06,3,2.157,1.5,0.18,-0.95,-4.32,0
2025.03.17 11:55:00,11,BUY,0.66,4.15,7,2.714,1.5,5.93,-0.59,4.07,1
2025.03.17 14:05:00,14,SELL,0.44,3.32,14,5.932,1.5,4.35,-0.19,8.89,1
2025.03.17 18:45:00,18,BUY,0.89,3.09,5,2.024,1.5,0.52,-0.88,-4.05,0
2025.03.18 07:50:00,7,BUY,1.0,2.21,7,3.569,1.5,0.27,-0.99,-7.14,0
2025.03.18 11:55:00,11,BUY,0.71,3.81,3,3.298,1.5,0.16,-0.68,-6.59,0
2025.03.18 13:40:00,13,BUY,0.52,4.03,8,5.462,1.5,0.27,-0.95,-10.92,0
2025.03.18 14:35:00,14,SELL,0.71,3.01,3,7.544,1.5,0.94,-0.62,1.54,1
2025.03.18 17:55:00,17,BUY,0.53,3.85,17,3.152,1.5,-0.03,-0.97,-6.31,0
2025.03.19 07:15:00,7,BUY,0.73,2.87,16,5.73,1.5,4.12,-0.39,8.6,1
2025.03.19 09:25:00,9,SELL,0.61,4.92,4,4.284,1.5,4.58,-0.15,6.43,1
2025.03.19 12:30:00,12,BUY,0.76,3.66,12,2.946,1.5,0.27,-0.97,-5.89,0
2025.03.19 14:35:00,14,SELL,0.54,2.93,3,5.317,1.5,3.53,-0.57,7.98,1
2025.03.19 16:40:00,16,BUY,0.63,4.78,3,3.253,1.5,3.82,-0.26,0.82,1
2025.03.19 17:45:00,17,BUY,0.72,3.68,28,3.084,1.5,0.36,-0.17,-6.16,0
2025.03.19 19:30:00,19,BUY,1.0,3.08,10,6.643,1.5,0.01,-0.99,-13.29,0
2025.03.20 07:00:00,7,SELL,0.78,4.31,14,3.31,1.5,-0.05,-0.6,-6.62,0
2025.03.20 08:40:00,8,SELL,0.62,4.96,3,3.225,1.5,-0.05,-0.9,-6.45,0
2025.03.20 09:50:00,9,BUY,0.63,2.55,5,3.343,1.5,4.81,-0.22,5.01,1
2025.03.20 13:05:00,13,BUY,0.77,3.98,3,3.951,1.5,5.28,-0.36,5.93,1
2025.03.21 07:50:00,7,BUY,0.41,1.81,4,4.208,1.5,0.83,-1.0,-3.52,0
2025.03.21 11:30:00,11,SELL,1.0,2.91,6,2.766,1.5,4.8,-0.57,4.15,1
2025.03.21 12:00:00,12,BUY,1.0,3.63,3,3.669,1.5,0.05,-0.82,-7.34,0
2025.03.21 12:35:00,12,BUY,0.43,2.28,5,4.658,1.5,4.58,-0.83,6.99,1
2025.03.21 17:35:00,17,BUY,0.68,2.91,4,3.111,1.5,0.75,-0.99,-6.22,0
2025.03.24 09:40:00,9,BUY,0.95,4.64,6,3.28,1.5,4.21,-0.11,0.9,1
2025.03.24 10:50:00,10,BUY,0.59,4.84,4,3.805,1.5,3.49,-0.42,2.0,1
2025.03.24 12:20:00,12,SELL,0.53,3.9,8,2.523,1.5,0.65,-0.84,-5.05,0
2025.03.24 13:25:00,13,SELL,0.81,3.03,6,3.602,1.5,0.06,-0.93,-7.2,0
2025.03.24 14:15:00,14,SELL,1.0,3.42,6,4.682,1.5,0.02,-0.92,-9.36,0
2025.03.24 16:15:00,16,BUY,1.0,2.55,7,4.261,1.5,4.11,-0.14,1.53,1
2025.03.24 17:05:00,17,SELL,1.0,4.62,24,3.208,1.5,0.12,-0.99,-6.42,0
2025.03.24 18:35:00,18,SELL,0.92,4.21,5,3.096,1.5,4.94,-0.42,4.64,1
2025.03.25 08:15:00,8,SELL,0.98,3.36,4,3.086,1.5,5.66,-0.28,4.63,1
2025.03.25 14:25:00,14,BUY,0.97,4.58,4,5.712,1.5,4.73,-0.49,8.57,1
2025.03.26 07:20:00,7,BUY,0.83,2.66,3,2.286,1.5,0.34,-0.97,-4.58,0
2025.03.26 08:15:00,8,BUY,0.85,4.38,3,2.706,1.5,4.66,-0.08,4.06,1
2025.03.26 15:00:00,15,BUY,1.0,2.68,3,4.384,1.5,4.29,-0.04,1.09,1
2025.03.26 18:40:00,18,BUY,1.0,3.18,7,2.391,1.5,4.38,-0.62,1.32,1
2025.03.27 08:35:00,8,BUY,0.72,4.36,3,3.382,1.5,0.23,-1.0,-6.77,0
2025.03.27 12:15:00,12,SELL,1.0,3.23,10,3.711,1.5,0.2,-0.96,-7.42,0
2025.03.27 14:05:00,14,SELL,0.69,4.51,5,7.274,1.5,4.45,-0.39,10.91,1
2025.03.27 17:05:00,17,SELL,0.78,2.79,3,4.053,1.5,4.14,-0.76,6.07,1
2025.03.28 07:30:00,7,BUY,0.58,3.46,5,3.445,1.5,5.93,-0.1,1.92,1
2025.03.28 09:55:00,9,BUY,0.64,3.27,3,3.537,1.5,5.13,-0.51,1.97,1
2025.03.28 14:30:00,14,BUY,0.64,3.23,5,9.573,1.5,0.91,-0.99,-19.15,0
2025.03.28 20:00:00,20,BUY,0.56,1.69,4,2.247,1.5,-0.07,-0.87,-4.49,0
2025.03.31 08:20:00,8,BUY,0.99,3.1,3,4.832,1.5,4.11,-0.68,7.25,1
2025.03.31 13:10:00,13,SELL,1.0,1.71,20,6.445,1.5,0.64,-0.97,-12.89,0
2025.03.31 14:00:00,14,SELL,0.92,4.42,3,8.702,1.5,4.35,-0.32,13.05,1
2025.03.31 15:35:00,15,BUY,0.87,4.54,5,6.316,1.5,4.79,-0.1,3.07,1
2025.03.31 17:50:00,17,SELL,0.73,2.41,4,3.213,1.5,4.55,-0.35,4.82,1
2025.03.31 20:20:00,20,BUY,0.92,2.63,4,2.615,1.5,-0.06,-0.87,-5.23,0
2025.04.01 08:10:00,8,SELL,1.0,1.76,13,5.523,1.5,0.91,-0.83,-4.77,0
2025.04.01 11:45:00,11,SELL,0.98,2.48,4,4.707,1.5,0.09,-0.91,-9.41,0
2025.04.01 13:20:00,13,BUY,0.8,2.44,3,4.472,1.5,4.75,-0.19,1.12,1
2025.04.01 14:50:00,14,SELL,0.57,2.9,6,7.086,1.5,0.41,-0.9,-14.17,0
2025.04.01 18:25:00,18,BUY,1.0,2.0,3,3.316,1.5,0.08,-0.88,-6.63,0
2025.04.01 19:20:00,19,BUY,1.0,2.56,10,3.139,1.5,-0.02,-0.85,-6.28,0
2025.04.02 07:15:00,7,SELL,0.87,3.69,21,4.406,1.5,4.49,-0.08,6.61,1
2025.04.02 09:15:00,9,BUY,0.89,4.05,6,4.551,1.5,4.29,-0.61,6.83,1
2025.04.02 11:40:00,11,BUY,1.0,1.76,3,6.265,1.5,0.42,-0.77,-12.53,0
2025.04.02 15:25:00,15,BUY,0.42,3.61,22,6.303,1.5,0.16,-0.96,-12.6,0
2025.04.02 16:50:00,16,BUY,0.89,4.21,5,3.838,1.5,5.17,-0.8,5.76,1
2025.04.02 17:45:00,17,SELL,1.0,2.66,29,4.753,1.5,0.46,-0.96,-9.51,0
2025.04.02 18:45:00,18,SELL,0.64,3.34,3,3.934,1.5,4.42,-0.49,1.44,1
2025.04.02 20:00:00,20,BUY,0.61,3.21,5,2.917,1.5,0.19,-0.34,8.75,1
2025.04.03 07:55:00,7,SELL,1.0,2.54,26,6.798,1.5,0.55,-0.7,-13.6,0
2025.04.03 13:25:00,13,SELL,1.0,3.3,3,13.936,1.5,5.69,-0.37,20.9,1
2025.04.03 13:45:00,13,SELL,0.95,4.11,13,15.067,1.5,1.36,-0.18,22.6,1
2025.04.03 18:30:00,18,SELL,0.6,4.15,12,4.608,1.5,4.68,-0.65,6.91,1
2025.04.03 19:30:00,19,BUY,0.67,4.15,3,4.7,1.5,4.62,-0.06,1.42,1
2025.04.04 11:40:00,11,BUY,1.0,3.92,6,16.357,1.5,1.17,-0.04,4.09,1
2025.04.04 17:20:00,17,BUY,0.44,3.57,8,10.746,1.5,0.76,-0.83,-21.5,0
2025.04.04 20:35:00,20,BUY,0.67,2.0,4,6.202,1.5,1.25,-0.65,15.55,1
2025.04.07 07:00:00,7,SELL,1.0,4.61,7,10.179,1.5,0.07,-0.82,-20.35,0
2025.04.07 07:25:00,7,SELL,1.0,2.55,3,12.078,1.5,0.82,-0.81,7.82,1
2025.04.07 13:20:00,13,SELL,0.52,2.71,8,10.857,1.5,0.36,-0.84,-21.71,0
2025.04.07 14:00:00,14,SELL,1.0,3.88,4,12.718,1.5,4.85,-0.36,19.08,1
2025.04.07 17:25:00,17,SELL,0.71,4.19,3,10.532,1.5,0.1,-0.58,-21.06,0
2025.04.08 07:05:00,7,BUY,0.84,3.97,5,5.896,1.5,5.19,-0.86,1.94,1
2025.04.08 08:20:00,8,SELL,0.51,3.44,4,6.473,1.5,0.23,-0.94,-12.95,0
2025.04.08 09:40:00,9,SELL,1.0,3.55,3,6.547,1.5,4.35,-0.14,9.82,1
2025.04.08 11:40:00,11,BUY,1.0,2.07,4,4.744,1.5,0.33,-0.79,-9.48,0
2025.04.08 12:20:00,12,BUY,1.0,2.88,5,6.452,1.5,5.28,-0.05,9.67,1
2025.04.08 13:40:00,13,SELL,0.54,3.08,9,9.709,1.5,0.77,-0.98,-19.42,0
2025.04.08 18:45:00,18,BUY,1.0,3.37,3,6.764,1.5,4.53,-0.22,5.01,1
2025.04.08 19:50:00,19,SELL,1.0,2.85,6,5.855,1.5,0.72,-0.71,-11.71,0
2025.04.08 20:20:00,20,SELL,1.0,1.85,9,5.88,1.5,0.88,-0.44,17.64,1
2025.04.09 08:00:00,8,BUY,1.0,4.51,10,9.485,1.5,0.3,-0.74,-18.97,0
2025.04.09 12:15:00,12,BUY,1.0,2.1,3,12.248,1.5,4.7,-0.39,18.37,1
2025.04.09 14:35:00,14,BUY,1.0,2.69,3,10.582,1.5,4.19,-0.32,5.23,1
2025.04.09 17:10:00,17,BUY,0.64,3.1,11,6.944,1.5,0.1,-0.99,-13.89,0
2025.04.09 18:50:00,18,SELL,0.61,2.91,7,16.337,1.5,1.44,-0.19,24.5,1
2025.04.10 07:50:00,7,SELL,1.0,4.33,3,6.855,1.5,0.37,-0.94,-13.71,0
2025.04.10 09:25:00,9,SELL,0.52,2.65,3,6.853,1.5,4.96,-0.65,10.27,1
2025.04.10 10:45:00,10,BUY,0.62,3.55,4,6.565,1.5,0.48,-0.93,-13.13,0
2025.04.10 12:35:00,12,BUY,1.0,2.39,6,7.455,1.5,4.57,-0.05,1.87,1
2025.04.10 14:00:00,14,BUY,0.71,1.94,30,10.576,1.5,-0.0,-0.69,-21.15,0
2025.04.10 17:20:00,17,SELL,0.61,3.25,3,8.496,1.5,4.13,-0.26,12.75,1
2025.04.11 07:00:00,7,BUY,0.55,3.12,4,10.865,1.5,0.29,-0.97,-21.73,0
2025.04.11 07:15:00,7,SELL,0.53,2.08,25,11.162,1.5,5.33,-0.81,7.27,1
2025.04.11 08:35:00,8,BUY,0.76,4.59,3,8.813,1.5,0.28,-0.9,-17.62,0
2025.04.11 09:35:00,9,SELL,1.0,1.3,4,8.604,1.5,4.81,-0.03,12.91,1
2025.04.11 11:05:00,11,SELL,0.48,1.5,19,10.39,1.5,4.17,-0.61,15.59,1
2025.04.11 14:25:00,14,BUY,0.45,1.69,15,16.0,1.5,0.27,-0.92,-16.0,0
2025.04.11 16:20:00,16,BUY,1.0,1.87,3,5.8,1.5,5.2,-0.5,8.7,1
2025.04.11 16:40:00,16,BUY,0.8,4.9,15,6.182,1.5,5.47,-0.57,9.28,1
2025.04.11 18:55:00,18,BUY,1.0,2.84,4,4.408,1.5,5.84,-0.53,6.61,1
2025.04.14 07:35:00,7,BUY,1.0,3.31,14,4.807,1.5,5.32,-0.29,2.33,1
2025.04.14 11:05:00,11,SELL,0.7,4.63,6,7.565,1.5,4.04,-0.27,5.07,1
2025.04.14 13:30:00,13,SELL,0.55,2.82,3,11.409,1.5,0.94,-0.91,-0.16,0
2025.04.14 17:55:00,17,BUY,1.0,3.37,4,4.309,1.5,4.43,-0.49,6.46,1
2025.04.14 19:00:00,19,SELL,0.88,4.85,5,4.869,1.5,1.15,-0.18,3.75,1
2025.04.15 10:10:00,10,SELL,0.68,3.97,3,3.823,1.5,0.26,-0.92,-7.65,0
2025.04.15 11:05:00,11,SELL,0.51,2.87,3,4.447,1.5,0.02,-0.98,-8.89,0
2025.04.15 12:00:00,12,SELL,0.96,3.02,3,4.251,1.5,4.58,-0.2,2.47,1
2025.04.15 14:40:00,14,BUY,1.0,1.99,19,7.007,1.5,0.86,-0.61,-7.11,0
2025.04.15 20:40:00,20,BUY,0.59,3.88,7,3.368,1.5,0.51,-0.9,-6.74,0
2025.04.16 09:30:00,9,BUY,1.0,1.58,3,12.025,1.5,1.0,-0.71,-1.91,0
2025.04.16 18:00:00,18,BUY,1.0,2.95,5,5.003,1.5,0.31,-1.0,-10.01,0
2025.04.16 19:55:00,19,SELL,0.65,1.82,3,4.528,1.5,0.19,-0.78,-9.06,0
2025.04.16 20:25:00,20,SELL,1.0,2.29,3,4.342,1.5,5.47,-0.31,6.51,1
2025.04.17 07:40:00,7,SELL,0.62,4.14,4,7.894,1.5,0.35,-1.0,-15.78,0
2025.04.17 10:55:00,10,BUY,0.69,4.86,6,4.725,1.5,0.16,-0.9,-9.45,0
2025.04.17 12:00:00,12,SELL,1.0,2.35,4,5.495,1.5,0.95,-0.04,16.49,1
2025.04.17 12:35:00,12,SELL,1.0,1.97,14,8.445,1.5,0.45,-0.97,-16.89,0
2025.04.17 19:35:00,19,SELL,0.64,2.61,10,4.027,1.5,4.62,-0.12,1.15,1
2025.04.21 08:35:00,8,BUY,0.73,4.59,15,5.155,1.5,0.23,-0.97,-10.31,0
2025.04.21 10:05:00,10,BUY,1.0,2.34,8,3.926,1.5,0.19,-0.84,-7.85,0
2025.04.21 11:25:00,11,SELL,1.0,4.02,3,4.577,1.5,5.27,-0.58,6.86,1
2025.04.21 13:35:00,13,BUY,0.96,4.88,6,9.476,1.5,0.22,-0.74,-18.95,0
2025.04.21 14:40:00,14,BUY,0.59,3.49,6,12.563,1.5,4.14,-0.49,8.84,1
2025.04.21 17:25:00,17,SELL,0.65,3.0,4,5.886,1.5,4.87,-0.26,8.82,1
2025.04.21 19:25:00,19,BUY,0.97,2.58,4,4.091,1.5,5.22,-0.06,6.13,1
2025.04.21 19:35:00,19,BUY,1.0,3.78,13,4.171,1.5,0.92,-0.98,-8.35,0
2025.04.22 07:35:00,7,SELL,0.96,3.94,5,13.361,1.5,0.49,-0.94,-26.72,0
2025.04.22 10:55:00,10,SELL,1.0,1.28,13,9.061,1.5,1.03,-0.89,-9.06,0
2025.04.22 14:35:00,14,SELL,0.53,4.01,10,20.507,1.5,0.06,-0.91,-20.5,0
2025.04.22 19:55:00,19,SELL,0.59,3.44,4,9.714,1.5,0.68,-0.29,-19.43,0
2025.04.23 07:25:00,7,SELL,0.53,4.62,6,12.933,1.5,4.17,-0.08,3.25,1
2025.04.23 15:05:00,15,BUY,0.63,2.51,3,17.329,1.5,0.94,-0.84,-17.33,0
2025.04.23 18:55:00,18,BUY,0.96,2.77,8,5.755,1.5,-0.03,-0.95,-11.51,0
2025.04.23 20:45:00,20,SELL,0.82,3.46,3,6.028,1.5,0.99,-0.38,18.09,1
2025.04.24 07:25:00,7,BUY,0.9,4.18,3,10.275,1.5,0.54,-1.0,-20.55,0
2025.04.24 16:30:00,16,BUY,1.0,3.74,4,6.903,1.5,0.89,-0.9,-13.81,0
2025.04.24 18:35:00,18,BUY,0.66,2.68,5,4.236,1.5,0.7,-0.94,-8.47,0
2025.04.25 07:45:00,7,BUY,0.52,3.36,5,7.982,1.5,4.75,-0.46,11.97,1
2025.04.25 08:40:00,8,SELL,0.64,3.83,4,7.57,1.5,0.93,-0.97,-15.14,0
2025.04.25 12:40:00,12,BUY,1.0,2.43,3,8.655,1.5,0.73,-0.37,25.97,1
2025.04.25 14:40:00,14,BUY,1.0,1.51,3,11.147,1.5,3.63,-0.08,4.25,1
2025.04.25 15:40:00,15,SELL,0.77,2.68,4,7.033,1.5,4.71,-0.32,3.7,1
2025.04.25 18:25:00,18,BUY,1.0,1.7,4,5.686,1.5,1.01,-0.97,-5.69,0
2025.04.28 13:05:00,13,BUY,0.44,2.99,7,7.184,1.5,1.08,-0.94,-7.18,0
2025.04.28 15:30:00,15,BUY,1.0,2.19,3,10.016,1.5,0.93,-0.95,-20.03,0
2025.04.28 17:20:00,17,BUY,1.0,2.3,8,6.019,1.5,0.14,-1.0,-12.04,0
2025.04.28 17:55:00,17,BUY,0.51,2.33,4,5.235,1.5,0.35,-0.83,-10.47,0
2025.04.28 19:40:00,19,BUY,0.59,2.01,7,4.716,1.5,5.09,-0.97,2.94,1
2025.04.29 10:10:00,10,SELL,0.61,4.65,11,5.335,1.5,0.02,-0.79,-10.67,0
2025.04.29 10:35:00,10,SELL,1.0,2.82,4,5.758,1.5,0.84,-0.91,-11.52,0
2025.04.29 13:10:00,13,BUY,1.0,1.18,25,8.202,1.5,5.31,-0.95,12.3,1
2025.04.29 15:05:00,15,BUY,0.5,3.77,18,8.132,1.5,1.03,-1.0,-8.13,0
2025.04.29 18:30:00,18,SELL,0.61,3.93,6,5.268,1.5,4.46,-0.31,1.89,1
2025.04.29 19:20:00,19,BUY,1.0,3.07,3,4.584,1.5,3.94,-0.65,1.47,1
2025.04.30 09:30:00,9,SELL,0.53,2.8,3,6.767,1.5,0.54,-0.72,-13.54,0
2025.04.30 10:35:00,10,SELL,0.58,4.28,3,6.147,1.5,-0.01,-0.89,-12.3,0
2025.04.30 11:15:00,11,SELL,1.0,3.57,3,6.132,1.5,0.88,-0.7,-12.27,0
2025.04.30 13:55:00,13,BUY,0.92,2.79,3,12.138,1.5,4.65,-0.31,6.91,1
2025.04.30 14:55:00,14,SELL,1.0,2.9,5,12.538,1.5,0.79,-0.46,8.09,1
2025.04.30 18:05:00,18,SELL,0.74,4.11,28,5.214,1.5,0.25,-0.98,-10.42,0
2025.04.30 19:05:00,19,SELL,1.0,2.37,8,5.168,1.5,0.19,-0.97,-10.34,0
2025.05.01 07:10:00,7,BUY,0.76,4.83,13,7.163,1.5,4.44,-0.93,6.31,1
2025.05.01 12:35:00,12,SELL,0.79,4.22,27,9.388,1.5,4.07,-0.31,2.35,1
2025.05.01 17:30:00,17,BUY,1.0,3.29,7,5.918,1.5,3.97,-0.1,1.48,1
2025.05.01 20:30:00,20,BUY,0.52,4.66,3,4.956,1.5,0.09,-0.98,-9.91,0
2025.05.02 07:15:00,7,BUY,1.0,1.76,20,6.398,1.5,0.21,-0.97,-12.8,0
2025.05.02 07:55:00,7,BUY,0.76,3.31,4,6.208,1.5,0.41,-0.92,-12.42,0
2025.05.02 10:50:00,10,SELL,1.0,2.15,22,5.035,1.5,4.62,-0.31,7.55,1
2025.05.02 12:00:00,12,BUY,0.67,3.99,3,4.907,1.5,0.97,-0.49,14.72,1
2025.05.02 15:20:00,15,BUY,1.0,2.55,5,9.443,1.5,5.02,-0.1,14.16,1
2025.05.02 17:10:00,17,SELL,0.69,2.73,3,8.681,1.5,4.41,-0.02,3.53,1
2025.05.02 18:55:00,18,SELL,0.57,1.75,3,5.988,1.5,4.53,-0.3,8.98,1
2025.05.05 07:05:00,7,BUY,1.0,2.43,5,5.502,1.5,0.38,-0.95,-11.01,0
2025.05.05 08:10:00,8,BUY,0.63,2.65,4,4.911,1.5,0.09,-1.0,-9.82,0
2025.05.05 10:35:00,10,BUY,1.0,2.21,3,7.987,1.5,0.27,-0.96,-15.97,0
2025.05.05 13:00:00,13,BUY,1.0,1.96,3,5.968,1.5,4.98,-0.29,2.15,1
2025.05.05 13:50:00,13,SELL,0.68,2.55,3,6.346,1.5,0.26,-0.63,-12.69,0
2025.05.05 15:20:00,15,SELL,1.0,1.99,3,8.079,1.5,0.6,-0.97,9.17,1
2025.05.06 11:40:00,11,SELL,0.59,3.26,28,4.914,1.5,0.68,-0.98,0.64,1
2025.05.06 13:45:00,13,BUY,0.82,2.57,4,8.362,1.5,4.92,-0.72,12.55,1
2025.05.06 15:55:00,15,BUY,1.0,2.79,26,6.16,1.5,0.09,-0.88,-12.32,0
2025.05.06 17:55:00,17,BUY,0.63,3.24,7,5.963,1.5,0.44,-0.97,-11.92,0
2025.05.06 20:25:00,20,BUY,1.0,4.45,4,3.845,1.5,-0.04,-1.0,-7.69,0
2025.05.07 07:35:00,7,BUY,0.52,4.4,17,6.846,1.5,4.87,-0.63,3.35,1
2025.05.07 12:35:00,12,BUY,1.0,2.45,5,6.958,1.5,1.13,-0.99,-6.96,0
2025.05.07 15:20:00,15,BUY,0.61,2.17,4,8.263,1.5,0.79,-0.99,-16.52,0
2025.05.07 18:20:00,18,BUY,0.84,3.06,3,8.089,1.5,4.89,-0.35,12.14,1
2025.05.07 19:55:00,19,SELL,1.0,3.74,8,10.905,1.5,0.0,-0.99,-21.81,0
2025.05.08 09:05:00,9,SELL,1.0,1.49,3,5.964,1.5,0.54,-0.96,-11.93,0
2025.05.08 14:00:00,14,BUY,1.0,3.23,9,9.434,1.5,1.01,-0.75,14.15,1
2025.05.08 17:00:00,17,BUY,0.77,1.42,3,11.156,1.5,4.43,-0.09,4.26,1
2025.05.08 19:15:00,19,SELL,0.51,3.34,21,4.57,1.5,-0.02,-0.97,-9.14,0
2025.05.09 07:30:00,7,BUY,0.95,4.43,28,6.871,1.5,0.09,-1.0,-13.74,0
2025.05.09 08:45:00,8,SELL,0.98,3.21,6,5.599,1.5,4.12,-0.52,2.46,1
2025.05.09 11:35:00,11,BUY,0.7,1.22,28,6.695,1.5,0.18,-0.78,-13.39,0
2025.05.09 18:15:00,18,SELL,1.0,1.76,13,4.348,1.5,0.24,-0.89,-8.69,0
2025.05.09 20:40:00,20,BUY,1.0,1.42,3,3.448,1.5,1.04,-0.2,5.18,1
2025.05.12 09:05:00,9,BUY,0.79,2.63,5,9.249,1.5,4.04,-0.35,13.88,1
2025.05.12 10:35:00,10,SELL,0.79,1.94,3,8.283,1.5,4.73,-0.99,12.43,1
2025.05.12 12:10:00,12,BUY,0.92,3.15,3,8.696,1.5,0.23,-0.6,-17.4,0
2025.05.12 12:40:00,12,BUY,1.0,2.8,4,8.798,1.5,0.11,-0.97,-17.6,0
2025.05.12 13:35:00,13,BUY,0.7,4.5,6,9.003,1.5,0.28,-0.96,-18.01,0
2025.05.12 17:25:00,17,SELL,0.62,2.98,3,5.494,1.5,4.31,-0.98,8.24,1
2025.05.13 07:25:00,7,BUY,0.8,4.38,7,6.846,1.5,4.16,-0.48,3.96,1
2025.05.13 09:20:00,9,SELL,0.96,3.53,10,4.51,1.5,-0.04,-0.91,-9.02,0
2025.05.13 10:35:00,10,BUY,0.67,2.15,3,4.187,1.5,0.62,-0.82,-8.37,0
2025.05.13 14:20:00,14,SELL,0.63,4.05,4,9.051,1.5,4.3,-0.34,13.57,1
2025.05.13 18:00:00,18,SELL,0.93,4.49,7,4.209,1.5,4.18,-0.36,6.32,1
2025.05.13 20:50:00,20,BUY,0.96,3.73,4,3.298,1.5,0.55,-0.9,-6.6,0
2025.05.14 07:00:00,7,BUY,0.95,4.92,11,5.26,1.5,0.83,-0.94,-10.52,0
2025.05.14 09:20:00,9,SELL,0.43,2.85,26,7.11,1.5,4.16,-0.34,3.68,1
2025.05.14 19:20:00,19,SELL,1.0,4.33,4,4.417,1.5,5.05,-0.27,6.63,1
2025.05.15 07:15:00,7,SELL,0.74,3.6,29,10.113,1.5,0.07,-0.99,-20.23,0
2025.05.15 13:30:00,13,BUY,0.99,3.65,3,9.427,1.5,0.42,-0.86,-18.85,0
2025.05.15 17:35:00,17,BUY,0.72,4.76,6,4.892,1.5,0.99,-0.97,-9.78,0
2025.05.16 07:05:00,7,BUY,0.5,3.49,26,8.365,1.5,4.31,-0.67,12.55,1
2025.05.16 08:30:00,8,SELL,0.77,4.89,3,7.052,1.5,1.01,-0.81,-7.06,0
2025.05.16 16:05:00,16,BUY,1.0,2.69,24,6.397,1.5,0.6,-0.88,-12.79,0
2025.05.16 17:20:00,17,BUY,0.73,3.83,3,4.811,1.5,0.54,-0.95,-9.62,0
2025.05.16 19:05:00,19,SELL,1.0,2.3,5,4.415,1.5,4.72,-0.08,6.62,1
2025.05.16 20:30:00,20,BUY,1.0,4.41,5,4.773,1.5,0.06,-0.83,-9.55,0
2025.05.19 08:05:00,8,BUY,1.0,2.47,3,5.866,1.5,-0.03,-0.97,-11.73,0
2025.05.19 08:40:00,8,BUY,1.0,2.5,5,6.317,1.5,-0.0,-0.92,-12.64,0
2025.05.19 09:15:00,9,BUY,1.0,4.12,3,5.975,1.5,4.35,-0.16,1.49,1
2025.05.19 10:35:00,10,BUY,1.0,1.39,8,5.796,1.5,0.1,-0.97,-11.59,0
2025.05.19 13:15:00,13,SELL,0.85,3.71,3,7.312,1.5,0.49,-0.8,-14.63,0
2025.05.19 17:30:00,17,SELL,0.61,3.12,4,3.808,1.5,0.63,-0.76,-7.62,0
2025.05.20 07:20:00,7,SELL,0.58,4.0,4,4.944,1.5,4.98,-0.2,7.41,1
2025.05.20 10:35:00,10,SELL,0.82,2.28,3,3.888,1.5,4.1,-0.4,1.01,1
2025.05.20 15:25:00,15,SELL,0.61,2.39,4,8.755,1.5,0.98,-0.46,15.71,1
2025.05.20 20:30:00,20,BUY,0.63,4.32,4,3.421,1.5,0.33,-0.75,-6.84,0
2025.05.21 07:05:00,7,BUY,0.81,2.58,5,6.452,1.5,4.83,-0.09,9.68,1
2025.05.21 08:40:00,8,SELL,0.91,3.64,6,5.463,1.5,4.05,-0.51,8.2,1
2025.05.21 10:50:00,10,BUY,1.0,1.87,16,4.692,1.5,0.07,-0.95,-9.39,0
2025.05.21 11:30:00,11,SELL,1.0,2.6,4,5.312,1.5,0.07,-0.98,-10.63,0
2025.05.21 12:50:00,12,SELL,0.92,4.44,5,8.655,1.5,4.4,-0.04,2.17,1
2025.05.21 16:25:00,16,BUY,1.0,1.82,3,4.399,1.5,0.96,-0.08,13.2,1
2025.05.21 19:55:00,19,BUY,1.0,4.42,9,4.762,1.5,4.32,-0.1,2.03,1
2025.05.22 11:15:00,11,SELL,1.0,3.74,3,8.254,1.5,4.43,-0.24,12.38,1
2025.05.22 17:35:00,17,BUY,0.91,2.6,19,5.436,1.5,0.58,-0.52,-10.87,0
2025.05.22 19:40:00,19,SELL,1.0,3.75,3,3.82,1.5,0.03,-0.96,-7.64,0
2025.05.23 07:05:00,7,BUY,0.89,2.23,4,6.012,1.5,0.26,-0.8,-12.03,0
2025.05.23 08:55:00,8,SELL,1.0,2.4,6,5.021,1.5,4.0,-0.21,7.53,1
2025.05.23 09:30:00,9,BUY,1.0,2.0,21,5.069,1.5,4.8,-0.37,7.61,1
2025.05.23 10:35:00,10,BUY,0.78,3.74,14,4.788,1.5,0.07,-0.98,-9.58,0
2025.05.23 13:10:00,13,BUY,0.88,1.97,6,12.748,1.5,4.76,-0.31,6.67,1
2025.05.23 15:15:00,15,BUY,1.0,3.25,27,7.678,1.5,0.64,-0.98,-15.35,0
2025.05.23 19:10:00,19,BUY,1.0,1.0,8,3.471,1.5,5.49,-0.35,1.81,1
2025.05.23 20:15:00,20,SELL,0.6,4.21,5,3.125,1.5,0.03,-0.91,-6.25,0
2025.05.23 20:55:00,20,SELL,0.45,2.65,3,3.635,1.5,-0.01,-0.66,-7.27,0
2025.05.26 08:00:00,8,SELL,0.99,4.08,9,4.872,1.5,0.43,-0.83,-9.75,0
2025.05.26 08:45:00,8,SELL,1.0,1.35,14,4.974,1.5,0.37,-0.84,-9.95,0
2025.05.26 09:40:00,9,SELL,1.0,3.83,3,5.798,1.5,0.95,-0.56,4.28,1
2025.05.26 13:45:00,13,BUY,1.0,3.0,4,4.289,1.5,0.09,-0.89,-8.58,0
2025.05.26 15:10:00,15,SELL,0.54,1.65,3,4.313,1.5,4.14,-0.17,3.62,1
2025.05.26 17:20:00,17,BUY,0.93,4.49,8,2.393,1.5,0.29,-0.33,-4.78,0
2025.05.27 08:40:00,8,SELL,0.69,3.53,9,9.345,1.5,0.73,-0.89,-18.69,0
2025.05.27 10:40:00,10,SELL,1.0,2.5,5,6.343,1.5,0.28,-0.95,-12.69,0
2025.05.27 12:15:00,12,SELL,0.77,2.15,16,5.34,1.5,5.6,-0.54,8.01,1
2025.05.27 13:55:00,13,BUY,0.67,2.03,9,6.928,1.5,0.56,-0.14,20.78,1
2025.05.27 14:05:00,14,SELL,1.0,1.32,26,8.107,1.5,4.96,-0.21,12.16,1
2025.05.27 15:15:00,15,BUY,0.77,2.42,4,5.716,1.5,5.44,-0.09,3.74,1
2025.05.27 18:05:00,18,BUY,0.78,2.33,4,3.011,1.5,0.93,-0.78,-6.02,0
2025.05.28 10:10:00,10,BUY,1.0,2.56,5,3.084,1.5,5.13,-0.15,4.62,1
2025.05.28 10:20:00,10,BUY,0.71,3.18,26,3.522,1.5,4.75,-0.55,5.29,1
2025.05.28 12:00:00,12,SELL,1.0,2.95,3,4.55,1.5,0.49,-0.71,-9.1,0
2025.05.28 12:30:00,12,SELL,1.0,2.57,4,5.587,1.5,0.96,-0.78,-11.17,0
2025.05.28 13:55:00,13,SELL,0.56,3.18,3,7.346,1.5,0.3,-0.91,-14.69,0
2025.05.28 16:15:00,16,SELL,0.87,3.33,9,4.398,1.5,0.4,-0.79,-8.8,0
2025.05.28 17:00:00,17,SELL,1.0,4.39,3,4.238,1.5,4.93,-0.53,1.65,1
2025.05.28 19:10:00,19,BUY,0.68,4.04,9,3.572,1.5,5.24,-0.12,1.45,1
2025.05.29 08:15:00,8,BUY,0.87,3.9,3,5.696,1.5,3.76,-0.13,4.47,1
2025.05.29 14:15:00,14,BUY,0.52,2.49,9,8.308,1.5,4.94,-0.07,12.46,1
2025.05.29 15:05:00,15,SELL,0.75,3.12,5,8.255,1.5,5.53,-0.12,12.39,1
2025.05.29 18:45:00,18,SELL,1.0,3.5,5,4.145,1.5,0.08,-0.99,-8.29,0
2025.05.29 20:50:00,20,SELL,0.58,4.72,14,2.265,1.5,1.32,-0.98,-2.26,0
2025.05.30 07:10:00,7,BUY,0.58,1.24,27,7.12,1.5,0.88,-0.95,-11.63,0
2025.05.30 10:35:00,10,BUY,0.47,2.37,15,4.313,1.5,4.56,-0.43,1.96,1
2025.05.30 12:00:00,12,SELL,0.91,2.76,8,4.587,1.5,0.13,-0.79,-9.18,0
2025.05.30 16:50:00,16,SELL,1.0,2.65,3,5.534,1.5,4.91,-0.06,2.02,1
2025.05.30 18:20:00,18,BUY,1.0,1.68,3,4.133,1.5,0.93,-0.81,-8.27,0
2025.06.02 08:40:00,8,SELL,1.0,1.7,6,5.972,1.5,0.24,-0.87,-11.95,0
2025.06.02 10:05:00,10,SELL,0.72,4.6,6,4.329,1.5,0.32,-1.0,-8.66,0
2025.06.02 11:00:00,11,BUY,0.77,1.94,7,4.664,1.5,0.5,-0.95,-9.32,0
2025.06.02 12:05:00,12,BUY,0.94,4.14,6,5.939,1.5,-0.01,-0.97,-11.88,0
2025.06.02 12:55:00,12,BUY,0.44,3.1,5,6.756,1.5,0.88,-0.93,-13.51,0
2025.06.02 17:30:00,17,SELL,0.78,2.31,8,4.336,1.5,0.37,-0.61,1.63,1
2025.06.02 20:10:00,20,BUY,0.85,2.58,3,2.678,1.5,0.42,-0.87,-5.36,0
2025.06.03 07:00:00,7,SELL,1.0,4.36,3,6.021,1.5,0.39,-0.98,-12.04,0
2025.06.03 08:30:00,8,BUY,0.77,3.07,5,4.116,1.5,4.28,-0.66,6.17,1
2025.06.03 10:15:00,10,SELL,1.0,2.71,9,3.819,1.5,0.27,-0.96,-7.64,0
2025.06.03 11:15:00,11,SELL,0.62,1.69,11,3.26,1.5,0.98,-1.0,-6.52,0
2025.06.03 15:50:00,15,BUY,0.59,2.41,3,5.424,1.5,-0.03,-0.96,-10.84,0
2025.06.03 19:20:00,19,BUY,0.8,3.27,3,2.338,1.5,0.82,-0.97,-4.68,0
2025.06.04 07:25:00,7,BUY,0.54,3.09,3,4.779,1.5,0.11,-0.86,-9.56,0
2025.06.04 09:50:00,9,BUY,0.53,4.57,8,4.028,1.5,0.07,-0.82,-8.06,0
2025.06.04 10:00:00,10,BUY,1.0,1.81,7,4.021,1.5,5.25,-0.29,6.04,1
2025.06.04 12:10:00,12,SELL,0.51,2.89,9,5.052,1.5,4.97,-0.38,1.47,1
2025.06.04 12:35:00,12,SELL,0.96,4.22,21,7.141,1.5,3.9,-0.35,1.79,1
2025.06.04 16:45:00,16,BUY,1.0,1.92,3,4.163,1.5,0.12,-0.98,-8.32,0
2025.06.04 18:25:00,18,BUY,1.0,2.34,4,3.103,1.5,4.99,-0.5,4.66,1
2025.06.04 19:55:00,19,SELL,1.0,1.5,3,2.671,1.5,4.32,-0.98,0.8,1
2025.06.05 12:45:00,12,SELL,1.0,1.97,5,6.605,1.5,0.22,-0.54,-13.21,0
2025.06.05 14:20:00,14,SELL,0.68,3.58,3,10.196,1.5,0.28,-0.72,-20.39,0
2025.06.05 17:05:00,17,BUY,1.0,2.42,3,6.793,1.5,0.35,-0.89,-13.58,0
2025.06.05 20:40:00,20,BUY,1.0,1.5,22,4.134,1.5,0.56,-0.92,-8.27,0
2025.06.06 08:30:00,8,SELL,1.0,1.79,28,5.351,1.5,0.68,-0.92,-10.71,0
2025.06.06 09:25:00,9,SELL,0.73,3.45,19,4.845,1.5,0.24,-0.9,-9.69,0
2025.06.06 11:50:00,11,BUY,0.56,3.64,9,4.037,1.5,4.34,-0.16,1.01,1
2025.06.06 16:05:00,16,BUY,0.63,3.69,6,6.863,1.5,4.31,-0.3,5.55,1
2025.06.06 18:35:00,18,SELL,1.0,3.97,5,4.749,1.5,0.11,-0.98,-9.5,0
2025.06.06 19:45:00,19,SELL,0.54,3.13,3,3.48,1.5,0.03,-0.87,-6.96,0
2025.06.06 20:25:00,20,SELL,0.97,3.92,3,4.017,1.5,0.5,-0.06,10.92,1
2025.06.09 11:10:00,11,SELL,0.63,4.98,4,3.639,1.5,4.53,-0.48,0.96,1
2025.06.09 12:50:00,12,BUY,0.94,2.98,3,5.564,1.5,4.4,-0.65,1.54,1
2025.06.09 13:35:00,13,SELL,1.0,3.16,3,5.711,1.5,5.11,-0.96,8.57,1
2025.06.09 14:35:00,14,BUY,0.63,3.97,4,7.031,1.5,0.43,-0.91,-14.06,0
2025.06.09 16:10:00,16,BUY,1.0,1.57,6,4.254,1.5,0.26,-0.84,-8.51,0
2025.06.10 08:30:00,8,BUY,1.0,2.54,3,5.489,1.5,0.52,-0.87,-10.98,0
2025.06.10 11:45:00,11,BUY,0.52,4.13,3,4.139,1.5,4.84,-0.07,6.21,1
2025.06.10 14:00:00,14,BUY,0.57,4.26,3,5.604,1.5,0.99,-0.05,16.81,1
2025.06.10 16:05:00,16,SELL,0.63,1.94,5,5.569,1.5,0.0,-0.49,-11.14,0
2025.06.10 17:10:00,17,SELL,0.82,3.3,11,4.07,1.5,0.34,-0.98,-8.14,0
2025.06.11 07:05:00,7,SELL,0.66,3.03,8,4.487,1.5,0.95,-0.64,13.46,1
2025.06.11 08:40:00,8,BUY,0.78,4.62,9,4.703,1.5,1.03,-0.67,7.05,1
2025.06.11 09:35:00,9,SELL,0.9,4.26,6,5.24,1.5,0.12,-0.85,-10.48,0
2025.06.11 10:05:00,10,SELL,0.94,3.23,3,5.966,1.5,0.21,-0.92,-11.93,0
2025.06.11 13:30:00,13,BUY,0.96,4.76,11,14.114,1.5,0.69,-0.37,11.68,1
2025.06.11 16:50:00,16,SELL,0.53,1.94,7,4.835,1.5,0.06,-0.77,-9.67,0
2025.06.12 07:15:00,7,SELL,0.62,3.85,11,4.728,1.5,0.44,-0.88,-9.45,0
2025.06.12 09:40:00,9,BUY,0.66,2.89,5,5.152,1.5,0.05,-0.67,-10.31,0
2025.06.12 10:05:00,10,BUY,1.0,3.03,3,5.719,1.5,0.14,-0.91,-11.43,0
2025.06.12 13:15:00,13,BUY,1.0,2.34,8,8.601,1.5,0.43,-0.98,-17.2,0
2025.06.12 14:30:00,14,SELL,0.94,1.47,4,10.501,1.5,0.13,-0.89,-21.0,0
2025.06.12 18:45:00,18,BUY,0.62,1.93,6,2.993,1.5,0.01,-0.93,-5.99,0
2025.06.13 09:00:00,9,BUY,1.0,1.08,3,5.327,1.5,5.23,-0.66,8.0,1
2025.06.13 10:35:00,10,BUY,0.55,3.16,26,6.595,1.5,1.0,-0.9,-6.6,0
2025.06.13 14:15:00,14,BUY,0.79,3.69,15,9.362,1.5,0.48,-0.95,-18.72,0
2025.06.13 17:35:00,17,BUY,1.0,2.14,4,4.689,1.5,0.7,-0.87,-9.37,0
2025.06.13 19:30:00,19,BUY,0.54,3.98,8,4.727,1.5,4.6,-0.14,2.42,1
2025.06.13 20:25:00,20,SELL,0.65,3.65,4,4.269,1.5,0.43,-0.44,11.68,1
2025.06.16 07:00:00,7,SELL,0.65,2.23,7,5.878,1.5,0.25,-0.76,-11.75,0
2025.06.16 07:25:00,7,SELL,0.62,2.64,3,6.965,1.5,0.77,-0.62,-0.51,0
2025.06.16 11:45:00,11,BUY,0.62,2.54,28,4.468,1.5,0.99,-0.64,13.41,1
2025.06.16 19:35:00,19,SELL,0.75,3.56,4,3.974,1.5,0.28,-0.94,-7.95,0
2025.06.17 07:10:00,7,BUY,0.61,4.08,28,5.611,1.5,5.24,-0.89,8.42,1
2025.06.17 11:20:00,11,BUY,0.61,1.98,8,5.187,1.5,5.0,-0.17,7.78,1
2025.06.17 12:40:00,12,BUY,0.75,4.73,28,6.838,1.5,0.54,-0.92,-13.68,0
2025.06.17 13:50:00,13,BUY,0.7,3.3,4,7.338,1.5,5.1,-0.48,11.01,1
2025.06.17 19:35:00,19,BUY,0.47,4.46,21,4.5,1.5,0.3,-0.67,-9.0,0
2025.06.18 09:10:00,9,SELL,0.52,2.63,3,3.642,1.5,0.16,-0.99,-7.29,0
2025.06.18 10:15:00,10,SELL,0.93,4.21,4,3.714,1.5,5.22,-0.93,5.57,1
2025.06.18 11:45:00,11,BUY,0.91,4.54,3,4.326,1.5,0.25,-0.9,-8.66,0
2025.06.18 12:55:00,12,BUY,0.7,3.36,5,5.724,1.5,-0.02,-0.96,-11.45,0
2025.06.18 13:50:00,13,BUY,0.65,4.04,4,5.222,1.5,5.53,-0.51,7.84,1
2025.06.18 14:35:00,14,SELL,1.0,4.18,3,8.317,1.5,0.95,-0.67,3.84,1
2025.06.18 18:25:00,18,BUY,1.0,2.53,29,5.745,1.5,5.41,-0.58,8.61,1
2025.06.18 20:40:00,20,SELL,1.0,1.73,6,6.631,1.5,3.59,-0.16,9.95,1
2025.06.19 09:05:00,9,BUY,0.76,3.38,4,4.89,1.5,0.62,-0.81,-9.78,0
2025.06.19 10:55:00,10,BUY,0.76,4.12,3,4.258,1.5,5.22,-0.28,6.39,1
2025.06.19 12:35:00,12,SELL,0.77,4.75,3,3.976,1.5,0.42,-0.95,-7.95,0
2025.06.19 13:20:00,13,SELL,1.0,1.77,4,4.892,1.5,0.06,-1.0,-9.78,0
2025.06.19 13:40:00,13,SELL,1.0,2.09,3,5.804,1.5,4.9,-0.04,2.6,1
2025.06.19 16:15:00,16,BUY,0.6,2.43,4,4.725,1.5,0.25,-1.0,-9.45,0
2025.06.20 07:05:00,7,SELL,0.74,3.33,13,5.705,1.5,4.68,-0.06,2.78,1
2025.06.20 07:25:00,7,SELL,0.78,2.72,23,5.508,1.5,0.07,-0.94,-11.02,0
2025.06.20 11:40:00,11,SELL,1.0,2.84,7,2.812,1.5,-0.03,-0.77,-5.62,0
2025.06.20 12:25:00,12,SELL,0.62,3.39,4,5.05,1.5,0.0,-0.75,-10.1,0
2025.06.20 13:05:00,13,SELL,1.0,2.54,7,6.091,1.5,5.27,-0.11,9.14,1
2025.06.20 13:25:00,13,SELL,0.54,1.74,23,6.487,1.5,4.86,-0.03,9.73,1
2025.06.20 15:00:00,15,BUY,0.58,2.24,10,6.406,1.5,0.51,-0.66,3.44,1
2025.06.20 18:30:00,18,SELL,1.0,2.18,3,2.657,1.5,4.18,-0.56,3.98,1
2025.06.20 19:10:00,19,SELL,0.67,2.63,19,2.494,1.5,0.23,-0.93,-4.98,0
2025.06.23 07:10:00,7,SELL,0.96,4.87,19,4.923,1.5,5.0,-0.78,7.38,1
2025.06.23 14:05:00,14,BUY,0.88,4.58,3,8.194,1.5,0.77,-0.97,-16.39,0
2025.06.23 15:45:00,15,BUY,1.0,1.86,6,4.32,1.5,0.02,-0.86,-8.64,0
2025.06.23 16:45:00,16,BUY,0.8,1.65,14,5.294,1.5,5.98,-0.99,7.94,1
2025.06.23 18:15:00,18,SELL,0.71,4.5,10,6.214,1.5,0.26,-0.61,-12.43,0
2025.06.23 19:45:00,19,BUY,0.47,1.84,5,3.886,1.5,4.18,-0.17,5.83,1
2025.06.24 07:50:00,7,BUY,0.61,3.08,3,7.079,1.5,-0.02,-0.83,-14.16,0
2025.06.24 08:25:00,8,BUY,0.67,2.35,5,7.023,1.5,3.88,-0.19,5.23,1
2025.06.24 12:00:00,12,SELL,1.0,1.94,25,4.891,1.5,-0.03,-0.66,-9.78,0
2025.06.25 07:10:00,7,SELL,1.0,1.46,7,3.583,1.5,-0.04,-0.97,-7.17,0
2025.06.25 10:00:00,10,SELL,1.0,4.26,10,3.42,1.5,3.67,-0.11,0.86,1
2025.06.25 13:50:00,13,SELL,0.8,2.28,3,5.45,1.5,4.76,-0.57,8.17,1
2025.06.25 14:55:00,14,SELL,0.92,3.73,26,5.314,1.5,4.41,-0.53,7.97,1
2025.06.25 20:45:00,20,SELL,1.0,2.94,7,2.559,1.5,5.56,-0.98,3.84,1
2025.06.26 14:45:00,14,SELL,1.0,2.76,14,9.872,1.5,4.04,-0.26,14.81,1
2025.06.26 19:30:00,19,SELL,0.99,4.52,3,2.551,1.5,0.44,-0.86,-5.1,0
2025.06.27 11:00:00,11,SELL,0.9,2.48,13,5.274,1.5,0.39,-0.77,-10.55,0
2025.06.27 12:25:00,12,SELL,0.62,2.87,3,6.914,1.5,0.25,-0.64,-13.83,0
2025.06.27 13:55:00,13,SELL,0.44,4.57,5,11.153,1.5,0.42,-0.93,5.53,1
2025.06.27 20:15:00,20,SELL,0.67,2.82,19,3.281,1.5,0.55,-0.41,-3.56,0
2025.06.30 08:15:00,8,SELL,1.0,2.34,4,4.274,1.5,0.07,-1.0,-8.55,0
2025.06.30 12:05:00,12,SELL,0.54,4.82,7,4.48,1.5,5.27,-0.36,6.72,1
2025.06.30 13:00:00,13,BUY,0.55,4.24,3,4.992,1.5,0.79,-0.98,-9.98,0
2025.06.30 15:15:00,15,BUY,0.76,3.21,8,5.667,1.5,0.03,-0.84,-11.34,0
2025.06.30 15:30:00,15,BUY,1.0,1.73,6,5.268,1.5,0.19,-0.89,-10.54,0
2025.06.30 20:20:00,20,BUY,1.0,2.11,5,3.492,1.5,4.11,-0.45,2.35,1
2025.07.01 09:05:00,9,BUY,0.66,2.5,6,3.966,1.5,-0.01,-0.95,-7.93,0
2025.07.01 10:30:00,10,BUY,0.92,1.91,3,3.927,1.5,0.37,-0.9,-7.86,0
2025.07.01 12:40:00,12,BUY,1.0,3.44,4,4.492,1.5,0.07,-0.27,-8.99,0
2025.07.01 13:05:00,13,BUY,0.4,2.56,5,6.248,1.5,4.97,-0.05,2.67,1
2025.07.01 16:55:00,16,BUY,0.75,2.51,3,4.176,1.5,0.83,-0.45,4.66,1
2025.07.01 20:00:00,20,SELL,1.0,1.35,4,2.253,1.5,2.88,-0.64,0.57,1
2025.07.02 07:50:00,7,SELL,0.6,3.27,12,5.081,1.5,4.23,-0.7,7.62,1
2025.07.02 11:20:00,11,BUY,0.59,2.36,8,3.45,1.5,4.89,-0.89,1.0,1
2025.07.02 14:55:00,14,SELL,0.42,3.74,8,6.355,1.5,4.0,-0.55,5.44,1
2025.07.02 20:55:00,20,SELL,1.0,2.5,3,2.361,1.5,4.63,-0.25,3.54,1
2025.07.03 12:30:00,12,BUY,0.87,4.29,20,4.331,1.5,-0.06,-0.06,13.0,1
2025.07.03 14:35:00,14,SELL,1.0,2.65,3,7.442,1.5,0.74,-0.85,1.41,1
2025.07.04 07:35:00,7,SELL,1.0,3.79,4,3.42,1.5,5.21,-0.23,1.45,1
2025.07.04 08:50:00,8,BUY,1.0,1.46,4,2.992,1.5,4.51,-0.4,0.84,1
2025.07.04 11:55:00,11,SELL,1.0,1.4,7,2.918,1.5,0.56,-0.98,-5.83,0
2025.07.04 13:10:00,13,SELL,0.57,3.32,5,3.427,1.5,0.78,-0.99,-6.86,0
2025.07.04 15:15:00,15,SELL,0.91,2.28,6,2.587,1.5,3.66,-0.89,3.31,1
2025.07.07 07:05:00,7,BUY,0.62,2.97,22,4.182,1.5,0.45,-0.68,-8.37,0
2025.07.07 08:25:00,8,SELL,0.81,2.55,16,4.619,1.5,0.58,-0.87,-9.24,0
2025.07.07 12:35:00,12,BUY,0.64,2.24,3,5.905,1.5,-0.03,-0.86,-11.81,0
2025.07.07 15:05:00,15,BUY,0.85,2.77,3,4.537,1.5,0.38,-0.93,-9.08,0
2025.07.08 07:20:00,7,BUY,1.0,3.32,3,3.64,1.5,4.57,-0.19,5.46,1
2025.07.08 09:35:00,9,SELL,0.56,2.74,7,4.322,1.5,0.13,-0.93,-8.65,0
2025.07.08 10:30:00,10,SELL,1.0,2.25,7,3.977,1.5,5.05,-0.89,5.96,1
2025.07.08 13:05:00,13,BUY,0.66,1.98,6,4.072,1.5,1.03,-0.05,6.1,1
2025.07.08 13:30:00,13,SELL,1.0,3.75,3,4.578,1.5,0.26,-0.63,-9.16,0
2025.07.08 16:10:00,16,BUY,0.9,1.72,4,5.702,1.5,0.22,-0.92,-11.4,0
2025.07.08 17:45:00,17,BUY,1.0,2.29,4,5.226,1.5,4.04,-0.39,1.84,1
2025.07.08 19:15:00,19,SELL,0.61,3.82,9,3.464,1.5,0.48,-0.97,-6.93,0
2025.07.09 08:00:00,8,BUY,1.0,1.49,9,4.896,1.5,5.98,-0.21,7.34,1
2025.07.09 10:25:00,10,BUY,0.71,2.5,4,3.231,1.5,0.17,-0.76,-6.46,0
2025.07.09 11:20:00,11,BUY,0.6,4.16,4,3.281,1.5,5.19,-0.05,4.93,1
2025.07.09 13:40:00,13,BUY,0.57,3.81,4,5.284,1.5,0.25,-0.98,-10.57,0
2025.07.09 16:20:00,16,BUY,1.0,1.91,17,3.71,1.5,0.26,-0.98,-7.42,0
2025.07.09 17:20:00,17,BUY,1.0,1.3,7,3.141,1.5,5.23,-0.27,1.42,1
2025.07.09 18:10:00,18,SELL,1.0,1.76,3,3.36,1.5,5.42,-0.34,5.04,1
2025.07.09 20:15:00,20,BUY,0.8,4.54,12,2.6,1.5,0.71,-0.9,-5.2,0
2025.07.10 07:25:00,7,BUY,1.0,3.19,4,3.252,1.5,5.02,-0.57,4.88,1
2025.07.10 08:40:00,8,SELL,0.82,4.29,8,3.276,1.5,5.18,-0.2,4.92,1
2025.07.10 09:45:00,9,BUY,0.92,4.78,9,3.729,1.5,0.73,-0.69,-7.46,0
2025.07.10 10:55:00,10,SELL,0.64,3.52,15,3.246,1.5,0.83,-0.77,-6.49,0
2025.07.10 16:10:00,16,BUY,1.0,4.22,9,2.988,1.5,5.37,-0.3,4.48,1
2025.07.10 18:20:00,18,BUY,1.0,2.08,4,2.344,1.5,0.35,-0.92,-4.69,0
2025.07.11 07:05:00,7,SELL,0.95,2.36,28,4.378,1.5,4.21,-0.35,6.57,1
2025.07.11 08:45:00,8,BUY,0.87,4.99,28,4.037,1.5,4.83,-0.53,1.69,1
2025.07.11 09:35:00,9,SELL,0.7,2.93,7,4.465,1.5,4.16,-0.36,6.7,1
2025.07.11 12:25:00,12,BUY,1.0,1.56,15,5.07,1.5,0.23,-0.95,-10.14,0
2025.07.11 17:50:00,17,SELL,0.67,4.05,8,3.117,1.5,4.6,-0.15,4.67,1
2025.07.14 09:50:00,9,SELL,1.0,2.32,10,3.146,1.5,5.02,-0.25,4.72,1
2025.07.14 10:30:00,10,BUY,1.0,1.6,28,3.356,1.5,4.75,-0.79,5.04,1
2025.07.14 18:10:00,18,BUY,0.87,3.43,8,2.201,1.5,0.21,-0.85,-4.4,0
2025.07.14 19:35:00,19,BUY,1.0,2.93,30,1.941,1.5,4.66,-0.4,2.91,1
2025.07.15 07:15:00,7,SELL,0.85,2.36,3,3.983,1.5,4.27,-0.09,2.08,1
2025.07.15 08:35:00,8,SELL,0.73,2.74,25,3.738,1.5,5.17,-0.76,1.32,1
2025.07.15 11:15:00,11,SELL,1.0,3.15,21,2.781,1.5,0.1,-1.0,-5.57,0
2025.07.15 13:55:00,13,SELL,0.74,4.78,4,7.533,1.5,3.97,-0.2,1.89,1
2025.07.15 15:05:00,15,BUY,0.65,2.48,6,6.015,1.5,4.53,-0.06,9.03,1
2025.07.15 18:35:00,18,SELL,1.0,2.25,3,2.854,1.5,4.68,-0.07,1.59,1
2025.07.16 08:00:00,8,SELL,0.55,2.45,3,3.033,1.5,5.59,-0.1,1.82,1
2025.07.16 10:35:00,10,SELL,0.61,3.4,3,2.5,1.5,-0.02,-0.98,-5.0,0
2025.07.16 12:25:00,12,SELL,0.74,2.33,18,4.012,1.5,0.24,-0.85,-8.02,0
2025.07.17 07:00:00,7,SELL,0.74,4.44,4,4.545,1.5,0.13,-0.94,-9.09,0
2025.07.17 08:50:00,8,SELL,0.93,4.95,18,3.033,1.5,0.1,-0.9,-6.06,0
2025.07.17 10:55:00,10,BUY,0.99,3.22,3,3.197,1.5,5.24,-0.13,1.86,1
2025.07.17 17:40:00,17,BUY,0.82,2.65,14,2.677,1.5,0.57,-0.93,-5.35,0
2025.07.18 09:20:00,9,BUY,1.0,4.08,3,3.273,1.5,0.29,-0.94,-6.54,0
2025.07.18 10:05:00,10,BUY,0.82,3.82,6,3.63,1.5,0.46,-0.92,-7.26,0
2025.07.18 13:50:00,13,BUY,1.0,2.17,25,4.628,1.5,-0.0,-0.74,-9.25,0
2025.07.18 14:10:00,14,SELL,0.96,2.83,7,5.047,1.5,0.23,-0.39,-10.1,0
2025.07.18 14:35:00,14,SELL,1.0,2.66,4,5.269,1.5,0.35,-0.98,-7.65,0
2025.07.18 18:05:00,18,SELL,1.0,3.59,23,2.05,1.5,0.02,-0.79,-4.1,0
2025.07.18 18:35:00,18,SELL,0.58,2.72,4,2.094,1.5,0.31,-0.95,-4.19,0
2025.07.21 08:25:00,8,SELL,0.73,2.81,5,2.769,1.5,5.22,-0.93,4.15,1
2025.07.21 14:00:00,14,BUY,1.0,3.82,3,5.337,1.5,0.42,-0.87,-10.67,0
2025.07.22 10:20:00,10,BUY,1.0,1.59,3,2.262,1.5,0.08,-0.97,-4.52,0
2025.07.22 16:30:00,16,BUY,1.0,2.89,4,4.266,1.5,-0.04,-0.94,-8.53,0
2025.07.22 17:30:00,17,BUY,0.82,2.96,6,4.064,1.5,0.33,-0.96,-8.13,0
2025.07.22 20:15:00,20,BUY,0.77,3.4,6,2.084,1.5,4.97,-0.49,0.68,1
2025.07.22 20:55:00,20,SELL,0.83,2.7,3,2.334,1.5,0.76,-0.96,7.0,1
2025.07.23 07:45:00,7,BUY,1.0,4.39,6,4.064,1.5,0.78,-0.99,-8.13,0
2025.07.23 11:30:00,11,SELL,0.66,4.93,9,3.816,1.5,4.25,-0.06,1.62,1
2025.07.23 13:55:00,13,SELL,1.0,2.64,5,9.044,1.5,0.67,-0.76,-18.08,0
2025.07.24 10:40:00,10,BUY,1.0,2.02,3,2.95,1.5,0.06,-0.75,-5.9,0
2025.07.24 11:00:00,11,BUY,0.54,2.79,3,3.213,1.5,4.2,-0.7,4.82,1
2025.07.24 12:20:00,12,SELL,0.58,3.62,4,3.895,1.5,0.64,-0.85,-7.79,0
2025.07.24 13:25:00,13,SELL,0.56,3.97,5,6.261,1.5,4.99,-0.12,9.39,1
2025.07.24 16:25:00,16,SELL,1.0,2.02,3,3.28,1.5,-0.04,-0.86,-6.56,0
2025.07.24 18:00:00,18,SELL,1.0,3.2,18,2.72,1.5,0.01,-0.97,-5.43,0
2025.07.25 07:00:00,7,SELL,0.88,3.33,14,3.744,1.5,0.17,-0.95,-7.49,0
2025.07.25 10:15:00,10,SELL,0.67,3.35,13,3.215,1.5,0.07,-0.87,-6.43,0
2025.07.25 12:10:00,12,SELL,0.75,3.0,6,3.84,1.5,0.38,-0.86,-7.67,0
2025.07.25 13:10:00,13,BUY,0.49,1.49,11,5.934,1.5,0.7,-0.88,-11.87,0
2025.07.25 14:10:00,14,BUY,0.53,2.87,7,6.507,1.5,4.67,-0.05,9.76,1
2025.07.25 16:15:00,16,SELL,0.99,3.94,7,4.895,1.5,4.49,-0.65,7.35,1
2025.07.28 07:00:00,7,SELL,0.54,1.67,19,3.769,1.5,0.43,-0.85,-7.54,0
2025.07.28 08:55:00,8,SELL,0.77,3.07,3,3.657,1.5,4.3,-0.24,2.71,1
2025.07.28 10:50:00,10,SELL,1.0,2.2,3,3.63,1.5,0.27,-0.92,-7.26,0
2025.07.28 17:20:00,17,SELL,0.83,3.55,3,3.075,1.5,4.64,-0.72,2.07,1
2025.07.28 18:55:00,18,BUY,0.91,4.67,3,2.033,1.5,-0.02,-0.97,-4.06,0
2025.07.28 19:20:00,19,BUY,1.0,2.56,3,2.277,1.5,0.04,-0.9,-4.55,0
2025.07.29 07:00:00,7,BUY,0.9,1.79,18,4.338,1.5,5.13,-0.42,1.43,1
2025.07.29 09:30:00,9,SELL,0.82,2.65,5,4.375,1.5,0.67,-0.91,-8.75,0
2025.07.29 12:05:00,12,SELL,1.0,2.84,5,3.978,1.5,3.56,-0.04,0.99,1
2025.07.29 12:25:00,12,SELL,0.96,3.28,16,4.444,1.5,0.41,-0.95,-8.89,0
2025.07.29 13:40:00,13,SELL,1.0,1.05,21,5.704,1.5,5.78,-0.89,8.56,1
2025.07.29 19:30:00,19,BUY,0.8,2.99,20,2.32,1.5,5.88,-0.07,3.48,1
2025.07.29 20:10:00,20,SELL,1.0,4.36,6,2.443,1.5,3.81,-0.44,1.81,1
2025.07.30 12:30:00,12,SELL,0.79,2.54,9,4.413,1.5,0.08,-0.56,-8.83,0
2025.07.31 08:00:00,8,BUY,1.0,3.64,3,5.011,1.5,0.19,-0.9,-10.03,0
2025.07.31 08:45:00,8,BUY,0.87,3.62,5,5.92,1.5,4.25,-0.69,8.88,1
2025.07.31 12:10:00,12,BUY,1.0,1.72,3,4.425,1.5,0.23,-0.67,-8.85,0
2025.07.31 17:30:00,17,BUY,1.0,1.99,5,3.227,1.5,4.3,-0.39,4.84,1
2025.07.31 19:40:00,19,SELL,0.99,4.3,3,2.395,1.5,0.8,-0.94,-4.79,0
2025.07.31 20:15:00,20,SELL,1.0,2.38,4,3.187,1.5,0.82,-0.93,-3.89,0
2025.08.01 11:20:00,11,BUY,0.57,4.27,6,4.051,1.5,0.46,-0.87,-8.1,0
2025.08.01 14:05:00,14,BUY,1.0,3.17,10,10.601,1.5,0.01,-0.94,-21.2,0
2025.08.01 14:35:00,14,BUY,0.85,2.74,3,10.392,1.5,0.26,-0.78,-10.17,0
2025.08.01 18:55:00,18,BUY,1.0,2.32,9,3.052,1.5,0.11,-0.99,-6.11,0
2025.08.04 07:20:00,7,BUY,1.0,2.14,14,4.381,1.5,5.09,-0.27,1.82,1
2025.08.04 10:20:00,10,BUY,0.7,3.7,23,2.935,1.5,5.43,-0.05,1.47,1
2025.08.04 12:40:00,12,BUY,0.96,4.74,16,4.161,1.5,0.25,-0.97,-8.32,0
2025.08.04 14:05:00,14,BUY,0.91,3.33,3,6.247,1.5,4.86,-0.28,9.37,1
2025.08.04 15:40:00,15,SELL,1.0,2.97,10,4.716,1.5,0.63,-0.98,1.32,1
2025.08.05 07:20:00,7,SELL,0.71,2.91,25,3.325,1.5,4.76,-0.14,1.25,1
2025.08.05 11:50:00,11,SELL,1.0,1.93,3,3.773,1.5,5.13,-0.74,5.66,1
2025.08.05 12:30:00,12,SELL,0.54,4.24,27,4.873,1.5,4.94,-0.17,7.31,1
2025.08.05 16:15:00,16,BUY,1.0,3.7,3,3.908,1.5,4.98,-0.1,5.86,1
2025.08.05 19:20:00,19,BUY,0.62,2.78,20,2.406,1.5,0.81,-0.56,2.25,1
2025.08.06 07:05:00,7,BUY,0.91,3.21,12,3.314,1.5,4.32,-0.16,2.11,1
2025.08.06 11:55:00,11,BUY,0.62,3.58,4,3.112,1.5,4.56,-0.53,1.48,1
2025.08.06 13:35:00,13,BUY,0.8,3.63,7,5.186,1.5,0.3,-0.98,-10.37,0
2025.08.06 15:20:00,15,BUY,0.5,2.35,4,3.974,1.5,4.13,-0.18,5.96,1
2025.08.06 17:50:00,17,BUY,1.0,1.79,10,3.307,1.5,4.74,-0.19,4.96,1
2025.08.06 18:45:00,18,SELL,0.9,4.39,5,2.96,1.5,0.54,-1.0,-5.92,0
2025.08.07 10:45:00,10,SELL,0.51,1.8,3,4.331,1.5,-0.03,-0.64,-8.66,0
2025.08.07 16:30:00,16,BUY,1.0,3.86,5,3.352,1.5,4.69,-0.2,5.02,1
2025.08.08 07:00:00,7,SELL,0.92,3.47,3,4.51,1.5,1.2,-0.04,6.77,1
2025.08.08 07:10:00,7,BUY,1.0,1.15,29,4.825,1.5,1.12,-0.97,-4.82,0
2025.08.08 08:35:00,8,BUY,1.0,3.87,9,5.472,1.5,5.58,-0.6,8.2,1
2025.08.08 15:15:00,15,SELL,1.0,1.94,23,7.537,1.5,4.1,-0.24,5.59,1
2025.08.08 17:05:00,17,BUY,0.62,4.38,7,3.911,1.5,0.18,-0.82,11.73,1
2025.08.11 07:25:00,7,SELL,0.53,2.84,3,5.822,1.5,0.2,-0.75,-11.65,0
2025.08.11 08:10:00,8,SELL,0.63,2.57,4,6.325,1.5,0.61,-0.96,-12.65,0
2025.08.11 09:45:00,9,SELL,0.8,3.5,6,5.074,1.5,0.05,-0.73,-10.14,0
2025.08.11 10:10:00,10,SELL,0.98,3.21,3,5.864,1.5,0.98,-0.97,-11.73,0
2025.08.11 13:20:00,13,SELL,0.51,2.9,10,7.594,1.5,5.29,-0.24,11.4,1
2025.08.11 16:20:00,16,SELL,1.0,2.24,3,3.856,1.5,0.15,-0.9,-7.71,0
2025.08.11 17:30:00,17,SELL,0.67,3.82,9,3.227,1.5,0.68,-0.1,-6.46,0
2025.08.11 17:35:00,17,SELL,0.78,1.24,4,3.836,1.5,5.24,-0.31,5.75,1
2025.08.11 19:40:00,19,SELL,0.61,3.59,4,2.557,1.5,0.21,-0.9,-5.12,0
2025.08.12 08:25:00,8,BUY,0.68,4.8,10,5.282,1.5,4.22,-0.16,4.1,1
2025.08.12 13:15:00,13,BUY,0.79,3.31,6,11.767,1.5,0.33,-0.56,-23.53,0
2025.08.13 11:10:00,11,BUY,0.81,4.43,16,3.203,1.5,4.04,-0.27,0.8,1
2025.08.13 12:25:00,12,SELL,1.0,3.03,4,4.308,1.5,0.03,-0.71,-8.62,0
2025.08.13 20:20:00,20,BUY,1.0,3.13,5,2.289,1.5,0.39,-0.82,-4.58,0
2025.08.14 07:15:00,7,BUY,0.91,3.71,3,4.348,1.5,4.83,-0.59,6.52,1
2025.08.14 10:40:00,10,BUY,1.0,1.8,6,3.338,1.5,5.75,-0.05,5.01,1
2025.08.14 12:10:00,12,BUY,0.61,1.88,20,3.527,1.5,4.54,-0.35,5.3,1
2025.08.14 14:25:00,14,SELL,0.57,3.11,3,8.497,1.5,0.18,-0.94,-17.0,0
2025.08.14 17:10:00,17,SELL,1.0,4.46,11,5.144,1.5,0.98,-0.11,1.37,1
2025.08.15 07:25:00,7,SELL,0.46,3.09,11,4.244,1.5,0.12,-0.91,-8.48,0
2025.08.15 09:35:00,9,BUY,1.0,3.09,19,4.506,1.5,4.04,-0.2,3.43,1
2025.08.15 11:05:00,11,SELL,0.55,2.92,5,3.778,1.5,4.36,-0.62,1.04,1
2025.08.15 12:35:00,12,SELL,1.0,1.87,20,3.999,1.5,4.9,-0.5,6.0,1
2025.08.15 15:10:00,15,BUY,0.53,2.2,26,4.508,1.5,4.46,-0.45,6.77,1
2025.08.15 17:25:00,17,SELL,1.0,2.35,4,2.846,1.5,0.87,-0.96,0.47,1
2025.08.18 07:35:00,7,BUY,1.0,3.78,3,3.643,1.5,5.05,-0.36,5.47,1
2025.08.18 10:20:00,10,BUY,1.0,2.09,9,3.29,1.5,4.85,-0.31,2.77,1
2025.08.18 12:15:00,12,SELL,0.66,3.4,4,2.196,1.5,0.74,-0.87,-4.39,0
2025.08.18 14:35:00,14,SELL,0.7,4.17,7,4.952,1.5,0.05,-0.9,-9.91,0
2025.08.18 20:00:00,20,BUY,0.83,2.59,27,1.934,1.5,0.44,-0.59,-1.81,0
2025.08.19 07:05:00,7,SELL,1.0,2.36,29,2.836,1.5,4.63,-0.1,4.25,1
2025.08.19 14:05:00,14,SELL,0.77,4.36,11,6.605,1.5,0.12,-0.77,-13.21,0
2025.08.19 17:40:00,17,SELL,1.0,2.17,3,3.338,1.5,0.77,-0.82,-2.53,0
2025.08.20 08:40:00,8,SELL,0.69,2.05,20,2.801,1.5,4.79,-0.12,1.77,1
2025.08.21 07:10:00,7,SELL,0.73,3.84,9,2.898,1.5,4.47,-0.17,1.95,1
2025.08.21 08:45:00,8,BUY,0.55,4.53,11,2.43,1.5,0.34,-0.75,-4.86,0
2025.08.21 09:30:00,9,SELL,1.0,2.26,9,2.413,1.5,1.12,-0.88,-2.42,0
2025.08.21 12:20:00,12,BUY,0.5,1.66,30,4.457,1.5,0.71,-0.58,-8.91,0
2025.08.21 14:45:00,14,BUY,0.86,2.55,15,5.827,1.5,0.88,-0.6,9.23,1
2025.08.22 07:05:00,7,SELL,0.76,4.34,26,2.999,1.5,4.82,-0.16,0.82,1
2025.08.22 11:05:00,11,BUY,1.0,2.26,3,2.035,1.5,0.93,-0.87,4.2,1
2025.08.22 11:45:00,11,BUY,1.0,2.84,26,2.16,1.5,5.33,-0.53,3.24,1
2025.08.22 19:50:00,19,SELL,0.78,4.34,5,1.988,1.5,5.05,-0.16,1.0,1
2025.08.25 07:50:00,7,BUY,0.93,2.73,9,2.532,1.5,4.75,-0.06,3.79,1
2025.08.25 09:45:00,9,SELL,0.55,4.58,14,2.048,1.5,5.45,-0.61,3.07,1
2025.08.25 12:05:00,12,BUY,0.72,3.6,4,2.55,1.5,5.22,-0.43,3.82,1
2025.08.25 15:35:00,15,BUY,0.55,3.63,3,3.42,1.5,0.79,-0.48,2.34,1
2025.08.26 07:00:00,7,SELL,0.58,3.31,8,2.981,1.5,0.22,-1.0,-5.96,0
2025.08.26 07:35:00,7,SELL,0.8,4.03,3,4.517,1.5,4.95,-0.17,2.8,1
2025.08.26 10:05:00,10,SELL,0.85,4.09,4,3.911,1.5,-0.03,-0.94,-7.82,0
2025.08.26 10:55:00,10,SELL,0.82,3.62,4,3.806,1.5,4.51,-0.18,5.71,1
2025.08.26 12:00:00,12,BUY,1.0,2.02,3,3.499,1.5,4.74,-0.69,5.25,1
2025.08.26 13:30:00,13,SELL,1.0,3.3,6,4.447,1.5,5.14,-0.78,6.67,1
2025.08.27 08:35:00,8,BUY,1.0,2.16,3,3.264,1.5,4.36,-0.91,4.89,1
2025.08.27 12:10:00,12,SELL,0.69,2.17,7,2.934,1.5,4.78,-0.13,4.4,1
2025.08.27 13:35:00,13,BUY,1.0,3.7,14,4.084,1.5,0.76,-0.99,-8.17,0
2025.08.27 18:30:00,18,SELL,0.51,4.27,4,2.081,1.5,4.67,-0.84,3.03,1
2025.08.28 10:30:00,10,SELL,1.0,4.29,5,2.642,1.5,4.7,-0.64,3.96,1
2025.08.28 12:40:00,12,BUY,1.0,4.35,14,4.597,1.5,5.77,-0.57,6.9,1
2025.08.28 15:50:00,15,SELL,0.58,4.12,4,3.707,1.5,4.77,-0.09,5.57,1
2025.08.28 17:00:00,17,BUY,1.0,1.86,3,3.198,1.5,0.24,-0.52,-6.4,0
2025.08.28 19:40:00,19,BUY,0.41,2.86,8,2.18,1.5,-0.05,-0.73,-4.36,0
2025.08.28 20:25:00,20,BUY,0.75,2.57,26,2.534,1.5,0.7,-0.47,1.56,1
2025.08.29 07:15:00,7,BUY,0.93,3.31,15,2.489,1.5,4.88,-0.23,0.72,1
2025.08.29 07:45:00,7,SELL,1.0,3.4,3,3.14,1.5,4.95,-0.1,4.71,1
2025.08.29 11:35:00,11,SELL,0.73,3.62,19,2.226,1.5,4.74,-0.51,0.84,1
2025.08.29 20:05:00,20,BUY,1.0,4.59,3,3.911,1.5,0.38,-0.79,2.8,1
2025.09.01 07:00:00,7,BUY,0.58,4.45,4,6.025,1.5,5.04,-0.33,9.03,1
2025.09.01 10:25:00,10,SELL,0.59,4.69,5,4.814,1.5,0.3,-0.94,-9.63,0
2025.09.01 12:30:00,12,SELL,1.0,1.75,5,4.226,1.5,5.14,-0.3,6.34,1
2025.09.01 14:35:00,14,BUY,1.0,1.54,9,4.272,1.5,4.08,-0.63,1.69,1
2025.09.01 16:35:00,16,SELL,0.65,4.47,6,2.675,1.5,4.12,-0.07,2.05,1
2025.09.02 07:45:00,7,SELL,1.0,2.9,5,4.957,1.5,0.04,-0.87,-9.92,0
2025.09.02 08:30:00,8,SELL,0.73,4.08,5,6.757,1.5,4.43,-0.34,5.55,1
2025.09.02 11:20:00,11,BUY,0.66,3.21,4,4.081,1.5,0.69,-0.59,-8.16,0
2025.09.02 17:05:00,17,BUY,0.51,2.5,3,6.117,1.5,0.03,-0.83,-12.23,0
2025.09.02 18:50:00,18,BUY,0.69,3.93,3,3.204,1.5,0.64,-0.97,-6.41,0
2025.09.03 08:40:00,8,BUY,1.0,1.85,3,5.063,1.5,4.16,-0.66,3.19,1
2025.09.03 10:35:00,10,BUY,0.52,2.64,17,3.876,1.5,0.72,-0.92,-7.75,0
2025.09.03 11:50:00,11,BUY,1.0,1.74,4,4.891,1.5,4.81,-0.44,1.23,1
2025.09.03 18:40:00,18,BUY,0.78,4.51,20,4.219,1.5,0.23,-0.85,-8.44,0
2025.09.03 20:35:00,20,SELL,1.0,2.16,10,3.754,1.5,-0.03,-0.96,-7.51,0
2025.09.04 08:25:00,8,BUY,0.8,4.39,3,4.11,1.5,-0.04,-0.93,-8.22,0
2025.09.04 10:05:00,10,SELL,0.64,2.89,15,4.721,1.5,5.02,-0.03,1.87,1
2025.09.04 13:05:00,13,BUY,0.63,3.43,15,6.7,1.5,0.48,-0.82,-13.4,0
2025.09.04 14:15:00,14,SELL,0.68,1.51,14,9.971,1.5,4.14,-0.97,6.73,1
2025.09.04 19:00:00,19,BUY,0.76,3.18,3,2.909,1.5,0.17,-0.8,-5.82,0
2025.09.04 20:25:00,20,BUY,0.56,4.49,9,2.153,1.5,5.65,-0.66,3.23,1
2025.09.05 08:45:00,8,SELL,0.9,2.92,6,3.636,1.5,0.27,-0.9,-7.27,0
2025.09.05 10:05:00,10,BUY,1.0,2.89,3,3.531,1.5,0.39,-0.82,-7.06,0
2025.09.05 11:40:00,11,SELL,1.0,1.56,12,3.461,1.5,0.23,-0.78,-6.93,0
2025.09.05 17:25:00,17,SELL,1.0,2.66,4,4.897,1.5,0.43,-0.61,-9.8,0
2025.09.08 08:35:00,8,BUY,0.62,3.35,3,5.75,1.5,0.67,-0.85,-11.5,0
2025.09.08 10:35:00,10,BUY,0.5,4.87,4,4.321,1.5,1.11,-0.84,-4.32,0
2025.09.08 15:30:00,15,BUY,0.94,4.91,4,6.213,1.5,0.73,-0.86,5.61,1
2025.09.08 19:15:00,19,BUY,0.68,2.5,3,2.888,1.5,0.6,-0.8,-5.78,0
2025.09.09 07:40:00,7,BUY,1.0,2.17,3,5.666,1.5,3.86,-0.08,1.41,1
2025.09.09 09:50:00,9,BUY,0.98,3.61,7,5.052,1.5,4.13,-0.7,2.49,1
2025.09.09 13:10:00,13,SELL,1.0,1.98,15,6.413,1.5,5.02,-0.13,9.62,1
2025.09.09 15:45:00,15,SELL,1.0,3.41,14,9.363,1.5,0.64,-0.29,-5.17,0
2025.09.10 08:15:00,8,BUY,0.89,2.45,6,4.325,1.5,0.62,-0.8,-8.65,0
2025.09.10 11:05:00,11,BUY,0.92,4.81,15,4.007,1.5,0.01,-0.97,-8.02,0
2025.09.10 16:50:00,16,SELL,1.0,2.32,4,3.75,1.5,4.05,-0.19,5.63,1
2025.09.10 18:35:00,18,BUY,0.73,3.12,3,2.493,1.5,4.66,-0.11,3.74,1
2025.09.11 08:15:00,8,BUY,1.0,1.68,3,5.381,1.5,3.99,-0.22,8.08,1
2025.09.11 11:35:00,11,BUY,0.79,3.08,22,3.367,1.5,5.02,-0.12,1.38,1
2025.09.11 12:05:00,12,SELL,1.0,3.14,5,3.49,1.5,4.48,-0.34,5.24,1
2025.09.11 13:55:00,13,SELL,0.49,2.74,4,13.67,1.5,0.73,-0.42,8.79,1
2025.09.11 17:25:00,17,SELL,1.0,2.18,3,4.418,1.5,0.41,-0.76,-8.84,0
2025.09.12 09:30:00,9,SELL,0.85,2.96,15,5.101,1.5,4.01,-0.73,3.56,1
2025.09.12 12:05:00,12,BUY,0.72,4.92,21,3.192,1.5,0.97,-0.63,9.57,1
2025.09.12 18:00:00,18,BUY,0.65,3.97,8,2.138,1.5,3.81,-0.41,3.21,1
2025.09.12 20:55:00,20,SELL,0.52,4.07,3,2.33,1.5,0.47,-0.4,1.06,1
2025.09.15 07:35:00,7,SELL,1.0,4.14,7,4.16,1.5,4.94,-0.05,2.16,1
2025.09.15 09:20:00,9,BUY,0.69,2.8,4,3.224,1.5,5.2,-0.11,4.83,1
2025.09.15 14:00:00,14,BUY,1.0,4.89,4,6.277,1.5,0.5,-0.97,-12.56,0
2025.09.15 17:55:00,17,BUY,1.0,1.95,5,3.719,1.5,4.24,-0.4,2.22,1
2025.09.15 19:15:00,19,SELL,0.92,2.63,12,3.038,1.5,0.86,-0.52,-6.08,0
2025.09.16 07:35:00,7,BUY,1.0,3.94,8,4.431,1.5,0.84,-0.85,-8.86,0
2025.09.16 10:05:00,10,BUY,0.74,2.12,3,3.424,1.5,4.27,-0.39,5.14,1
2025.09.16 11:40:00,11,SELL,0.67,3.89,5,3.282,1.5,5.55,-0.33,1.71,1
2025.09.16 17:10:00,17,BUY,0.79,2.3,3,3.803,1.5,0.43,-0.88,-7.61,0
2025.09.17 09:10:00,9,SELL,1.0,2.17,6,4.366,1.5,4.98,-0.04,1.59,1
2025.09.17 10:45:00,10,SELL,0.56,4.06,7,3.951,1.5,0.2,-0.96,-7.9,0
2025.09.17 11:15:00,11,SELL,0.58,2.65,3,4.925,1.5,4.21,-0.14,2.92,1
2025.09.17 13:55:00,13,BUY,0.83,2.66,4,5.597,1.5,0.14,-0.99,-11.2,0
2025.09.17 16:15:00,16,BUY,0.73,1.65,8,3.051,1.5,4.21,-0.96,4.58,1
2025.09.18 10:30:00,10,SELL,1.0,2.83,3,4.344,1.5,0.36,-0.91,-8.69,0
2025.09.18 12:45:00,12,BUY,0.63,2.14,4,5.289,1.5,4.1,-0.22,7.94,1
2025.09.18 15:00:00,15,BUY,0.82,2.29,3,9.31,1.5,0.16,-0.97,-10.66,0
2025.09.18 18:05:00,18,BUY,1.0,4.24,22,2.854,1.5,0.4,-0.91,-5.71,0
2025.09.19 08:10:00,8,BUY,1.0,2.56,4,4.512,1.5,0.77,-0.78,-9.03,0
2025.09.19 10:30:00,10,BUY,1.0,2.01,7,2.818,1.5,5.25,-0.46,4.23,1
2025.09.19 12:15:00,12,SELL,0.63,4.9,4,4.281,1.5,0.24,-0.99,-8.57,0
2025.09.19 16:40:00,16,SELL,0.79,2.91,3,4.007,1.5,0.97,-0.5,12.02,1
2025.09.19 19:35:00,19,BUY,0.56,3.1,5,2.171,1.5,0.11,-0.98,-4.35,0
2025.09.22 08:20:00,8,BUY,1.0,2.48,3,5.236,1.5,0.04,-0.86,-10.47,0
2025.09.22 09:35:00,9,BUY,0.7,2.97,3,4.375,1.5,0.37,-0.84,-8.75,0
2025.09.22 10:40:00,10,BUY,0.85,2.87,4,3.767,1.5,-0.01,-0.9,-7.54,0
2025.09.22 11:35:00,11,BUY,0.89,2.73,8,3.237,1.5,5.46,-0.32,1.68,1
2025.09.22 12:00:00,12,SELL,1.0,3.18,4,3.723,1.5,0.2,-0.71,-7.45,0
2025.09.22 12:50:00,12,SELL,0.7,3.68,5,6.432,1.5,4.97,-0.92,9.65,1
2025.09.22 19:25:00,19,BUY,0.63,3.03,5,2.409,1.5,4.61,-0.19,3.62,1
2025.09.23 11:35:00,11,BUY,1.0,1.66,16,5.454,1.5,4.89,-0.16,1.98,1
2025.09.23 13:45:00,13,BUY,1.0,1.62,7,5.676,1.5,1.01,-0.29,8.51,1
2025.09.23 14:35:00,14,SELL,1.0,3.27,3,9.281,1.5,0.71,-0.59,-18.57,0
2025.09.23 16:45:00,16,BUY,1.0,2.46,18,6.695,1.5,0.0,-0.78,-13.39,0
2025.09.24 07:00:00,7,BUY,0.93,3.96,17,4.585,1.5,0.1,-0.97,-9.17,0
2025.09.24 08:05:00,8,BUY,0.56,2.91,5,4.192,1.5,4.27,-0.28,6.29,1
2025.09.24 12:00:00,12,SELL,0.46,4.12,28,4.214,1.5,0.56,-0.86,-8.43,0
2025.09.24 15:05:00,15,SELL,0.63,2.23,3,8.443,1.5,0.1,-0.96,-16.88,0
2025.09.24 20:05:00,20,SELL,0.54,4.06,20,5.269,1.5,3.87,-0.1,7.91,1
2025.09.25 14:00:00,14,SELL,1.0,3.63,3,11.392,1.5,0.77,-0.91,-0.43,0
2025.09.25 18:15:00,18,BUY,0.66,3.77,3,6.086,1.5,0.21,-0.99,-12.18,0
2025.09.26 11:40:00,11,SELL,0.45,3.57,25,4.055,1.5,0.3,-0.97,-8.11,0
2025.09.26 15:40:00,15,SELL,1.0,1.83,6,6.781,1.5,0.89,-0.85,3.41,1
2025.09.29 07:05:00,7,BUY,1.0,1.9,5,7.379,1.5,4.3,-0.46,5.09,1
2025.09.29 08:05:00,8,SELL,0.93,4.03,3,6.223,1.5,4.39,-0.38,4.5,1
2025.09.29 09:35:00,9,BUY,0.66,4.63,6,4.308,1.5,4.69,-0.25,2.16,1
2025.09.29 12:15:00,12,BUY,0.85,4.86,4,5.962,1.5,5.05,-0.17,8.94,1
2025.09.29 15:35:00,15,BUY,1.0,2.2,7,7.557,1.5,0.44,-0.91,3.6,1
2025.09.29 18:50:00,18,SELL,1.0,2.6,9,4.978,1.5,4.18,-0.92,4.45,1
2025.09.30 10:25:00,10,SELL,0.83,4.74,15,9.185,1.5,3.8,-0.52,4.63,1
2025.09.30 12:45:00,12,BUY,1.0,3.29,14,7.008,1.5,0.04,-0.74,-14.02,0
2025.09.30 15:10:00,15,BUY,1.0,4.42,10,12.763,1.5,0.35,-1.0,-25.52,0
2025.09.30 17:50:00,17,BUY,0.59,2.73,12,4.637,1.5,0.69,-0.85,-9.28,0
2025.10.01 07:05:00,7,SELL,0.74,3.22,9,6.008,1.5,4.9,-0.18,9.01,1
2025.10.01 09:45:00,9,SELL,1.0,3.52,3,5.784,1.5,0.46,-0.94,-11.57,0
2025.10.01 11:50:00,11,SELL,0.53,4.08,4,4.958,1.5,0.49,-0.38,14.87,1
2025.10.01 17:45:00,17,BUY,0.68,4.95,12,3.83,1.5,0.9,-0.26,11.49,1
2025.10.01 20:10:00,20,BUY,0.65,3.09,11,4.887,1.5,0.08,-0.79,-9.77,0
2025.10.02 10:40:00,10,BUY,1.0,3.1,4,4.543,1.5,0.22,-0.95,-9.09,0
2025.10.02 11:50:00,11,BUY,1.0,1.57,3,4.282,1.5,0.19,-0.9,-8.57,0
2025.10.02 12:40:00,12,BUY,0.74,2.94,7,5.96,1.5,0.95,-0.96,-11.92,0
2025.10.02 17:40:00,17,BUY,0.64,3.31,4,6.662,1.5,0.34,-0.93,-13.32,0
2025.10.03 08:15:00,8,BUY,0.8,3.83,7,3.812,1.5,0.38,-0.91,-7.62,0
2025.10.03 09:50:00,9,BUY,0.45,3.96,21,4.408,1.5,-0.03,-0.94,-8.82,0
2025.10.03 10:25:00,10,BUY,1.0,2.25,18,3.738,1.5,0.13,-0.91,-7.47,0
2025.10.03 16:10:00,16,BUY,1.0,1.82,3,7.366,1.5,4.15,-0.09,6.33,1
2025.10.03 19:55:00,19,BUY,1.0,1.48,4,3.738,1.5,4.28,-0.12,1.35,1
2025.10.06 08:35:00,8,BUY,0.72,4.58,6,7.786,1.5,0.43,-0.74,-15.58,0
2025.10.06 11:15:00,11,SELL,1.0,2.74,14,6.49,1.5,0.66,-0.96,-12.98,0
2025.10.06 15:10:00,15,BUY,0.59,2.64,5,9.523,1.5,0.32,-0.89,-19.05,0
2025.10.06 17:25:00,17,BUY,0.82,2.31,4,6.055,1.5,0.62,-0.99,-12.11,0
2025.10.06 20:55:00,20,SELL,0.95,2.94,12,3.678,1.5,4.48,-0.82,5.51,1
2025.10.07 08:20:00,8,SELL,0.8,3.47,3,7.731,1.5,4.03,-0.26,11.6,1
2025.10.07 11:20:00,11,BUY,0.56,2.44,6,4.73,1.5,0.69,-0.99,-9.46,0
2025.10.07 12:30:00,12,BUY,0.81,4.18,3,6.689,1.5,0.1,-0.94,-13.37,0
2025.10.07 13:35:00,13,BUY,0.87,4.54,4,8.223,1.5,0.61,-0.93,-16.45,0
2025.10.07 17:50:00,17,BUY,1.0,3.13,30,6.673,1.5,5.4,-0.27,4.24,1
2025.10.07 18:10:00,18,BUY,0.9,3.36,12,7.16,1.5,0.06,-0.97,-14.32,0
2025.10.08 08:50:00,8,BUY,1.0,1.9,6,5.094,1.5,4.79,-0.45,2.36,1
2025.10.08 10:45:00,10,SELL,0.9,2.34,15,6.932,1.5,3.95,-0.75,4.54,1
2025.10.08 17:25:00,17,BUY,0.71,4.72,9,5.612,1.5,4.08,-0.17,8.42,1
2025.10.08 17:45:00,17,SELL,0.88,4.09,3,6.543,1.5,0.58,-0.93,-13.08,0
2025.10.08 18:30:00,18,SELL,0.8,3.18,3,8.29,1.5,0.71,-0.33,-16.58,0
2025.10.09 07:05:00,7,SELL,0.63,4.4,3,7.505,1.5,4.36,-0.79,11.25,1
2025.10.09 13:40:00,13,BUY,0.76,3.72,6,11.068,1.5,4.99,-0.04,16.6,1
2025.10.09 15:50:00,15,SELL,1.0,3.67,16,11.977,1.5,0.59,-0.65,-23.96,0
2025.10.10 07:20:00,7,SELL,0.8,4.31,3,9.555,1.5,4.96,-0.21,14.33,1
2025.10.10 10:00:00,10,BUY,1.0,3.21,3,8.858,1.5,4.42,-0.51,4.83,1
2025.10.10 13:10:00,13,SELL,0.62,2.34,5,9.969,1.5,1.02,-0.8,-9.97,0
2025.10.10 14:20:00,14,SELL,1.0,1.41,16,12.765,1.5,5.6,-0.38,19.14,1
2025.10.10 17:55:00,17,SELL,0.47,3.4,9,11.792,1.5,4.13,-0.44,17.69,1
2025.10.10 18:35:00,18,BUY,0.99,4.37,3,10.162,1.5,0.32,-0.93,-20.32,0
2025.10.13 08:00:00,8,BUY,1.0,2.33,3,6.975,1.5,0.28,-0.95,-13.95,0
2025.10.13 09:40:00,9,SELL,1.0,2.27,13,5.336,1.5,4.56,-0.08,2.85,1
2025.10.13 11:05:00,11,BUY,0.82,4.21,3,5.807,1.5,-0.03,-0.73,-11.62,0
2025.10.13 12:20:00,12,SELL,0.83,3.67,4,5.451,1.5,4.75,-0.23,2.68,1
2025.10.13 13:45:00,13,BUY,0.7,3.49,3,9.027,1.5,-0.0,-0.89,-18.06,0
2025.10.13 15:25:00,15,BUY,0.8,3.39,7,6.878,1.5,0.7,-0.74,-13.76,0
2025.10.13 19:20:00,19,SELL,0.76,4.3,3,6.847,1.5,5.0,-0.05,10.27,1
2025.10.14 08:45:00,8,BUY,0.54,4.61,3,10.785,1.5,0.04,-0.8,-21.57,0
2025.10.14 10:20:00,10,SELL,1.0,4.2,5,9.229,1.5,5.01,-0.03,5.82,1
2025.10.14 13:40:00,13,SELL,1.0,4.38,8,14.318,1.5,4.9,-0.43,21.48,1
2025.10.14 18:40:00,18,SELL,0.61,2.49,4,6.65,1.5,0.49,-0.72,-13.3,0
2025.10.14 19:50:00,19,SELL,1.0,4.21,3,6.669,1.5,4.87,-0.79,10.01,1
2025.10.15 09:00:00,9,BUY,0.8,4.7,9,7.624,1.5,4.77,-0.53,11.44,1
2025.10.15 09:20:00,9,BUY,0.75,2.5,25,9.176,1.5,0.57,-0.11,27.53,1
2025.10.15 12:55:00,12,SELL,0.6,4.37,5,10.645,1.5,5.53,-0.56,15.97,1
2025.10.15 14:35:00,14,BUY,0.75,4.01,5,12.694,1.5,4.35,-0.21,6.22,1
2025.10.15 16:05:00,16,SELL,1.0,2.55,3,12.925,1.5,1.02,-0.77,12.1,1
2025.10.15 20:10:00,20,BUY,0.52,2.21,3,6.358,1.5,0.98,-0.54,19.08,1
2025.10.16 07:20:00,7,SELL,1.0,2.42,30,8.357,1.5,0.39,-0.81,-16.71,0
2025.10.16 11:40:00,11,BUY,0.6,2.09,3,5.951,1.5,1.18,-0.79,-5.95,0
2025.10.16 18:20:00,18,BUY,1.0,3.76,23,10.496,1.5,0.06,-0.97,-20.99,0
2025.10.16 18:35:00,18,SELL,0.9,3.42,4,11.314,1.5,3.9,-0.04,16.97,1
2025.10.17 08:00:00,8,SELL,0.58,4.78,8,21.404,1.5,0.23,-0.89,-21.41,0
2025.10.17 08:35:00,8,BUY,1.0,2.44,3,20.462,1.5,1.45,-0.75,26.55,1
2025.10.17 12:15:00,12,SELL,0.63,3.79,3,22.748,1.5,0.01,-0.99,-22.75,0
2025.10.17 13:05:00,13,BUY,0.55,2.46,3,20.584,1.5,0.64,-0.74,30.88,1
2025.10.17 13:50:00,13,SELL,0.62,4.59,3,22.688,1.5,0.38,-0.67,-22.69,0
2025.10.17 18:05:00,18,SELL,0.62,4.64,19,20.234,1.5,1.14,-0.84,29.78,1
2025.10.20 07:10:00,7,SELL,0.74,3.73,14,13.83,1.5,4.09,-0.14,10.08,1
2025.10.20 08:50:00,8,BUY,1.0,2.06,14,8.115,1.5,0.44,-0.81,-16.23,0
2025.10.20 10:25:00,10,SELL,0.93,2.1,13,8.349,1.5,4.25,-0.79,12.52,1
2025.10.20 14:35:00,14,BUY,1.0,1.42,20,18.096,1.5,0.19,-0.93,-18.1,0
2025.10.21 07:10:00,7,BUY,0.83,3.59,4,10.817,1.5,5.2,-0.15,16.22,1
2025.10.21 10:30:00,10,SELL,0.7,3.7,3,12.728,1.5,0.61,-1.0,-25.46,0
2025.10.21 16:55:00,16,SELL,0.82,4.5,4,18.049,1.5,0.02,-0.99,-18.05,0
2025.10.21 17:35:00,17,SELL,0.63,2.18,6,20.491,1.5,0.7,-0.66,14.22,1
2025.10.22 07:10:00,7,SELL,1.0,2.33,14,13.268,1.5,0.63,-0.76,-26.53,0
2025.10.22 10:15:00,10,SELL,0.45,1.76,5,23.949,1.5,0.63,-0.6,-23.94,0
2025.10.22 12:25:00,12,BUY,1.0,2.32,5,22.261,1.5,0.07,-0.89,-22.26,0
2025.10.22 12:50:00,12,BUY,1.0,2.03,4,19.687,1.5,0.89,-0.69,-19.69,0
2025.10.22 17:05:00,17,BUY,0.86,3.91,7,18.402,1.5,0.14,-0.32,-8.82,0
2025.10.23 07:20:00,7,SELL,1.0,1.76,5,13.349,1.5,0.02,-0.69,-26.7,0
2025.10.23 08:05:00,8,SELL,1.0,3.56,6,13.997,1.5,3.97,-0.14,8.55,1
2025.10.23 10:05:00,10,BUY,1.0,1.41,7,9.833,1.5,5.43,-0.14,14.75,1
2025.10.23 10:40:00,10,BUY,1.0,2.06,17,10.639,1.5,5.37,-0.18,4.59,1
2025.10.23 11:05:00,11,SELL,0.51,3.35,3,12.291,1.5,0.1,-0.92,-24.58,0
2025.10.23 16:35:00,16,SELL,0.53,3.12,3,8.985,1.5,0.03,-0.75,-17.97,0
2025.10.23 17:05:00,17,SELL,0.87,3.19,4,9.994,1.5,0.14,-0.97,-19.99,0
2025.10.23 17:40:00,17,SELL,0.63,2.26,3,11.168,1.5,0.8,-0.89,-22.34,0
2025.10.24 11:35:00,11,SELL,0.81,4.27,7,11.033,1.5,0.48,-0.51,33.1,1
2025.10.24 12:50:00,12,BUY,1.0,4.27,4,13.884,1.5,0.08,-1.0,-27.77,0
2025.10.24 14:55:00,14,BUY,0.88,3.82,9,17.091,1.5,0.36,-0.98,-17.09,0
2025.10.27 08:40:00,8,SELL,0.53,3.72,3,7.341,1.5,-0.02,-0.96,-14.69,0
2025.10.27 12:05:00,12,SELL,0.81,3.87,6,13.737,1.5,4.49,-0.29,7.36,1
2025.10.27 13:15:00,13,BUY,0.63,3.35,3,10.522,1.5,4.78,-0.43,15.78,1
2025.10.27 15:30:00,15,SELL,1.0,2.75,5,17.85,1.5,1.3,-0.42,21.34,1
2025.10.27 18:35:00,18,BUY,1.0,1.63,6,7.957,1.5,3.91,-0.31,1.99,1
2025.10.27 19:20:00,19,BUY,0.72,3.33,22,8.607,1.5,4.78,-0.02,12.91,1
2025.10.28 07:50:00,7,SELL,0.74,3.74,4,12.535,1.5,0.02,-0.97,-25.07,0
2025.10.28 10:10:00,10,BUY,1.0,1.46,6,14.298,1.5,0.26,-0.89,-28.59,0
2025.10.28 11:05:00,11,BUY,0.8,4.08,3,13.213,1.5,0.85,-1.0,-26.43,0
2025.10.28 13:45:00,13,SELL,0.94,3.13,11,13.601,1.5,4.7,-0.24,20.4,1
2025.10.28 16:55:00,16,SELL,1.0,2.39,4,10.195,1.5,4.73,-0.18,3.75,1
2025.10.28 18:45:00,18,SELL,1.0,3.07,3,8.877,1.5,4.18,-0.3,4.59,1
2025.10.28 20:10:00,20,BUY,0.44,2.73,3,8.876,1.5,0.57,-0.77,26.63,1
2025.10.29 13:25:00,13,SELL,0.59,3.35,3,9.498,1.5,0.16,-0.97,-18.99,0
2025.10.29 13:55:00,13,SELL,0.93,2.72,3,11.211,1.5,4.13,-0.12,2.8,1
2025.10.29 16:10:00,16,SELL,1.0,4.14,4,9.668,1.5,0.28,-0.94,-19.33,0
2025.10.29 17:40:00,17,SELL,1.0,2.69,3,7.948,1.5,0.24,-0.75,-15.9,0
2025.10.30 07:20:00,7,BUY,0.66,2.78,4,12.907,1.5,1.0,-0.97,-25.82,0
2025.10.30 10:55:00,10,SELL,0.7,4.38,4,10.896,1.5,0.08,-0.84,-21.79,0
2025.10.30 11:40:00,11,SELL,1.0,3.86,4,10.471,1.5,4.22,-0.33,2.62,1
2025.10.30 14:40:00,14,BUY,1.0,4.95,6,18.24,1.5,0.25,-0.94,-14.23,0
2025.10.30 18:05:00,18,BUY,0.85,2.96,28,8.115,1.5,0.1,-1.0,-16.23,0
2025.10.30 20:25:00,20,BUY,0.97,4.54,14,7.086,1.5,0.32,-0.96,-14.17,0
2025.10.31 07:10:00,7,BUY,0.84,2.31,11,9.893,1.5,0.15,-0.85,-19.78,0
2025.10.31 08:35:00,8,BUY,0.92,3.15,6,8.296,1.5,5.45,-0.83,12.44,1
2025.10.31 10:50:00,10,BUY,0.98,3.88,8,7.493,1.5,0.65,-0.96,-14.98,0
2025.10.31 13:45:00,13,BUY,0.6,4.91,12,12.244,1.5,5.94,-0.94,18.37,1
2025.10.31 18:50:00,18,BUY,0.89,3.18,5,8.04,1.5,5.43,-0.31,5.21,1
2025.10.31 19:45:00,19,SELL,0.71,3.21,5,7.798,1.5,0.95,-0.42,-16.73,0
2025.11.03 07:15:00,7,BUY,0.74,2.02,11,7.533,1.5,0.22,-0.9,-15.06,0
2025.11.03 08:20:00,8,BUY,0.67,3.59,3,6.967,1.5,4.44,-0.13,1.97,1
2025.11.03 11:00:00,11,SELL,1.0,1.79,3,6.79,1.5,4.67,-0.71,3.92,1
2025.11.03 14:00:00,14,BUY,1.0,2.54,5,6.825,1.5,5.83,-0.73,10.23,1
2025.11.03 14:45:00,14,SELL,1.0,3.69,3,8.873,1.5,5.54,-0.02,13.31,1
2025.11.03 16:50:00,16,SELL,0.75,4.04,7,12.308,1.5,0.27,-0.74,-24.62,0
2025.11.03 19:15:00,19,SELL,0.93,1.84,11,7.765,1.5,4.26,-0.5,6.04,1
2025.11.04 07:05:00,7,SELL,1.0,1.97,24,9.225,1.5,4.33,-0.2,6.76,1
2025.11.04 11:20:00,11,BUY,1.0,2.09,8,5.738,1.5,0.92,-0.91,0.25,1
2025.11.04 12:00:00,12,SELL,1.0,4.83,24,4.904,1.5,0.45,-0.9,-9.81,0
2025.11.04 13:25:00,13,SELL,1.0,1.99,6,7.974,1.5,-0.02,-0.87,-15.95,0
2025.11.04 16:00:00,16,BUY,0.76,3.5,4,13.491,1.5,-0.0,-0.8,-26.98,0
2025.11.04 16:50:00,16,BUY,1.0,3.87,6,8.7,1.5,4.43,-0.64,13.05,1
2025.11.04 19:45:00,19,BUY,1.0,1.84,6,8.987,1.5,0.83,-0.47,11.53,1
2025.11.05 07:00:00,7,BUY,0.64,3.27,27,7.479,1.5,0.33,-0.88,-14.96,0
2025.11.05 10:45:00,10,SELL,0.46,4.41,8,7.531,1.5,0.41,-0.97,-15.06,0
2025.11.05 11:45:00,11,SELL,0.97,3.12,4,6.417,1.5,3.8,-0.16,1.61,1
2025.11.05 13:05:00,13,BUY,1.0,1.93,28,5.577,1.5,0.12,-0.98,-11.16,0
2025.11.05 14:45:00,14,BUY,0.51,3.06,3,8.524,1.5,5.2,-0.28,3.08,1
2025.11.05 17:10:00,17,BUY,0.62,2.82,4,8.042,1.5,0.71,-0.74,-11.02,0
2025.11.05 20:30:00,20,BUY,0.72,4.81,5,4.002,1.5,1.9,-0.68,6.0,1
2025.11.06 10:55:00,10,SELL,0.53,4.3,4,4.359,1.5,5.0,-0.4,6.53,1
2025.11.06 12:10:00,12,BUY,0.86,4.06,4,5.476,1.5,4.86,-0.27,8.21,1
2025.11.06 15:55:00,15,SELL,1.0,2.49,4,11.163,1.5,0.42,-0.75,-22.33,0
2025.11.06 19:35:00,19,BUY,0.71,2.71,4,5.799,1.5,5.33,-0.12,3.55,1
2025.11.06 20:20:00,20,BUY,0.42,3.87,20,5.618,1.5,1.26,-0.56,8.43,1
2025.11.07 09:30:00,9,BUY,0.68,3.13,3,5.129,1.5,4.4,-0.28,1.28,1
2025.11.07 12:15:00,12,BUY,0.92,1.99,15,7.927,1.5,4.55,-0.09,11.89,1
2025.11.07 13:05:00,13,SELL,0.67,4.17,3,7.135,1.5,4.68,-1.0,2.42,1
2025.11.07 16:20:00,16,BUY,0.64,3.52,24,7.835,1.5,0.08,-0.94,-15.67,0
2025.11.07 20:40:00,20,SELL,0.67,3.5,3,6.932,1.5,0.45,-0.62,3.01,1
2025.11.10 08:20:00,8,BUY,1.0,2.45,3,6.63,1.5,0.0,-0.9,-13.26,0
2025.11.10 08:50:00,8,BUY,1.0,2.68,3,6.78,1.5,1.31,-0.85,-1.73,0
2025.11.10 13:35:00,13,BUY,0.68,3.03,6,7.104,1.5,5.23,-0.31,10.66,1
2025.11.10 14:55:00,14,SELL,0.9,2.43,4,10.354,1.5,3.64,-0.04,2.59,1
2025.11.10 16:20:00,16,BUY,1.0,1.64,12,8.104,1.5,0.19,-0.98,-16.2,0
2025.11.10 17:40:00,17,BUY,0.99,1.72,3,5.19,1.5,0.3,-0.77,-10.38,0
2025.11.11 07:00:00,7,BUY,1.0,2.76,7,7.038,1.5,0.7,-0.91,-14.08,0
2025.11.11 10:50:00,10,SELL,1.0,2.44,4,5.185,1.5,0.62,-0.93,-10.37,0
2025.11.11 13:10:00,13,SELL,0.9,2.86,3,5.246,1.5,4.01,-0.04,1.31,1
2025.11.11 13:45:00,13,BUY,1.0,1.45,25,6.311,1.5,5.54,-0.63,9.46,1
2025.11.11 17:25:00,17,BUY,1.0,1.89,3,5.887,1.5,4.74,-0.38,2.51,1
2025.11.12 07:35:00,7,BUY,0.93,3.42,5,6.25,1.5,4.37,-0.13,1.56,1
2025.11.12 12:55:00,12,BUY,1.0,4.75,5,5.834,1.5,4.22,-0.09,8.75,1
2025.11.12 14:30:00,14,BUY,0.99,3.06,4,7.889,1.5,0.83,-0.93,-15.78,0
2025.11.12 17:20:00,17,BUY,1.0,2.43,4,10.927,1.5,0.01,-0.86,-21.85,0
2025.11.12 18:00:00,18,BUY,0.57,2.83,4,8.905,1.5,0.95,-0.85,-17.81,0
2025.11.12 20:30:00,20,SELL,1.0,2.13,5,7.499,1.5,4.09,-0.61,11.25,1
2025.11.13 07:50:00,7,BUY,1.0,3.31,4,5.59,1.5,0.34,-0.88,-11.18,0
2025.11.13 09:35:00,9,SELL,1.0,2.14,7,8.791,1.5,0.91,-0.69,-17.58,0
2025.11.13 11:35:00,11,SELL,0.95,2.47,3,8.613,1.5,4.22,-0.15,5.62,1
2025.11.13 13:15:00,13,SELL,0.52,2.69,27,8.462,1.5,0.83,-0.88,-16.92,0
2025.11.13 13:55:00,13,SELL,1.0,2.37,4,12.916,1.5,0.07,-0.78,-25.83,0
2025.11.13 15:25:00,15,SELL,1.0,3.76,9,16.566,1.5,0.01,-0.77,-16.56,0
2025.11.13 16:40:00,16,BUY,0.54,3.46,5,11.401,1.5,4.38,-0.73,17.1,1
2025.11.14 07:05:00,7,SELL,1.0,2.67,3,9.73,1.5,0.09,-0.97,-19.46,0
2025.11.14 07:40:00,7,SELL,0.95,3.21,3,10.087,1.5,5.04,-0.18,4.48,1
2025.11.14 08:20:00,8,SELL,0.96,3.26,23,10.527,1.5,0.47,-0.82,-21.06,0
2025.11.14 10:20:00,10,SELL,1.0,2.14,3,7.439,1.5,0.6,-0.97,-14.88,0
2025.11.14 17:30:00,17,BUY,0.6,4.54,10,11.707,1.5,5.15,-1.0,17.56,1
2025.11.14 18:35:00,18,SELL,0.55,3.75,3,13.83,1.5,0.38,-0.99,-27.66,0
2025.11.14 20:50:00,20,SELL,0.41,3.49,5,11.717,1.5,0.02,-1.01,-12.6,0
2025.11.17 10:30:00,10,BUY,0.82,2.49,3,7.473,1.5,5.92,-0.3,11.21,1
2025.11.17 15:05:00,15,BUY,0.95,2.74,6,11.476,1.5,5.06,-0.58,17.21,1
2025.11.17 16:20:00,16,SELL,0.84,3.84,3,11.567,1.5,4.2,-0.27,17.35,1
2025.11.17 17:55:00,17,BUY,0.78,3.81,5,7.316,1.5,4.37,-0.49,10.98,1
2025.11.18 07:45:00,7,SELL,1.0,1.51,14,9.201,1.5,5.63,-0.2,13.8,1
2025.11.18 09:05:00,9,BUY,0.64,3.41,5,11.095,1.5,0.34,-0.79,-22.19,0
2025.11.18 11:00:00,11,BUY,1.0,2.54,3,8.981,1.5,5.27,-0.7,5.26,1
2025.11.18 13:05:00,13,SELL,0.92,2.26,14,10.325,1.5,0.95,-0.56,30.97,1
2025.11.18 14:45:00,14,BUY,0.52,2.41,6,12.393,1.5,4.63,-0.36,18.59,1
2025.11.18 16:15:00,16,SELL,1.0,3.85,3,14.51,1.5,4.33,-0.15,7.32,1
2025.11.18 17:20:00,17,BUY,1.0,2.2,4,10.306,1.5,0.2,-0.89,-20.61,0
2025.11.18 18:15:00,18,BUY,1.0,3.35,7,8.652,1.5,0.59,-0.97,-17.3,0
2025.11.18 19:55:00,19,BUY,1.0,1.82,4,7.45,1.5,4.55,-0.6,10.01,1
2025.11.19 07:25:00,7,SELL,0.64,2.79,4,6.568,1.5,1.05,-0.89,-6.56,0
2025.11.19 15:30:00,15,BUY,0.74,3.28,3,12.55,1.5,1.02,-0.4,18.83,1
2025.11.19 17:20:00,17,SELL,1.0,2.37,3,16.716,1.5,1.46,-0.18,25.07,1
2025.11.19 19:05:00,19,BUY,0.7,2.82,3,9.598,1.5,5.07,-0.21,4.62,1
2025.11.20 07:00:00,7,SELL,0.57,1.76,17,9.454,1.5,0.86,-0.9,-18.91,0
2025.11.20 12:00:00,12,SELL,0.65,3.26,8,8.422,1.5,0.69,-0.96,-5.9,0
2025.11.20 14:05:00,14,BUY,1.0,2.75,6,21.381,1.5,0.18,-0.92,-21.38,0
2025.11.20 15:10:00,15,BUY,0.85,3.4,4,16.891,1.5,1.35,-0.61,25.33,1
2025.11.21 07:15:00,7,SELL,0.88,2.4,3,11.63,1.5,4.04,-0.87,4.39,1
2025.11.21 09:40:00,9,BUY,0.95,3.89,5,11.221,1.5,4.95,-0.25,16.83,1
2025.11.21 14:20:00,14,BUY,0.62,4.36,4,9.983,1.5,1.02,-0.61,14.98,1
2025.11.21 15:55:00,15,SELL,0.61,3.2,3,11.887,1.5,4.19,-0.39,17.83,1
2025.11.24 07:25:00,7,BUY,0.76,2.77,9,6.466,1.5,0.32,-0.9,-12.93,0
2025.11.24 08:25:00,8,BUY,0.77,3.29,8,8.381,1.5,0.12,-0.77,-16.76,0
2025.11.24 09:25:00,9,BUY,1.0,2.9,3,7.081,1.5,0.42,-0.78,-14.17,0
2025.11.24 11:20:00,11,SELL,0.64,2.17,4,6.507,1.5,4.59,-0.47,9.76,1
2025.11.24 13:50:00,13,BUY,0.51,3.68,12,8.791,1.5,0.93,-0.93,-17.59,0
2025.11.24 16:30:00,16,BUY,1.0,1.71,4,6.274,1.5,0.03,-0.89,-12.55,0
2025.11.24 16:55:00,16,BUY,1.0,2.13,4,5.726,1.5,4.59,-0.93,2.01,1
2025.11.25 08:15:00,8,SELL,1.0,2.11,4,7.503,1.5,0.66,-0.73,-15.01,0
2025.11.25 09:55:00,9,BUY,1.0,1.72,3,9.752,1.5,-0.02,-0.97,-19.5,0
2025.11.25 10:50:00,10,BUY,1.0,3.19,7,7.093,1.5,0.76,-0.82,21.27,1
2025.11.25 13:05:00,13,SELL,0.69,1.39,26,9.116,1.5,4.57,-0.03,13.67,1
2025.11.25 17:55:00,17,BUY,0.72,3.98,5,10.955,1.5,4.09,-0.54,6.29,1
2025.11.25 20:25:00,20,BUY,0.53,2.42,4,6.734,1.5,0.9,-0.48,0.16,1
2025.11.26 07:05:00,7,SELL,1.0,3.47,6,6.885,1.5,3.9,-0.43,10.32,1
2025.11.26 08:40:00,8,BUY,0.76,3.05,3,6.785,1.5,4.25,-0.03,1.69,1
2025.11.26 10:25:00,10,BUY,0.89,2.52,3,5.194,1.5,1.03,-0.69,-5.19,0
2025.11.26 15:50:00,15,BUY,0.83,1.62,29,9.906,1.5,0.29,-0.96,-19.81,0
2025.11.26 18:25:00,18,BUY,0.87,2.33,3,4.477,1.5,5.19,-0.32,6.72,1
2025.11.26 19:05:00,19,BUY,1.0,1.32,21,6.322,1.5,0.86,-0.5,4.06,1
2025.11.27 09:10:00,9,BUY,0.51,3.15,23,5.277,1.5,1.04,-0.12,7.92,1
2025.11.27 11:55:00,11,BUY,1.0,2.75,3,3.906,1.5,4.43,-0.32,5.86,1
2025.11.27 13:35:00,13,SELL,1.0,1.27,11,5.255,1.5,0.99,-0.99,-3.84,0
2025.11.27 16:50:00,16,SELL,0.56,4.64,5,3.519,1.5,3.94,-0.6,1.97,1
2025.11.28 07:25:00,7,BUY,0.76,4.34,8,2.817,1.5,4.77,-0.23,4.23,1
2025.11.28 13:40:00,13,BUY,0.71,1.8,8,4.753,1.5,0.62,-0.82,-9.5,0
2025.11.28 19:15:00,19,BUY,1.0,4.69,9,5.757,1.5,0.5,-0.39,-1.98,0
2025.12.01 07:20:00,7,BUY,0.77,3.72,6,6.737,1.5,0.36,-0.85,-13.47,0
2025.12.01 08:35:00,8,BUY,0.84,4.2,4,6.415,1.5,1.03,-0.93,-6.41,0
2025.12.01 10:25:00,10,BUY,0.75,4.46,3,7.295,1.5,4.95,-0.52,3.54,1
2025.12.01 14:55:00,14,SELL,0.85,3.65,3,16.249,1.5,0.24,-0.98,-16.25,0
2025.12.01 15:55:00,15,SELL,1.0,3.16,7,14.061,1.5,0.96,-0.57,15.22,1
2025.12.01 19:15:00,19,BUY,0.63,3.68,6,7.01,1.5,3.71,-0.9,1.75,1
2025.12.01 20:05:00,20,SELL,0.78,3.58,3,7.188,1.5,0.54,-1.02,-14.38,0
2025.12.02 08:05:00,8,BUY,1.0,3.02,9,5.267,1.5,5.69,-0.79,7.9,1
2025.12.02 12:20:00,12,BUY,1.0,3.18,3,6.505,1.5,0.08,-0.85,-13.01,0
2025.12.02 15:05:00,15,BUY,1.0,4.66,8,10.552,1.5,5.81,-0.08,15.83,1
2025.12.02 16:10:00,16,SELL,1.0,3.35,3,14.928,1.5,4.31,-0.27,15.09,1
2025.12.02 18:30:00,18,BUY,0.73,4.68,12,5.941,1.5,1.01,-0.89,-5.94,0
2025.12.03 07:50:00,7,SELL,0.64,3.14,4,5.69,1.5,0.73,-0.88,-11.38,0
2025.12.03 12:20:00,12,BUY,0.58,3.0,4,4.681,1.5,0.23,-0.78,-9.36,0
2025.12.03 14:30:00,14,BUY,0.62,3.63,6,13.215,1.5,0.07,-0.79,-26.43,0
2025.12.03 17:10:00,17,SELL,1.0,4.76,3,10.747,1.5,0.69,-0.89,-21.5,0
2025.12.03 19:05:00,19,SELL,0.8,2.5,3,8.028,1.5,4.21,-0.22,6.87,1
2025.12.04 11:45:00,11,SELL,1.0,1.69,10,5.483,1.5,0.07,-0.88,-10.97,0
2025.12.04 13:30:00,13,SELL,0.66,3.26,10,7.015,1.5,-0.02,-0.02,-14.03,0
2025.12.04 14:45:00,14,BUY,0.61,4.6,3,9.981,1.5,0.83,-0.93,-19.96,0
2025.12.04 16:40:00,16,BUY,0.62,3.67,5,8.035,1.5,3.53,-0.93,5.75,1
2025.12.05 07:00:00,7,BUY,0.78,3.72,8,5.056,1.5,-0.03,-0.87,-10.11,0
2025.12.05 09:30:00,9,SELL,0.8,3.48,3,4.95,1.5,4.18,-0.35,2.91,1
2025.12.05 11:35:00,11,SELL,1.0,2.18,7,3.928,1.5,4.28,-0.41,5.9,1
2025.12.05 12:30:00,12,BUY,0.7,3.4,5,4.742,1.5,0.33,-0.93,-9.49,0
2025.12.05 15:50:00,15,BUY,1.0,4.18,3,10.511,1.5,5.46,-0.02,15.77,1
2025.12.05 17:40:00,17,BUY,0.44,2.11,7,10.246,1.5,0.85,-0.85,16.1,1
2025.12.08 07:05:00,7,BUY,1.0,2.08,13,4.927,1.5,4.46,-0.21,7.4,1
2025.12.08 09:25:00,9,SELL,1.0,2.24,4,6.22,1.5,0.47,-0.69,-12.44,0
2025.12.08 11:20:00,11,SELL,0.6,2.86,3,5.289,1.5,5.57,-0.18,7.94,1
2025.12.08 12:00:00,12,BUY,1.0,2.07,26,5.637,1.5,-0.02,-0.95,-11.27,0
2025.12.08 14:50:00,14,SELL,0.62,1.77,10,9.028,1.5,0.98,-0.73,-18.05,0
2025.12.08 16:55:00,16,BUY,1.0,4.71,5,7.725,1.5,0.67,-0.83,5.89,1
2025.12.08 20:10:00,20,SELL,1.0,3.04,14,4.691,1.5,5.07,-0.43,2.32,1
2025.12.09 11:30:00,11,SELL,0.68,1.72,3,4.203,1.5,0.59,-0.93,-8.4,0
2025.12.09 12:45:00,12,SELL,0.64,2.84,5,4.186,1.5,4.73,-0.15,1.63,1
2025.12.09 13:45:00,13,SELL,1.0,2.75,3,7.429,1.5,0.37,-0.84,-14.86,0
2025.12.09 17:15:00,17,BUY,0.84,4.53,13,8.484,1.5,4.22,-0.04,4.01,1
2025.12.09 18:45:00,18,SELL,1.0,2.59,9,5.153,1.5,4.48,-0.21,2.53,1
2025.12.09 19:25:00,19,BUY,0.81,3.15,3,4.618,1.5,0.27,-0.82,-9.24,0
2025.12.09 20:25:00,20,BUY,0.78,3.46,3,4.516,1.5,0.71,-0.75,3.61,1
2025.12.10 07:10:00,7,BUY,0.88,1.56,30,4.773,1.5,4.0,-0.32,7.16,1
2025.12.10 11:00:00,11,SELL,0.86,3.37,6,4.52,1.5,4.35,-0.18,6.78,1
2025.12.10 12:55:00,12,BUY,0.49,3.64,8,4.314,1.5,0.85,-0.86,-8.62,0
2025.12.11 07:05:00,7,BUY,0.86,2.4,7,5.682,1.5,0.26,-0.95,-11.37,0
2025.12.11 09:05:00,9,BUY,1.0,1.39,26,5.565,1.5,0.42,-0.95,-11.13,0
2025.12.11 12:20:00,12,SELL,0.7,2.78,9,5.014,1.5,5.32,-0.06,3.42,1
2025.12.11 13:25:00,13,SELL,0.67,1.87,17,6.277,1.5,5.54,-0.47,9.41,1
2025.12.11 18:35:00,18,BUY,0.59,3.5,5,6.92,1.5,0.99,-0.68,20.76,1
2025.12.11 19:15:00,19,SELL,0.63,3.86,3,8.961,1.5,1.35,-0.81,22.81,1
2025.12.12 13:05:00,13,SELL,0.59,3.3,4,7.616,1.5,5.67,-0.11,11.43,1
2025.12.12 20:00:00,20,BUY,1.0,2.91,21,7.123,1.5,0.88,-0.46,14.31,1
2025.12.15 07:05:00,7,BUY,0.54,2.12,9,4.92,1.5,4.75,-0.65,7.38,1
2025.12.15 08:35:00,8,BUY,0.77,1.75,22,5.72,1.5,0.15,-0.97,-11.44,0
2025.12.15 09:25:00,9,BUY,0.54,3.55,7,5.006,1.5,0.07,-0.89,-10.02,0
2025.12.15 10:20:00,10,SELL,0.71,3.22,4,5.12,1.5,0.6,-0.85,-10.24,0
2025.12.15 11:20:00,11,SELL,1.0,2.25,3,5.372,1.5,4.5,-0.06,8.06,1
2025.12.15 12:50:00,12,SELL,1.0,4.91,27,3.734,1.5,0.65,-0.86,-7.47,0
2025.12.15 19:30:00,19,BUY,0.83,4.77,6,6.523,1.5,1.07,-0.8,9.78,1
2025.12.15 20:45:00,20,SELL,1.0,4.22,5,6.24,1.5,0.63,-0.82,2.12,1
2025.12.16 07:00:00,7,BUY,1.0,2.05,5,5.417,1.5,5.04,-0.16,8.13,1
2025.12.16 08:55:00,8,BUY,0.7,1.65,11,6.952,1.5,4.02,-0.25,3.69,1
2025.12.16 10:20:00,10,SELL,1.0,2.36,6,5.57,1.5,0.44,-0.99,-11.14,0
2025.12.16 11:30:00,11,SELL,0.55,2.44,4,5.31,1.5,5.36,-0.4,7.96,1
2025.12.16 13:05:00,13,BUY,1.0,2.15,4,5.96,1.5,-0.01,-0.83,-11.92,0
2025.12.16 13:45:00,13,BUY,0.94,4.69,3,8.209,1.5,0.53,-0.96,-16.42,0
2025.12.16 15:20:00,15,BUY,0.8,4.31,10,13.139,1.5,0.32,-1.0,-26.28,0
2025.12.17 08:20:00,8,SELL,1.0,3.15,3,7.066,1.5,1.0,-0.9,-7.07,0
2025.12.17 11:05:00,11,SELL,1.0,1.91,14,5.67,1.5,4.2,-0.72,8.51,1
2025.12.17 17:45:00,17,BUY,1.0,3.3,27,8.713,1.5,3.6,-0.9,2.18,1
2025.12.17 19:05:00,19,SELL,0.74,3.4,3,7.813,1.5,4.06,-0.81,4.6,1
2025.12.18 11:25:00,11,BUY,1.0,2.19,4,3.682,1.5,4.3,-0.33,1.34,1
2025.12.18 12:40:00,12,SELL,0.52,4.4,3,3.977,1.5,0.24,-0.9,-7.96,0
2025.12.18 13:30:00,13,SELL,1.0,2.78,5,6.134,1.5,-0.04,-0.04,18.4,1
2025.12.18 15:25:00,15,SELL,0.97,4.05,8,16.101,1.5,1.17,-0.07,24.15,1
2025.12.18 20:10:00,20,SELL,1.0,3.11,17,8.213,1.5,0.48,-0.75,-3.76,0
2025.12.19 07:40:00,7,BUY,0.86,1.94,17,4.735,1.5,4.42,-0.05,1.65,1
2025.12.19 09:00:00,9,BUY,0.75,3.09,4,4.886,1.5,0.32,-0.95,-9.78,0
2025.12.19 10:05:00,10,BUY,0.74,3.41,4,4.038,1.5,3.68,-0.69,6.05,1
2025.12.19 10:45:00,10,SELL,0.95,3.18,3,5.214,1.5,0.48,-0.9,-10.42,0
2025.12.19 12:40:00,12,SELL,0.65,1.38,13,4.63,1.5,1.0,-0.94,6.94,1
2025.12.19 16:15:00,16,BUY,0.68,3.64,3,9.492,1.5,0.09,-0.92,-18.99,0
2025.12.19 17:25:00,17,BUY,1.0,2.47,4,7.547,1.5,3.42,-0.94,4.56,1
2025.12.19 20:30:00,20,SELL,0.63,3.77,3,3.91,1.5,-0.04,-0.87,-7.82,0
2025.12.22 07:20:00,7,BUY,0.63,4.86,4,7.386,1.5,0.77,-0.86,-4.69,0
2025.12.22 10:25:00,10,BUY,1.0,2.32,4,3.728,1.5,5.12,-0.24,5.6,1
2025.12.22 10:35:00,10,SELL,1.0,3.37,24,4.075,1.5,0.29,-0.95,-8.15,0
2025.12.22 11:10:00,11,SELL,0.65,2.11,27,4.173,1.5,5.04,-0.81,6.26,1
2025.12.22 18:00:00,18,SELL,1.0,2.93,6,5.905,1.5,0.06,-0.9,-11.81,0
2025.12.22 19:00:00,19,SELL,0.71,3.2,3,4.979,1.5,0.12,-0.74,-9.96,0
2025.12.22 19:30:00,19,SELL,1.0,2.61,3,5.326,1.5,4.11,-0.3,2.65,1
2025.12.23 07:00:00,7,SELL,0.98,2.2,20,6.54,1.5,4.31,-0.49,5.19,1
2025.12.23 12:10:00,12,BUY,0.86,4.44,3,4.372,1.5,0.91,-0.92,-8.74,0
2025.12.23 13:30:00,13,BUY,0.62,3.91,3,6.244,1.5,0.69,-0.58,18.74,1
2025.12.23 16:00:00,16,SELL,0.74,4.74,12,17.637,1.5,1.35,-0.16,26.46,1
2025.12.23 20:30:00,20,BUY,0.8,1.92,3,4.94,1.5,1.68,-1.66,-4.94,0
2025.12.24 08:15:00,8,SELL,1.0,4.68,3,6.231,1.5,4.41,-0.45,1.56,1
2025.12.24 09:35:00,9,BUY,1.0,2.44,11,7.504,1.5,0.04,-0.82,-15.01,0
2025.12.24 10:30:00,10,BUY,0.58,3.62,5,6.512,1.5,5.07,-0.1,9.77,1
2025.12.24 10:55:00,10,SELL,1.0,3.38,5,7.384,1.5,0.87,-0.97,-14.77,0
2025.12.24 13:40:00,13,SELL,0.57,3.87,3,8.581,1.5,0.55,-0.75,-17.16,0
2025.12.24 16:05:00,16,SELL,0.4,3.28,4,17.203,1.5,1.14,-0.24,16.47,1
2025.12.26 07:20:00,7,BUY,0.71,3.04,8,6.098,1.5,0.99,-0.77,-12.2,0
2025.12.26 10:10:00,10,SELL,0.8,2.74,3,4.434,1.5,5.67,-0.18,6.65,1
2025.12.26 12:55:00,12,BUY,0.57,2.63,4,5.266,1.5,1.45,-0.87,-5.26,0
2025.12.26 15:15:00,15,BUY,0.7,1.7,9,11.312,1.5,0.08,-0.74,-22.62,0
2025.12.26 19:30:00,19,BUY,1.0,2.39,3,7.997,1.5,4.75,-0.07,3.55,1
2025.12.26 20:25:00,20,BUY,1.0,3.69,19,7.868,1.5,0.52,-1.11,-15.74,0
2025.12.29 10:25:00,10,BUY,0.52,3.36,8,8.363,1.5,4.74,-0.17,4.61,1
2025.12.29 11:20:00,11,SELL,0.79,3.8,10,8.086,1.5,0.35,-0.69,-16.17,0
2025.12.29 16:45:00,16,BUY,0.63,2.05,7,17.373,1.5,1.15,-0.74,4.34,1
2025.12.30 07:15:00,7,SELL,0.6,3.65,6,9.494,1.5,5.47,-0.32,14.24,1
2025.12.30 08:05:00,8,BUY,0.88,3.72,30,9.958,1.5,5.75,-0.79,14.93,1
2025.12.30 08:50:00,8,SELL,0.58,3.66,4,11.426,1.5,4.73,-0.09,8.74,1
2025.12.30 13:15:00,13,BUY,1.0,1.56,3,8.77,1.5,4.75,-0.02,13.15,1
2025.12.30 17:15:00,17,BUY,0.89,3.45,3,9.805,1.5,4.12,-0.57,14.71,1
2025.12.31 08:25:00,8,SELL,0.82,2.76,3,8.108,1.5,0.05,-0.76,-16.21,0
2025.12.31 09:10:00,9,SELL,1.0,4.29,3,9.872,1.5,4.72,-0.54,14.81,1
2025.12.31 10:00:00,10,BUY,0.67,4.05,3,11.45,1.5,5.58,-0.5,17.17,1
2025.12.31 15:10:00,15,BUY,0.77,4.94,14,14.361,1.5,4.05,-0.67,5.59,1
2025.12.31 17:50:00,17,BUY,0.77,2.62,3,7.734,1.5,4.34,-0.97,1.93,1
2026.01.02 07:15:00,7,SELL,0.59,2.09,6,5.568,1.5,5.12,-0.94,8.35,1
2026.01.02 09:00:00,9,BUY,0.98,4.09,3,6.833,1.5,0.52,-0.97,-13.66,0
2026.01.02 11:40:00,11,BUY,0.71,4.15,9,5.791,1.5,4.87,-0.9,3.24,1
2026.01.02 15:45:00,15,SELL,0.71,3.54,5,16.216,1.5,0.05,-0.81,-16.22,0
2026.01.02 17:05:00,17,SELL,0.91,4.36,9,12.901,1.5,0.1,-0.9,-25.8,0
2026.01.02 18:55:00,18,SELL,1.0,2.57,3,8.163,1.5,5.31,-0.17,5.1,1
2026.01.02 19:55:00,19,BUY,0.74,2.75,3,6.338,1.5,0.41,-0.88,-12.68,0
2026.01.05 08:05:00,8,BUY,0.54,2.39,5,6.08,1.5,0.24,-0.72,-12.16,0
2026.01.05 08:35:00,8,BUY,0.88,2.99,4,6.382,1.5,0.07,-0.94,-12.77,0
2026.01.05 09:05:00,9,BUY,0.77,2.8,3,6.493,1.5,0.33,-1.0,-12.99,0
2026.01.05 13:05:00,13,SELL,0.53,4.61,3,7.825,1.5,0.43,-0.7,-15.65,0
2026.01.05 15:40:00,15,BUY,0.84,4.54,7,14.599,1.5,0.2,-0.99,-29.2,0
2026.01.05 18:00:00,18,BUY,0.45,2.83,14,11.313,1.5,0.76,-0.54,-22.63,0
2026.01.06 08:10:00,8,SELL,1.0,2.5,3,6.447,1.5,4.99,-0.47,9.67,1
2026.01.06 08:40:00,8,BUY,0.92,2.4,19,6.832,1.5,4.24,-0.4,10.25,1
2026.01.06 11:15:00,11,BUY,1.0,2.39,8,5.532,1.5,0.33,-0.95,-11.07,0
2026.01.06 15:15:00,15,BUY,0.74,4.03,3,11.499,1.5,6.0,-0.29,5.75,1
2026.01.06 20:05:00,20,SELL,0.82,3.83,10,5.953,1.5,4.68,-0.37,8.93,1
2026.01.07 07:15:00,7,SELL,1.0,3.81,6,8.748,1.5,5.05,-0.24,13.12,1
2026.01.07 09:25:00,9,BUY,1.0,2.12,13,7.685,1.5,4.56,-0.51,11.53,1
2026.01.07 13:40:00,13,SELL,0.54,3.87,6,12.361,1.5,0.85,-0.93,-24.72,0
2026.01.07 15:30:00,15,SELL,0.99,3.38,3,15.281,1.5,1.36,-0.11,22.92,1
2026.01.07 19:30:00,19,SELL,1.0,2.57,3,6.796,1.5,4.9,-0.05,10.19,1
2026.01.08 08:15:00,8,BUY,1.0,4.45,20,8.562,1.5,0.68,-0.85,-17.12,0
2026.01.08 11:40:00,11,SELL,0.61,3.16,16,5.803,1.5,0.11,-0.94,-11.61,0
2026.01.08 12:30:00,12,SELL,0.69,4.28,3,8.396,1.5,4.84,-0.06,2.9,1
2026.01.08 13:40:00,13,BUY,1.0,3.48,3,9.59,1.5,1.03,-0.94,-9.59,0
2026.01.08 17:35:00,17,BUY,0.58,1.8,7,7.592,1.5,4.06,-0.54,3.68,1
2026.01.08 18:30:00,18,BUY,0.69,4.92,22,6.308,1.5,4.44,-0.48,2.5,1
2026.01.08 19:35:00,19,SELL,0.65,3.24,4,5.754,1.5,4.34,-0.24,8.63,1
2026.01.09 07:15:00,7,BUY,0.97,3.61,6,5.502,1.5,0.85,-1.0,-11.0,0
2026.01.09 09:05:00,9,SELL,1.0,2.11,13,5.878,1.5,4.16,-0.1,1.74,1
2026.01.09 11:45:00,11,SELL,0.89,1.65,3,4.122,1.5,4.76,-0.53,6.19,1
2026.01.09 18:15:00,18,SELL,1.0,4.99,4,9.886,1.5,4.69,-0.34,2.47,1
2026.01.12 08:10:00,8,BUY,0.73,2.54,3,7.582,1.5,0.56,-0.79,-15.16,0
2026.01.12 09:55:00,9,BUY,0.75,4.88,13,6.737,1.5,4.48,-0.81,3.33,1
2026.01.12 16:30:00,16,BUY,1.0,3.1,11,9.643,1.5,4.93,-0.37,3.72,1
2026.01.12 18:00:00,18,BUY,1.0,1.33,9,6.555,1.5,5.81,-0.35,9.83,1
2026.01.12 19:55:00,19,BUY,0.67,4.88,5,5.54,1.5,5.58,-0.03,8.31,1
2026.01.13 07:10:00,7,SELL,0.84,4.99,6,7.968,1.5,4.07,-0.9,11.95,1
2026.01.13 09:05:00,9,BUY,1.0,3.3,6,6.48,1.5,4.89,-0.74,9.72,1
2026.01.13 10:40:00,10,SELL,0.81,3.89,6,5.267,1.5,4.84,-0.59,2.83,1
2026.01.13 16:05:00,16,BUY,0.56,1.82,21,18.114,1.5,1.09,-0.11,4.53,1
2026.01.13 16:45:00,16,SELL,0.6,3.8,4,12.893,1.5,0.55,-0.92,-25.79,0
2026.01.13 18:40:00,18,SELL,0.97,3.86,8,12.192,1.5,0.2,-0.95,-24.38,0
2026.01.13 20:05:00,20,BUY,0.51,2.41,5,10.193,1.5,4.51,-0.31,15.29,1
2026.01.13 20:55:00,20,SELL,0.67,3.85,4,11.858,1.5,0.95,-0.36,20.95,1
2026.01.14 07:05:00,7,BUY,1.0,1.49,19,10.367,1.5,3.42,-0.5,6.62,1
2026.01.14 08:50:00,8,BUY,0.73,1.94,17,7.414,1.5,4.08,-0.61,3.35,1
2026.01.14 13:15:00,13,SELL,1.0,1.38,17,7.198,1.5,4.73,-0.62,1.8,1
2026.01.14 17:55:00,17,SELL,0.55,2.95,3,10.743,1.5,4.44,-0.05,16.12,1
2026.01.15 07:35:00,7,BUY,1.0,1.96,4,6.907,1.5,5.0,-0.07,10.36,1
2026.01.15 09:00:00,9,BUY,1.0,2.97,25,6.853,1.5,0.5,-0.95,-13.71,0
2026.01.15 11:50:00,11,BUY,0.72,4.13,9,4.666,1.5,5.13,-0.92,1.73,1
2026.01.15 14:35:00,14,SELL,0.74,4.82,10,15.226,1.5,1.09,-0.52,3.81,1
2026.01.15 16:30:00,16,BUY,1.0,2.64,15,9.432,1.5,3.28,-0.2,2.36,1
2026.01.15 17:55:00,17,BUY,0.75,4.73,20,6.025,1.5,0.03,-0.86,-12.05,0
2026.01.15 18:35:00,18,BUY,0.59,2.36,3,5.641,1.5,0.99,-0.98,16.92,1
2026.01.16 07:05:00,7,SELL,0.73,3.42,4,7.802,1.5,5.56,-0.02,4.1,1
2026.01.16 09:45:00,9,SELL,1.0,3.07,3,5.491,1.5,4.21,-0.58,3.35,1
2026.01.16 19:00:00,19,BUY,0.87,2.02,12,8.91,1.5,0.19,-0.93,-17.82,0
2026.01.16 20:40:00,20,SELL,1.0,2.02,17,6.437,1.5,2.01,-0.63,18.18,1
2026.01.19 07:20:00,7,BUY,0.52,4.18,22,6.318,1.5,0.39,-1.0,-12.64,0
2026.01.19 08:10:00,8,BUY,0.54,3.07,15,6.993,1.5,4.29,-0.47,3.48,1
2026.01.19 10:25:00,10,SELL,1.0,3.39,18,4.882,1.5,0.09,-0.92,-9.76,0
2026.01.19 11:45:00,11,SELL,1.0,1.65,6,5.312,1.5,0.21,-0.78,-10.63,0
2026.01.19 15:20:00,15,BUY,0.49,2.3,3,6.144,1.5,0.26,-0.96,-12.29,0
2026.01.19 16:35:00,16,BUY,0.9,4.51,8,4.576,1.5,0.32,-0.97,-9.15,0
2026.01.19 18:35:00,18,BUY,1.0,2.81,3,4.143,1.5,4.7,-0.63,6.21,1
2026.01.20 08:25:00,8,BUY,1.0,2.62,3,7.255,1.5,0.56,-0.89,-14.51,0
2026.01.20 09:20:00,9,BUY,0.81,3.78,3,7.144,1.5,0.2,-0.93,-14.29,0
2026.01.20 10:30:00,10,BUY,1.0,4.13,9,6.882,1.5,0.9,-0.97,-13.77,0
2026.01.20 13:05:00,13,SELL,1.0,2.06,24,5.595,1.5,0.21,-0.65,-11.19,0
2026.01.20 18:40:00,18,BUY,0.61,3.85,4,6.709,1.5,0.99,-0.58,-13.42,0
2026.01.20 20:55:00,20,SELL,0.7,3.6,7,8.04,1.5,3.38,-0.14,3.44,1
2026.01.21 07:00:00,7,BUY,0.66,4.13,25,14.04,1.5,1.06,-0.89,-14.04,0
2026.01.21 09:50:00,9,BUY,0.53,4.37,4,10.237,1.5,0.8,-0.79,9.16,1
2026.01.21 13:05:00,13,BUY,1.0,3.02,6,8.792,1.5,0.08,-0.99,-17.59,0
2026.01.21 13:20:00,13,BUY,1.0,1.98,24,9.457,1.5,0.54,-0.77,-18.91,0
2026.01.21 14:45:00,14,BUY,0.57,1.01,19,28.814,1.5,1.37,-0.28,43.22,1
2026.01.21 15:50:00,15,SELL,1.0,4.07,6,24.09,1.5,0.49,-0.62,-24.09,0
2026.01.21 17:55:00,17,SELL,0.51,4.43,5,18.656,1.5,1.29,-0.11,27.99,1
2026.01.22 11:15:00,11,BUY,0.66,3.82,5,5.795,1.5,0.27,-0.94,-11.59,0
2026.01.22 13:15:00,13,SELL,0.68,4.3,3,6.735,1.5,4.97,-0.16,1.92,1
2026.01.22 19:30:00,19,BUY,0.8,3.48,4,8.87,1.5,0.99,-0.99,-17.75,0
2026.01.23 09:40:00,9,SELL,0.52,2.47,3,14.506,1.5,4.63,-0.06,11.51,1
2026.01.23 11:35:00,11,SELL,0.64,3.64,4,9.012,1.5,4.58,-0.63,13.51,1
2026.01.23 14:25:00,14,BUY,1.0,1.83,3,12.515,1.5,0.61,-0.91,-25.03,0
2026.01.23 19:05:00,19,SELL,1.0,3.46,4,13.108,1.5,3.16,-0.36,3.27,1
2026.01.23 20:20:00,20,BUY,0.51,2.82,5,9.482,1.5,0.53,-0.87,-18.97,0
2026.01.26 13:15:00,13,SELL,1.0,3.07,3,11.288,1.5,0.26,-0.93,-22.58,0
2026.01.26 13:45:00,13,SELL,0.7,3.54,3,14.226,1.5,5.35,-0.9,21.34,1
2026.01.26 15:35:00,15,BUY,0.55,4.19,5,16.314,1.5,0.24,-0.77,-16.31,0
2026.01.26 17:10:00,17,BUY,1.0,2.91,13,18.718,1.5,1.42,-0.73,28.08,1
2026.01.26 19:15:00,19,SELL,1.0,3.51,3,23.662,1.5,0.04,-0.94,-23.67,0
2026.01.27 07:05:00,7,BUY,0.88,2.64,3,10.06,1.5,0.39,-0.9,-20.12,0
2026.01.27 08:00:00,8,BUY,0.96,1.82,11,12.204,1.5,3.54,-0.2,3.05,1
2026.01.27 08:55:00,8,SELL,1.0,2.53,5,9.91,1.5,4.23,-0.27,6.55,1
2026.01.27 10:25:00,10,BUY,1.0,3.15,6,9.243,1.5,4.53,-0.13,13.87,1
2026.01.27 13:00:00,13,SELL,1.0,1.22,27,10.384,1.5,0.75,-0.97,-20.76,0
2026.01.27 15:20:00,15,SELL,0.89,2.48,13,28.848,1.5,1.11,-0.13,7.22,1
2026.01.27 18:20:00,18,SELL,1.0,1.63,3,11.879,1.5,4.91,-0.45,17.82,1
2026.01.28 08:50:00,8,BUY,0.84,3.45,9,14.022,1.5,4.53,-0.93,21.03,1
2026.01.28 09:45:00,9,BUY,0.72,2.87,27,17.302,1.5,-0.01,-0.99,-17.3,0
2026.01.28 10:45:00,10,SELL,1.0,2.81,13,10.9,1.5,0.53,-0.93,-21.8,0
2026.01.28 11:25:00,11,SELL,0.64,4.66,4,15.752,1.5,1.46,-0.29,23.63,1
2026.01.28 13:35:00,13,BUY,0.65,4.49,7,14.787,1.5,4.6,-0.03,22.18,1
2026.01.28 14:35:00,14,SELL,1.0,2.22,6,17.035,1.5,1.5,-0.04,25.55,1
2026.01.28 16:35:00,16,BUY,1.0,2.75,4,16.594,1.5,0.04,-0.58,-16.6,0
2026.01.28 17:20:00,17,BUY,0.92,3.5,4,15.45,1.5,0.64,-0.82,-15.45,0
2026.01.28 19:15:00,19,SELL,1.0,1.35,20,27.537,1.5,1.43,-0.59,41.3,1
2026.01.29 09:55:00,9,BUY,0.72,2.66,3,20.824,1.5,1.38,-0.52,31.23,1
2026.01.29 11:15:00,11,SELL,0.69,4.67,3,20.445,1.5,1.08,-0.08,30.66,1
2026.01.29 12:40:00,12,BUY,0.71,2.79,3,15.369,1.5,1.31,-0.7,23.05,1
2026.01.29 14:35:00,14,BUY,0.53,2.17,5,26.707,1.5,1.09,-0.64,6.68,1
2026.02.03 10:20:00,10,BUY,0.46,4.61,20,22.275,1.5,1.13,-0.41,5.57,1
2026.02.03 12:20:00,12,BUY,1.0,2.89,4,22.508,1.5,0.92,-0.9,-22.51,0
2026.02.03 13:40:00,13,BUY,1.0,1.97,3,19.917,1.5,0.05,-0.8,-19.91,0
2026.02.03 14:20:00,14,BUY,1.0,2.03,15,24.601,1.5,0.95,-0.89,-24.6,0
2026.02.04 08:05:00,8,BUY,0.71,2.13,27,17.298,1.5,1.21,-0.52,25.95,1
2026.02.04 09:55:00,9,SELL,0.87,4.36,5,17.696,1.5,0.18,-0.81,-17.7,0
2026.02.04 11:35:00,11,SELL,0.96,4.68,4,18.029,1.5,1.21,-0.2,4.5,1
2026.02.04 12:50:00,12,BUY,0.8,2.89,4,15.626,1.5,1.49,-0.12,23.44,1
2026.02.04 14:05:00,14,BUY,1.0,2.36,3,22.47,1.5,1.17,-0.35,33.7,1
2026.02.05 08:05:00,8,BUY,1.0,2.29,8,22.971,1.5,0.31,-0.97,-22.97,0
2026.02.05 10:15:00,10,SELL,1.0,2.9,4,27.016,1.5,0.13,-0.82,-27.02,0
2026.02.05 10:40:00,10,SELL,1.0,2.17,3,24.837,1.5,1.15,-0.01,6.21,1
2026.02.06 07:10:00,7,SELL,1.0,1.98,3,27.126,1.5,1.36,-0.59,6.78,1
2026.02.06 09:10:00,9,BUY,0.43,4.04,7,26.164,1.5,0.35,-0.97,-26.16,0
2026.02.06 12:25:00,12,BUY,0.82,2.88,12,18.3,1.5,0.41,-0.94,-18.3,0
2026.02.06 13:55:00,13,BUY,1.0,2.5,3,23.414,1.5,1.22,-0.43,5.85,1
2026.02.06 16:00:00,16,SELL,1.0,2.17,3,26.026,1.5,1.07,-0.84,6.51,1
2026.02.06 19:05:00,19,BUY,0.91,3.15,11,12.922,1.5,1.07,-0.2,19.38,1
2026.02.06 20:55:00,20,SELL,0.66,2.93,4,12.354,1.5,1.36,-0.41,31.18,1
2026.02.09 07:00:00,7,BUY,1.0,2.44,12,15.964,1.5,1.48,-0.02,23.95,1
2026.02.09 08:05:00,8,SELL,0.95,4.45,9,16.734,1.5,1.42,-0.23,4.18,1
2026.02.09 09:35:00,9,BUY,1.0,4.05,16,13.526,1.5,5.0,-0.08,20.29,1
2026.02.09 11:05:00,11,SELL,0.91,3.15,7,18.403,1.5,1.44,-0.44,4.6,1
2026.02.09 18:10:00,18,SELL,0.91,4.01,3,13.531,1.5,3.97,-0.92,20.3,1
2026.02.10 07:15:00,7,BUY,0.69,1.92,27,12.118,1.5,0.77,-0.97,-24.23,0
2026.02.10 09:00:00,9,BUY,1.0,3.06,3,11.897,1.5,0.07,-0.86,-23.79,0
2026.02.10 09:20:00,9,BUY,1.0,3.13,3,13.512,1.5,0.82,-0.75,-0.74,0
2026.02.10 13:40:00,13,BUY,0.77,0.93,25,17.241,1.5,0.13,-0.66,-17.24,0
2026.02.10 14:40:00,14,BUY,1.0,2.86,5,17.14,1.5,1.2,-0.1,25.71,1
2026.02.10 15:50:00,15,SELL,0.99,3.51,3,24.558,1.5,0.57,-0.87,-14.03,0
2026.02.11 09:10:00,9,SELL,1.0,2.27,8,7.813,1.5,4.51,-0.18,11.72,1
2026.02.11 10:35:00,10,BUY,1.0,3.32,3,8.911,1.5,0.09,-0.61,-17.82,0
2026.02.11 12:35:00,12,BUY,0.76,4.48,23,16.414,1.5,0.29,-0.16,24.62,1
2026.02.11 18:05:00,18,BUY,1.0,2.4,5,12.905,1.5,5.02,-0.02,19.36,1
2026.02.11 19:40:00,19,BUY,0.79,4.01,29,10.149,1.5,1.2,-1.06,-20.29,0
2026.02.12 07:05:00,7,SELL,0.74,3.55,6,11.498,1.5,3.85,-0.27,6.03,1
2026.02.12 08:50:00,8,BUY,0.4,3.4,8,9.84,1.5,0.14,-0.96,-19.68,0
2026.02.12 18:40:00,18,SELL,0.57,4.24,4,28.347,1.5,0.61,-0.68,-28.34,0
2026.02.13 07:10:00,7,BUY,0.74,1.95,3,15.953,1.5,0.46,-0.91,-15.95,0
2026.02.13 07:20:00,7,SELL,0.8,1.83,25,16.479,1.5,0.91,-0.78,-7.9,0
2026.02.13 10:35:00,10,BUY,1.0,1.34,5,13.804,1.5,4.53,-0.07,20.7,1
2026.02.13 11:40:00,11,SELL,1.0,2.06,4,16.977,1.5,1.45,-0.28,25.47,1
2026.02.13 14:55:00,14,BUY,0.8,2.86,5,23.825,1.5,0.06,-0.86,-23.83,0
2026.02.13 17:00:00,17,BUY,0.74,2.38,17,19.175,1.5,0.1,-0.94,-19.18,0
2026.02.13 20:55:00,20,BUY,1.0,1.63,3,10.314,1.5,0.43,-1.83,0.72,1
2026.02.16 07:05:00,7,BUY,0.92,4.59,5,7.0,1.5,0.36,-0.91,-14.0,0
2026.02.16 08:15:00,8,BUY,0.73,4.69,3,9.12,1.5,0.25,-0.99,-18.24,0
2026.02.16 09:35:00,9,BUY,0.78,3.34,4,6.731,1.5,0.26,-0.83,-13.46,0
2026.02.16 10:05:00,10,BUY,1.0,2.04,3,7.469,1.5,4.26,-0.02,11.2,1
2026.02.16 11:30:00,11,SELL,1.0,2.94,4,7.25,1.5,0.42,-0.97,-14.5,0
2026.02.16 18:05:00,18,BUY,0.95,3.1,13,5.122,1.5,-0.02,-0.98,-10.24,0
2026.02.16 18:20:00,18,BUY,0.57,1.94,10,4.796,1.5,-0.05,-0.93,-9.59,0
2026.02.17 11:05:00,11,SELL,1.0,1.88,16,10.74,1.5,4.33,-0.06,2.68,1
2026.02.17 16:45:00,16,BUY,0.79,3.89,8,18.368,1.5,1.49,-0.32,4.59,1
2026.02.17 20:15:00,20,SELL,0.88,2.3,3,10.779,1.5,0.66,-0.62,-21.56,0
2026.02.18 07:00:00,7,BUY,1.0,2.19,3,7.432,1.5,0.06,-0.65,-14.86,0
2026.02.18 07:40:00,7,BUY,0.96,2.56,6,8.467,1.5,4.28,-0.02,12.7,1
2026.02.19 08:20:00,8,SELL,0.69,3.69,3,6.622,1.5,4.67,-0.47,2.73,1
2026.02.19 10:35:00,10,SELL,1.0,3.37,5,11.477,1.5,0.33,-0.96,-22.95,0
2026.02.19 15:55:00,15,BUY,0.6,3.07,4,15.024,1.5,1.22,-0.31,3.76,1
2026.02.19 17:20:00,17,SELL,1.0,2.59,5,12.576,1.5,0.23,-0.99,-25.15,0
2026.02.19 18:50:00,18,SELL,1.0,2.25,5,10.366,1.5,4.01,-0.33,15.55,1
2026.02.20 07:40:00,7,SELL,0.55,3.71,3,8.86,1.5,-0.03,-0.88,-17.72,0
2026.02.20 08:15:00,8,SELL,1.0,1.99,4,10.485,1.5,4.63,-0.11,15.72,1
2026.02.20 10:30:00,10,SELL,0.74,3.37,4,7.887,1.5,5.21,-0.03,4.48,1
2026.02.20 10:50:00,10,BUY,1.0,3.1,3,8.441,1.5,4.2,-0.9,12.66,1
2026.02.20 12:35:00,12,SELL,0.6,2.84,7,12.292,1.5,4.17,-0.26,18.43,1
2026.02.20 15:05:00,15,BUY,0.84,2.83,14,21.612,1.5,0.65,-0.07,32.42,1
2026.02.20 17:25:00,17,BUY,1.0,3.17,11,13.491,1.5,0.08,-0.91,-26.99,0
2026.02.23 10:35:00,10,BUY,0.88,2.19,7,8.068,1.5,0.46,-0.97,-16.14,0
2026.02.23 13:30:00,13,SELL,0.54,1.65,13,9.683,1.5,5.04,-0.94,14.52,1
2026.02.23 17:25:00,17,SELL,0.66,2.61,3,12.341,1.5,0.24,-0.74,-24.69,0
2026.02.23 17:40:00,17,BUY,1.0,2.75,23,12.157,1.5,0.03,-0.96,-24.32,0
2026.02.23 18:30:00,18,SELL,1.0,3.41,11,11.071,1.5,4.29,-0.08,16.61,1
2026.02.24 07:05:00,7,BUY,0.82,3.13,14,11.783,1.5,0.52,-0.78,-23.56,0
2026.02.24 10:05:00,10,SELL,0.48,3.0,6,9.355,1.5,0.57,-0.94,-18.71,0
2026.02.24 13:05:00,13,SELL,0.82,2.52,3,13.759,1.5,0.45,-0.39,-27.52,0
2026.02.24 17:00:00,17,SELL,0.91,2.29,6,12.164,1.5,4.52,-0.04,18.24,1
2026.02.24 18:20:00,18,BUY,0.74,3.64,3,7.382,1.5,5.45,-0.43,3.39,1
2026.02.24 19:35:00,19,SELL,0.68,3.18,3,9.246,1.5,5.12,-0.77,13.87,1
2026.02.25 09:10:00,9,SELL,0.71,2.16,16,8.16,1.5,4.64,-0.42,2.95,1
2026.02.25 11:30:00,11,SELL,0.94,4.47,3,10.217,1.5,4.19,-0.21,15.33,1
2026.02.25 12:25:00,12,SELL,0.86,4.98,23,8.837,1.5,0.04,-0.86,-17.68,0
2026.02.25 14:00:00,14,BUY,0.7,2.73,8,7.995,1.5,4.91,-0.85,3.99,1
2026.02.25 14:50:00,14,SELL,1.0,4.35,3,13.11,1.5,5.39,-0.17,19.66,1
2026.02.25 17:25:00,17,BUY,1.0,1.85,3,9.407,1.5,4.92,-0.28,14.11,1
2026.02.26 08:15:00,8,SELL,0.59,3.04,11,9.659,1.5,0.11,-0.8,-19.31,0
2026.02.26 09:55:00,9,SELL,0.43,2.03,25,10.04,1.5,0.3,-0.82,-20.08,0
2026.02.26 10:35:00,10,BUY,1.0,2.12,17,7.047,1.5,5.1,-0.33,10.57,1
2026.02.26 13:55:00,13,SELL,1.0,2.18,3,11.672,1.5,0.13,-0.93,-23.34,0
2026.02.26 14:35:00,14,SELL,1.0,1.46,6,13.739,1.5,0.72,-0.92,-27.47,0
2026.02.27 12:45:00,12,BUY,1.0,4.63,8,5.296,1.5,0.34,-0.76,-10.59,0
2026.02.27 18:30:00,18,SELL,0.59,2.74,12,9.711,1.5,4.58,-0.41,14.57,1
2026.03.02 08:50:00,8,SELL,1.0,1.3,7,14.459,1.5,-0.02,-0.72,-28.92,0
2026.03.02 12:00:00,12,SELL,1.0,3.17,3,13.643,1.5,4.16,-0.49,20.47,1
2026.03.02 13:45:00,13,BUY,0.61,1.2,13,20.361,1.5,1.44,-0.27,30.54,1
2026.03.02 17:45:00,17,BUY,0.99,2.34,3,21.496,1.5,0.68,-0.84,-21.5,0
2026.03.02 20:30:00,20,BUY,0.75,2.65,4,15.342,1.5,0.76,-0.9,-3.42,0
2026.03.03 18:05:00,18,SELL,0.98,3.12,6,24.943,1.5,1.26,-0.08,37.42,1
2026.03.04 08:00:00,8,BUY,0.63,1.56,3,13.873,1.5,5.51,-0.29,6.66,1
2026.03.04 10:30:00,10,BUY,0.52,3.82,3,12.042,1.5,0.72,-0.85,-24.09,0
2026.03.04 15:55:00,15,SELL,1.0,1.93,9,28.641,1.5,0.47,-0.96,-28.64,0
2026.03.04 17:35:00,17,SELL,1.0,3.34,3,17.243,1.5,0.63,-0.89,-17.24,0
2026.03.04 18:35:00,18,SELL,0.54,3.92,3,16.288,1.5,0.25,-0.54,-16.29,0
2026.03.04 20:10:00,20,BUY,1.0,2.98,3,9.432,1.5,0.71,-0.99,-18.86,0
2026.03.04 20:55:00,20,BUY,1.0,4.1,3,9.884,1.5,0.52,-0.94,-19.77,0
2026.03.05 11:40:00,11,BUY,0.77,4.18,8,8.537,1.5,0.02,-0.96,-17.08,0
2026.03.05 12:25:00,12,BUY,0.99,3.31,3,7.818,1.5,4.21,-0.45,11.72,1
2026.03.05 18:15:00,18,SELL,0.53,4.04,3,16.75,1.5,1.34,-0.98,4.19,1
2026.03.05 20:35:00,20,BUY,1.0,3.68,4,15.643,1.5,0.27,-0.99,-15.65,0
2026.03.06 07:20:00,7,SELL,0.84,3.47,3,8.641,1.5,0.96,-0.85,-17.29,0
2026.03.06 11:05:00,11,BUY,1.0,1.82,8,12.835,1.5,0.35,-0.83,-25.67,0
2026.03.06 11:25:00,11,SELL,0.44,4.21,16,13.393,1.5,0.28,-0.92,-26.79,0
2026.03.06 12:10:00,12,SELL,0.5,1.56,12,14.039,1.5,0.71,-0.64,-28.08,0
2026.03.06 16:50:00,16,BUY,1.0,1.61,7,18.718,1.5,0.01,0.01,-2.9,0
2026.03.09 08:15:00,8,BUY,0.95,2.37,3,12.665,1.5,0.96,-0.99,-25.33,0
2026.03.09 11:40:00,11,SELL,0.8,2.28,3,13.739,1.5,5.0,-0.54,20.6,1
2026.03.09 13:05:00,13,SELL,0.97,3.5,30,11.149,1.5,0.04,-0.92,-22.3,0
2026.03.09 14:25:00,14,SELL,1.0,1.95,3,28.258,1.5,1.27,-0.11,7.07,1
2026.03.09 15:00:00,15,SELL,0.7,3.23,13,23.849,1.5,0.68,-0.61,1.92,1
2026.03.09 19:35:00,19,BUY,1.0,3.53,3,12.556,1.5,0.45,-0.88,-25.12,0
2026.03.09 20:25:00,20,BUY,0.68,2.94,4,13.636,1.5,4.32,-0.95,6.95,1
2026.03.10 07:00:00,7,BUY,0.91,3.44,12,7.033,1.5,6.0,-0.6,10.55,1
2026.03.10 07:40:00,7,SELL,0.8,3.52,4,10.135,1.5,4.36,-0.04,15.21,1
2026.03.10 09:00:00,9,BUY,0.6,3.55,3,10.027,1.5,5.35,-0.6,15.04,1
2026.03.10 17:35:00,17,SELL,1.0,2.34,4,8.676,1.5,0.13,-0.85,-17.35,0
2026.03.10 19:15:00,19,SELL,0.43,1.43,3,29.082,1.5,0.31,-0.66,-8.75,0
2026.03.11 07:15:00,7,SELL,0.86,3.49,21,8.891,1.5,0.08,-0.84,-17.78,0
2026.03.11 09:45:00,9,BUY,1.0,1.99,19,9.359,1.5,4.11,-0.4,14.04,1
2026.03.11 11:15:00,11,SELL,0.92,3.33,7,9.462,1.5,0.3,-0.91,-18.93,0
2026.03.11 13:30:00,13,SELL,0.68,1.84,19,14.724,1.5,-0.01,-0.92,-29.45,0
2026.03.11 16:25:00,16,SELL,0.87,1.82,4,11.259,1.5,1.0,-0.94,-11.26,0
2026.03.11 18:55:00,18,BUY,1.0,3.26,22,5.705,1.5,0.82,-0.83,-11.41,0
2026.03.12 08:25:00,8,BUY,0.8,4.6,5,9.094,1.5,0.39,-0.96,-18.19,0
2026.03.12 10:15:00,10,BUY,1.0,2.04,3,7.832,1.5,5.54,-0.06,4.1,1
2026.03.12 11:25:00,11,SELL,0.82,1.66,25,7.045,1.5,0.33,-0.68,-14.09,0
2026.03.12 13:20:00,13,BUY,0.42,2.83,4,12.354,1.5,4.8,-0.08,18.54,1
2026.03.12 15:25:00,15,SELL,1.0,3.57,3,17.386,1.5,0.47,-0.97,-17.38,0
2026.03.12 19:25:00,19,SELL,0.58,4.9,5,11.9,1.5,0.33,-0.98,-23.8,0
2026.03.13 08:00:00,8,SELL,1.0,3.5,8,11.068,1.5,-0.03,-0.69,-22.13,0
2026.03.13 08:35:00,8,SELL,0.57,3.47,6,13.329,1.5,4.85,-0.14,7.26,1
2026.03.13 10:30:00,10,BUY,0.66,2.22,3,8.549,1.5,1.07,-0.99,-8.55,0
2026.03.13 12:15:00,12,BUY,0.93,4.64,3,10.09,1.5,0.35,-0.94,-20.18,0
2026.03.13 13:10:00,13,BUY,1.0,2.05,5,11.826,1.5,4.52,-0.1,17.74,1
2026.03.13 17:45:00,17,BUY,0.67,2.87,6,12.427,1.5,4.75,-0.16,7.36,1
2026.03.13 18:55:00,18,SELL,0.62,2.65,6,10.029,1.5,0.55,-0.77,-20.06,0
2026.03.16 08:25:00,8,SELL,0.81,3.14,10,13.685,1.5,0.11,-0.98,-27.37,0
2026.03.16 08:55:00,8,SELL,1.0,2.42,3,13.356,1.5,-0.01,-0.93,-26.71,0
2026.03.16 09:20:00,9,SELL,1.0,2.37,3,13.034,1.5,0.28,-0.75,-26.06,0
2026.03.16 10:10:00,10,SELL,1.0,2.98,5,11.274,1.5,4.57,-0.39,16.91,1
2026.03.16 14:35:00,14,BUY,0.86,3.93,25,14.858,1.5,4.07,-0.19,22.29,1
2026.03.16 16:10:00,16,SELL,1.0,2.46,3,13.778,1.5,0.39,-0.96,-27.56,0
2026.03.16 18:00:00,18,SELL,0.46,4.73,17,10.405,1.5,4.25,-0.15,15.61,1
2026.03.16 20:55:00,20,BUY,1.0,4.64,26,7.791,1.5,0.16,-0.77,-15.58,0
2026.03.17 07:55:00,7,BUY,0.57,3.82,3,8.769,1.5,0.06,-0.86,-17.54,0
2026.03.17 10:25:00,10,SELL,1.0,3.34,4,8.024,1.5,0.19,-0.84,-16.05,0
2026.03.17 10:55:00,10,SELL,0.94,3.1,3,10.045,1.5,4.74,-0.69,15.07,1
2026.03.17 14:45:00,14,SELL,0.79,2.32,3,13.392,1.5,0.41,-0.99,-26.79,0
2026.03.17 19:00:00,19,BUY,0.56,3.39,20,5.693,1.5,0.68,-0.43,5.47,1
2026.03.18 08:35:00,8,SELL,1.0,2.41,3,8.77,1.5,0.03,-0.85,-17.54,0
2026.03.18 10:05:00,10,BUY,1.0,3.24,6,5.704,1.5,5.0,-0.44,8.56,1
2026.03.18 14:20:00,14,BUY,1.0,2.42,3,24.718,1.5,0.66,-0.71,-16.7,0
2026.03.18 17:50:00,17,BUY,0.51,2.49,3,10.573,1.5,4.45,-0.76,2.64,1
2026.03.18 18:25:00,18,BUY,0.75,2.24,18,13.294,1.5,5.51,-0.54,19.94,1
2026.03.18 20:50:00,20,SELL,0.97,4.36,4,16.732,1.5,0.67,-0.95,-16.73,0
2026.03.19 09:50:00,9,SELL,0.74,2.96,14,29.303,1.5,0.19,-0.88,-29.3,0
2026.03.19 10:35:00,10,SELL,1.0,3.12,3,27.582,1.5,-0.01,-0.87,-27.58,0
2026.03.19 11:20:00,11,SELL,0.9,2.28,5,26.067,1.5,0.32,-0.72,-26.07,0
2026.03.19 17:05:00,17,SELL,1.0,2.08,3,26.835,1.5,0.18,-0.56,-17.74,0
2026.03.20 12:30:00,12,BUY,0.83,4.19,4,15.857,1.5,1.02,-0.25,3.96,1
2026.03.20 16:35:00,16,BUY,0.65,4.37,3,27.901,1.5,0.95,-0.73,41.85,1
2026.03.20 20:00:00,20,BUY,0.94,1.99,4,27.754,1.5,0.84,-0.48,23.34,1
2026.03.23 17:50:00,17,BUY,1.0,3.05,3,29.008,1.5,0.21,-1.0,-29.0,0
2026.03.23 19:45:00,19,SELL,1.0,1.86,20,25.97,1.5,0.41,-0.76,-25.97,0
2026.03.23 20:15:00,20,SELL,1.0,3.09,3,25.314,1.5,0.66,-0.88,-25.31,0
2026.03.24 08:10:00,8,BUY,0.83,2.6,4,21.866,1.5,0.96,-0.95,-21.87,0
2026.03.24 11:10:00,11,BUY,0.52,1.11,18,25.599,1.5,1.37,-0.73,38.4,1
2026.03.24 14:05:00,14,SELL,0.82,4.02,17,28.506,1.5,1.3,-0.43,7.13,1
2026.03.24 18:00:00,18,SELL,0.55,2.93,3,20.047,1.5,1.15,-0.25,30.07,1
2026.03.24 18:35:00,18,BUY,0.82,1.75,22,19.208,1.5,1.48,-0.46,28.81,1
2026.03.25 07:15:00,7,SELL,1.0,4.35,13,13.517,1.5,0.47,-0.93,-27.03,0
2026.03.25 09:45:00,9,BUY,0.55,2.69,29,13.257,1.5,0.97,-0.07,39.77,1
2026.03.25 13:55:00,13,SELL,1.0,4.97,17,21.768,1.5,1.49,-0.64,5.45,1
2026.03.25 15:40:00,15,BUY,0.93,2.49,26,17.619,1.5,0.88,-0.62,7.88,1
2026.03.25 20:25:00,20,BUY,0.62,3.54,5,17.768,1.5,1.15,-0.15,26.65,1
2026.03.26 07:55:00,7,BUY,1.0,2.61,3,16.792,1.5,1.47,-0.34,25.19,1
2026.03.26 09:55:00,9,SELL,0.82,2.08,5,19.154,1.5,1.18,-0.44,4.79,1
2026.03.26 12:20:00,12,BUY,0.86,2.37,16,18.591,1.5,0.88,-0.93,-18.59,0
2026.03.26 16:15:00,16,SELL,1.0,2.23,3,16.395,1.5,-0.02,-0.36,-16.39,0
2026.03.26 17:20:00,17,SELL,1.0,4.94,9,26.955,1.5,0.04,-0.7,-26.95,0
2026.03.26 18:35:00,18,SELL,0.78,2.54,3,15.964,1.5,1.08,-0.11,3.99,1
2026.03.27 07:00:00,7,BUY,0.58,4.55,16,13.458,1.5,4.32,-0.26,20.19,1
2026.03.27 11:30:00,11,SELL,0.82,3.95,5,12.069,1.5,0.97,-0.25,36.21,1
2026.03.27 13:05:00,13,BUY,0.72,3.5,3,14.275,1.5,5.33,-0.6,6.49,1
2026.03.27 13:50:00,13,SELL,1.0,2.91,4,17.145,1.5,1.41,-0.75,25.72,1
2026.03.27 18:05:00,18,SELL,1.0,1.48,5,16.213,1.5,1.37,-0.32,24.32,1
2026.03.27 18:40:00,18,SELL,1.0,3.09,24,16.023,1.5,0.52,-0.89,-16.02,0
2026.03.27 19:55:00,19,SELL,1.0,3.41,3,13.042,1.5,0.52,-0.97,-26.08,0
2026.03.30 07:05:00,7,BUY,1.0,2.19,10,14.814,1.5,0.58,-0.95,-29.63,0
2026.03.30 09:00:00,9,BUY,1.0,3.93,27,10.951,1.5,4.97,-0.23,4.5,1
2026.03.30 10:25:00,10,BUY,0.5,2.38,8,10.856,1.5,0.56,-0.91,-21.71,0
2026.03.30 14:55:00,14,SELL,0.54,4.85,7,22.32,1.5,0.82,-0.96,-22.32,0
2026.03.30 18:10:00,18,SELL,1.0,2.15,3,14.219,1.5,0.23,-0.8,-28.44,0
2026.03.31 07:30:00,7,SELL,1.0,3.07,3,11.887,1.5,4.63,-0.05,17.83,1
2026.03.31 10:55:00,10,SELL,0.58,4.61,3,12.063,1.5,5.94,-0.63,18.09,1
2026.03.31 13:10:00,13,SELL,1.0,2.12,5,17.096,1.5,1.31,-0.77,25.65,1
2026.03.31 14:50:00,14,BUY,1.0,4.49,10,22.275,1.5,0.3,-0.86,-22.28,0
2026.03.31 15:50:00,15,BUY,1.0,3.17,16,15.156,1.5,0.57,-0.76,-15.16,0
2026.03.31 18:35:00,18,BUY,1.0,1.72,5,15.799,1.5,0.1,-0.92,-15.79,0
2026.03.31 20:20:00,20,BUY,0.59,3.94,4,11.416,1.5,4.04,-0.1,4.03,1
2026.04.01 07:15:00,7,BUY,1.0,3.52,4,15.299,1.5,0.14,-0.97,-15.3,0
2026.04.01 07:50:00,7,BUY,1.0,3.35,3,18.065,1.5,0.71,-1.0,-14.71,0
2026.04.01 12:05:00,12,BUY,0.66,4.9,5,12.476,1.5,5.17,-0.11,18.71,1
2026.04.01 13:00:00,13,BUY,0.88,2.1,27,19.563,1.5,0.44,-0.91,-19.56,0
2026.04.01 14:30:00,14,SELL,1.0,3.26,18,20.228,1.5,1.41,-0.37,30.35,1
2026.04.01 17:20:00,17,BUY,0.5,3.5,3,9.399,1.5,4.62,-0.56,14.1,1
2026.04.01 18:15:00,18,SELL,0.8,4.87,3,11.217,1.5,0.03,-0.91,-22.43,0
2026.04.01 19:55:00,19,BUY,0.53,4.24,3,11.204,1.5,0.99,-0.88,-22.41,0
2026.04.02 09:55:00,9,SELL,0.69,3.65,11,15.387,1.5,0.6,-0.97,-15.39,0
2026.04.02 10:55:00,10,BUY,0.44,2.21,10,18.152,1.5,1.36,-0.56,27.22,1
2026.04.02 12:15:00,12,SELL,1.0,4.0,7,16.575,1.5,1.05,-0.2,4.14,1
2026.04.02 16:35:00,16,SELL,0.53,2.4,3,18.714,1.5,1.24,-0.69,4.68,1
2026.04.06 07:05:00,7,BUY,1.0,2.18,3,13.031,1.5,4.15,-0.11,3.35,1
2026.04.06 09:55:00,9,BUY,0.51,2.77,8,8.761,1.5,5.22,-0.44,13.14,1
2026.04.06 12:40:00,12,SELL,0.73,3.7,3,12.935,1.5,0.36,-0.44,-25.87,0
2026.04.06 15:05:00,15,BUY,0.43,3.38,6,22.222,1.5,1.17,-0.04,19.04,1
2026.04.06 18:30:00,18,BUY,1.0,3.24,4,8.529,1.5,5.21,-0.38,3.55,1
2026.04.06 19:45:00,19,SELL,1.0,2.74,6,8.882,1.5,5.61,-0.3,13.32,1
2026.04.07 07:00:00,7,BUY,0.87,3.1,26,10.546,1.5,4.82,-0.4,15.82,1
2026.04.07 07:45:00,7,BUY,0.4,3.08,7,12.647,1.5,0.34,-0.5,-25.3,0
2026.04.07 12:35:00,12,BUY,1.0,2.47,3,13.859,1.5,4.75,-0.3,20.79,1
2026.04.07 15:10:00,15,SELL,1.0,3.38,13,24.16,1.5,1.42,-0.11,36.24,1
2026.04.07 17:20:00,17,BUY,1.0,3.87,16,12.518,1.5,0.2,-0.78,-25.04,0
2026.04.07 18:55:00,18,BUY,1.0,2.89,22,10.279,1.5,0.72,-0.7,-20.55,0
2026.04.08 09:25:00,9,SELL,1.0,3.95,9,13.132,1.5,0.34,-0.87,-26.26,0
2026.04.08 10:05:00,10,SELL,0.71,3.94,4,13.56,1.5,0.04,-0.64,-27.12,0
2026.04.08 10:30:00,10,SELL,1.0,2.27,3,14.926,1.5,4.14,-0.33,22.39,1
2026.04.08 15:20:00,15,SELL,1.0,2.95,5,22.57,1.5,0.5,-0.82,-22.57,0
2026.04.09 07:05:00,7,SELL,0.61,3.16,3,12.18,1.5,4.76,-0.09,3.4,1
2026.04.09 07:50:00,7,BUY,1.0,2.93,3,15.286,1.5,0.41,-0.99,-15.28,0
2026.04.09 09:45:00,9,BUY,1.0,2.78,12,8.348,1.5,0.38,-0.83,-16.7,0
2026.04.09 13:55:00,13,BUY,1.0,3.46,3,13.492,1.5,4.62,-0.96,3.37,1
2026.04.09 16:40:00,16,BUY,1.0,2.2,8,13.381,1.5,4.38,-0.69,20.07,1
2026.04.09 20:55:00,20,SELL,1.0,3.19,3,6.896,1.5,-0.03,-0.47,20.69,1
2026.04.10 09:05:00,9,SELL,0.91,3.86,3,9.774,1.5,0.97,-0.33,29.32,1
2026.04.10 12:45:00,12,BUY,1.0,3.31,3,11.814,1.5,0.76,-0.68,-23.63,0
2026.04.10 14:45:00,14,BUY,0.61,3.38,3,14.498,1.5,0.78,-0.45,43.49,1
2026.04.10 16:25:00,16,SELL,0.68,2.76,4,14.22,1.5,0.86,-0.72,13.15,1
2026.04.13 07:15:00,7,BUY,1.0,3.1,3,10.093,1.5,0.1,-0.83,-20.18,0
2026.04.13 12:10:00,12,SELL,0.82,1.81,21,10.415,1.5,0.55,-0.83,-20.83,0
2026.04.13 15:40:00,15,SELL,0.5,3.1,7,14.961,1.5,3.64,-0.46,22.44,1
2026.04.13 17:10:00,17,BUY,0.82,4.51,5,14.329,1.5,-0.02,-0.9,-28.66,0
2026.04.13 17:50:00,17,BUY,0.83,3.25,5,13.09,1.5,4.17,-0.15,6.04,1
2026.04.13 20:25:00,20,BUY,1.0,4.74,11,6.154,1.5,0.38,-0.21,-12.3,0
2026.04.14 08:25:00,8,BUY,1.0,1.48,4,10.045,1.5,-0.02,-0.99,-20.09,0
2026.04.14 10:15:00,10,SELL,1.0,3.57,9,8.689,1.5,0.66,-0.83,-17.38,0
2026.04.14 11:50:00,11,BUY,0.95,3.58,5,7.959,1.5,5.31,-0.96,11.94,1
2026.04.14 12:35:00,12,SELL,1.0,1.6,9,10.262,1.5,0.1,-0.92,-20.53,0
2026.04.14 13:05:00,13,SELL,0.95,4.96,30,12.793,1.5,4.27,-0.31,3.2,1
2026.04.14 18:45:00,18,BUY,0.86,3.58,13,8.117,1.5,0.41,-0.9,-16.23,0
2026.04.15 07:15:00,7,SELL,1.0,3.36,3,9.398,1.5,0.02,-0.76,-18.8,0
2026.04.15 09:00:00,9,SELL,0.68,2.9,30,8.43,1.5,0.1,-0.74,-16.86,0
2026.04.15 11:05:00,11,BUY,0.86,2.93,4,8.967,1.5,0.02,-0.97,-17.93,0
2026.04.15 12:30:00,12,BUY,1.0,1.96,3,8.142,1.5,0.49,-0.95,-16.29,0
2026.04.15 14:35:00,14,BUY,0.57,3.52,8,10.69,1.5,5.06,-0.31,16.04,1
2026.04.15 16:40:00,16,BUY,0.73,2.26,3,10.409,1.5,4.8,-0.22,15.61,1
2026.04.15 19:40:00,19,BUY,0.69,2.66,7,5.706,1.5,4.11,-0.6,8.56,1
2026.04.16 08:45:00,8,SELL,0.79,1.76,3,8.195,1.5,4.05,-0.88,5.33,1
2026.04.16 12:40:00,12,BUY,0.7,3.08,19,7.914,1.5,0.13,-0.88,-15.83,0
2026.04.16 14:55:00,14,SELL,1.0,2.64,3,20.963,1.5,1.01,-0.3,5.24,1
2026.04.16 17:50:00,17,SELL,0.68,2.56,3,9.559,1.5,3.3,-0.66,4.15,1
2026.04.16 20:10:00,20,BUY,0.62,2.54,14,5.89,1.5,0.74,-0.68,-11.78,0
2026.04.17 09:15:00,9,BUY,0.63,4.34,3,8.114,1.5,4.9,-0.74,4.98,1
2026.04.17 17:35:00,17,SELL,0.82,3.22,3,8.663,1.5,0.73,-0.93,-17.33,0
2026.04.20 07:35:00,7,BUY,1.0,2.93,7,9.806,1.5,3.16,-0.46,3.67,1
2026.04.20 11:15:00,11,BUY,0.44,3.08,26,7.448,1.5,0.39,-0.92,-14.9,0
2026.04.20 14:10:00,14,BUY,0.79,3.62,8,12.951,1.5,0.44,-0.85,-25.91,0
2026.04.20 19:30:00,19,BUY,0.78,3.53,4,5.184,1.5,4.68,-0.08,1.9,1
2026.04.21 07:10:00,7,SELL,0.78,2.54,9,10.741,1.5,4.02,-0.64,3.24,1
2026.04.21 09:15:00,9,BUY,0.44,2.58,17,9.507,1.5,0.93,-0.94,-19.02,0
2026.04.21 14:05:00,14,SELL,0.5,3.5,10,17.173,1.5,0.12,-0.87,-17.18,0
2026.04.21 18:45:00,18,SELL,0.88,3.51,4,11.157,1.5,4.26,-0.39,2.79,1
2026.04.22 07:05:00,7,BUY,0.62,2.43,15,6.022,1.5,4.7,-0.63,9.04,1
2026.04.22 08:55:00,8,SELL,0.71,3.14,4,5.878,1.5,0.88,-0.87,-11.75,0
2026.04.22 11:05:00,11,BUY,0.91,1.6,17,8.107,1.5,4.2,-0.43,4.46,1
2026.04.22 14:10:00,14,SELL,0.45,1.9,11,15.111,1.5,0.28,-0.87,-15.11,0
2026.04.22 15:30:00,15,SELL,1.0,1.68,3,10.908,1.5,0.02,-0.99,-21.82,0
2026.04.22 16:40:00,16,SELL,0.64,3.41,10,7.822,1.5,4.25,-0.63,11.73,1
2026.04.22 20:15:00,20,BUY,1.0,1.17,26,5.518,1.5,0.24,-0.73,-11.04,0
2026.04.23 07:35:00,7,SELL,0.87,2.3,3,10.028,1.5,5.29,-0.26,4.53,1
2026.04.23 10:35:00,10,SELL,1.0,3.26,3,9.41,1.5,4.54,-0.33,14.12,1
2026.04.23 13:05:00,13,BUY,0.63,2.14,5,13.486,1.5,4.77,-0.6,5.88,1
2026.04.23 14:25:00,14,SELL,1.0,3.52,5,12.029,1.5,0.87,-0.9,-24.06,0
2026.04.23 16:55:00,16,BUY,1.0,2.82,20,8.93,1.5,4.67,-0.25,13.4,1
2026.04.23 19:50:00,19,SELL,1.0,2.1,3,11.065,1.5,0.28,-0.95,-9.05,0
2026.04.24 08:55:00,8,BUY,0.63,2.39,7,8.095,1.5,4.61,-0.82,4.2,1
2026.04.24 09:45:00,9,SELL,1.0,3.98,3,7.6,1.5,0.04,-0.95,-15.2,0
2026.04.24 10:50:00,10,SELL,0.56,2.82,3,7.14,1.5,0.6,-0.48,21.42,1
2026.04.24 13:00:00,13,SELL,1.0,3.59,3,10.327,1.5,0.44,-0.98,-20.66,0
2026.04.24 17:55:00,17,BUY,0.86,2.77,11,6.904,1.5,0.74,-0.51,1.44,1
2026.04.24 19:15:00,19,SELL,0.47,2.72,9,5.895,1.5,0.13,-0.9,-11.79,0
2026.04.27 07:20:00,7,SELL,0.77,2.92,18,6.727,1.5,0.44,-0.86,-13.45,0
2026.04.27 08:50:00,8,BUY,0.54,2.55,21,6.137,1.5,4.96,-0.06,9.21,1
2026.04.27 11:40:00,11,BUY,0.58,1.96,19,6.355,1.5,0.3,-0.7,-12.71,0
2026.04.27 13:20:00,13,SELL,1.0,2.09,4,9.426,1.5,0.24,-0.99,-18.86,0
2026.04.27 13:55:00,13,SELL,0.91,2.55,4,9.835,1.5,0.26,-0.88,-19.67,0
2026.04.27 16:50:00,16,BUY,0.8,1.62,3,6.185,1.5,1.23,-0.87,-6.19,0
2026.04.27 19:20:00,19,SELL,0.77,3.22,4,3.768,1.5,0.26,-0.86,-7.53,0
2026.04.27 19:55:00,19,SELL,1.0,2.53,4,4.234,1.5,2.36,-0.68,6.35,1
2026.04.28 07:05:00,7,SELL,0.85,4.77,16,13.096,1.5,0.02,-0.92,-26.19,0
2026.04.28 08:00:00,8,SELL,0.94,3.02,20,11.518,1.5,0.01,-0.72,-23.04,0
2026.04.28 10:10:00,10,SELL,0.81,1.72,3,10.695,1.5,0.56,-0.9,-21.39,0
2026.04.28 13:50:00,13,BUY,0.6,2.86,11,17.941,1.5,1.45,-0.25,26.91,1
2026.04.28 15:30:00,15,SELL,1.0,1.68,24,14.129,1.5,4.49,-0.44,10.89,1
2026.04.28 18:00:00,18,BUY,0.59,3.22,4,7.919,1.5,0.43,-0.78,-7.91,0
2026.04.29 08:45:00,8,SELL,1.0,1.63,7,9.707,1.5,4.55,-0.03,4.86,1
2026.04.29 10:10:00,10,SELL,1.0,2.43,19,10.175,1.5,4.36,-0.17,2.68,1
2026.04.29 12:15:00,12,SELL,0.7,2.82,4,7.851,1.5,0.51,-0.71,-15.71,0
2026.04.29 13:15:00,13,SELL,1.0,2.95,4,11.026,1.5,0.14,-0.6,-22.05,0
2026.04.29 14:20:00,14,SELL,1.0,4.8,7,15.103,1.5,1.45,-0.23,22.65,1
2026.04.29 16:35:00,16,BUY,0.9,3.1,6,12.955,1.5,4.8,-0.31,19.43,1
2026.04.29 19:15:00,19,SELL,0.84,1.27,18,18.022,1.5,0.32,-0.56,-1.6,0
2026.04.30 09:45:00,9,BUY,0.48,3.54,3,10.286,1.5,0.11,-0.99,-20.57,0
2026.04.30 12:05:00,12,SELL,0.8,2.91,5,11.593,1.5,0.88,-0.97,-23.19,0
2026.04.30 16:35:00,16,SELL,1.0,2.36,4,8.69,1.5,5.29,-0.91,13.04,1
2026.04.30 19:20:00,19,BUY,0.71,2.51,3,5.929,1.5,4.6,-0.33,1.54,1
2026.04.30 20:20:00,20,SELL,1.0,2.4,6,6.393,1.5,1.42,-0.51,9.59,1
2026.05.01 09:50:00,9,SELL,0.7,2.38,8,6.402,1.5,0.14,-0.47,-12.81,0
2026.05.01 16:10:00,16,BUY,1.0,2.07,5,12.029,1.5,4.55,-0.94,18.04,1
2026.05.01 18:30:00,18,SELL,0.67,4.36,3,8.468,1.5,0.51,-0.85,-16.93,0
2026.05.04 07:25:00,7,BUY,1.0,1.42,3,9.578,1.5,4.23,-0.31,6.8,1
2026.05.04 09:05:00,9,SELL,0.61,3.89,12,7.39,1.5,0.49,-0.82,-14.78,0
2026.05.04 12:35:00,12,BUY,0.72,4.59,3,10.628,1.5,4.6,-0.95,2.65,1
2026.05.04 16:35:00,16,SELL,0.68,3.3,5,22.396,1.5,0.61,-0.48,4.87,1
2026.05.04 20:00:00,20,SELL,0.69,3.41,19,8.609,1.5,0.74,-0.73,-1.31,0
2026.05.05 08:30:00,8,BUY,1.0,2.19,11,7.895,1.5,0.39,-0.88,-15.79,0
2026.05.05 09:20:00,9,BUY,0.59,2.82,3,7.832,1.5,4.48,-0.55,11.75,1
2026.05.05 11:25:00,11,SELL,0.61,1.27,15,8.488,1.5,4.61,-0.11,3.1,1
2026.05.05 13:40:00,13,BUY,1.0,3.91,5,10.418,1.5,0.8,-0.99,-20.84,0
2026.05.05 14:55:00,14,SELL,1.0,2.66,8,12.286,1.5,0.41,-0.96,-24.57,0
2026.05.05 18:40:00,18,SELL,0.68,3.21,18,5.284,1.5,4.3,-0.47,1.32,1
2026.05.05 18:55:00,18,BUY,0.51,2.34,8,5.486,1.5,4.37,-0.24,8.23,1
2026.05.06 07:35:00,7,BUY,0.57,1.99,7,9.07,1.5,0.27,-0.94,-18.14,0
2026.05.06 11:15:00,11,BUY,0.76,4.07,5,11.949,1.5,4.98,-0.29,17.92,1
2026.05.06 14:30:00,14,BUY,0.82,2.99,3,14.587,1.5,4.0,-0.6,21.88,1
2026.05.06 18:10:00,18,SELL,1.0,3.7,15,5.941,1.5,4.24,-0.16,8.91,1
2026.05.06 20:00:00,20,BUY,0.98,4.47,8,6.038,1.5,-0.05,-0.88,-12.08,0
2026.05.07 08:30:00,8,SELL,1.0,1.17,9,10.381,1.5,0.13,-0.9,-20.76,0
2026.05.07 10:50:00,10,BUY,0.95,1.35,14,8.33,1.5,1.06,-0.93,-8.33,0
2026.05.07 13:05:00,13,BUY,0.89,2.88,4,11.887,1.5,0.63,-0.79,-23.78,0
2026.05.07 15:25:00,15,BUY,0.8,3.2,12,12.121,1.5,4.54,-0.09,18.18,1
2026.05.07 20:10:00,20,BUY,0.51,1.6,19,12.121,1.5,4.39,-0.38,5.09,1
2026.05.08 07:10:00,7,BUY,0.6,3.42,15,11.218,1.5,5.55,-0.04,16.83,1
2026.05.08 08:55:00,8,BUY,0.65,3.7,4,7.971,1.5,4.33,-0.82,2.0,1
2026.05.08 11:55:00,11,SELL,1.0,3.5,25,7.745,1.5,0.38,-0.94,-15.49,0
2026.05.08 14:10:00,14,BUY,0.88,3.35,7,14.697,1.5,5.59,-0.51,22.05,1
2026.05.08 19:55:00,19,BUY,1.0,2.11,3,4.176,1.5,4.94,-0.13,6.26,1
2026.05.11 08:15:00,8,SELL,0.62,2.76,5,8.814,1.5,0.72,-0.96,-17.63,0
2026.05.11 09:45:00,9,SELL,0.98,4.61,3,7.395,1.5,4.55,-0.95,11.09,1
2026.05.11 12:05:00,12,BUY,0.61,2.47,5,6.923,1.5,0.51,-0.7,-13.85,0
2026.05.11 15:40:00,15,BUY,0.93,2.5,4,10.825,1.5,4.39,-0.3,16.24,1
2026.05.11 19:00:00,19,BUY,0.74,3.14,5,4.857,1.5,0.53,-0.92,-9.71,0
2026.05.11 20:55:00,20,BUY,0.79,2.8,5,5.558,1.5,0.04,-0.91,-11.12,0
2026.05.12 08:05:00,8,SELL,0.95,4.9,20,8.906,1.5,0.16,-0.93,-17.81,0
2026.05.12 10:00:00,10,SELL,1.0,2.49,4,7.782,1.5,4.54,-0.15,1.95,1
2026.05.12 13:40:00,13,SELL,0.75,2.05,14,16.21,1.5,0.21,-0.73,-16.21,0
2026.05.13 07:05:00,7,BUY,0.45,2.14,23,9.565,1.5,3.93,-0.91,8.81,1
2026.05.13 10:00:00,10,SELL,0.77,3.34,18,7.548,1.5,3.48,-0.33,1.89,1
2026.05.13 10:30:00,10,BUY,1.0,1.58,19,8.982,1.5,4.05,-0.71,13.47,1
2026.05.13 13:05:00,13,SELL,0.8,4.57,7,11.301,1.5,0.6,-0.76,-22.6,0
2026.05.13 14:15:00,14,SELL,0.7,3.36,6,13.204,1.5,4.17,-0.59,19.8,1
2026.05.13 16:45:00,16,BUY,0.73,3.25,4,8.25,1.5,4.52,-0.23,12.38,1
2026.05.13 19:10:00,19,SELL,1.0,3.59,5,7.486,1.5,0.95,-0.41,6.39,1
2026.05.14 07:20:00,7,SELL,0.66,3.56,14,8.529,1.5,5.57,-0.34,12.79,1
2026.05.14 07:50:00,7,BUY,1.0,3.97,3,10.755,1.5,4.57,-0.03,2.69,1
2026.05.14 09:50:00,9,SELL,1.0,3.55,10,8.129,1.5,0.6,-0.91,-16.26,0
2026.05.14 11:40:00,11,SELL,1.0,2.59,3,6.587,1.5,4.86,-0.16,2.76,1
2026.05.14 13:05:00,13,BUY,0.5,2.64,6,13.39,1.5,4.53,-0.56,20.08,1
2026.05.14 13:55:00,13,SELL,0.59,4.8,3,15.049,1.5,1.03,-0.53,3.76,1
2026.05.14 14:35:00,14,BUY,0.91,2.63,3,15.586,1.5,1.15,-0.27,8.91,1
2026.05.14 18:15:00,18,SELL,0.99,3.71,3,6.261,1.5,0.23,-0.97,-12.52,0
2026.05.14 19:00:00,19,SELL,0.72,2.67,3,6.149,1.5,0.02,-0.93,-12.29,0
2026.05.15 07:35:00,7,BUY,0.62,3.48,3,11.373,1.5,4.95,-0.32,17.06,1
2026.05.15 09:30:00,9,SELL,1.0,3.48,3,12.431,1.5,0.17,-0.88,-24.86,0
2026.05.15 11:05:00,11,BUY,1.0,3.01,3,13.355,1.5,3.8,-0.56,8.4,1
2026.05.15 15:15:00,15,BUY,1.0,2.15,4,16.874,1.5,1.34,-0.13,4.22,1
2026.05.15 18:20:00,18,BUY,0.56,4.81,11,8.203,1.5,0.26,-0.87,-16.41,0
2026.05.15 19:40:00,19,SELL,0.76,3.66,3,6.848,1.5,0.08,-0.96,-13.7,0
2026.05.18 07:45:00,7,BUY,1.0,3.81,3,9.928,1.5,3.99,-0.82,6.58,1
2026.05.18 11:00:00,11,SELL,0.51,1.91,10,8.495,1.5,0.14,-0.99,-16.99,0
2026.05.18 20:40:00,20,BUY,0.71,2.32,4,6.923,1.5,0.02,-0.63,-13.85,0
2026.05.19 07:05:00,7,SELL,1.0,1.64,4,10.463,1.5,2.88,-0.67,2.62,1
2026.05.19 08:10:00,8,BUY,0.57,3.25,21,11.113,1.5,1.11,-0.41,16.67,1
2026.05.19 10:55:00,10,SELL,1.0,3.31,3,9.26,1.5,4.88,-0.04,3.85,1
2026.05.19 11:20:00,11,SELL,0.77,2.19,25,10.219,1.5,0.2,-0.99,-20.44,0
2026.05.19 16:10:00,16,BUY,1.0,2.13,8,11.271,1.5,0.21,-0.99,-22.54,0
2026.05.19 16:45:00,16,BUY,0.68,3.1,3,9.344,1.5,3.98,-0.59,6.84,1
2026.05.20 11:45:00,11,BUY,1.0,2.53,4,7.118,1.5,0.61,-0.85,-14.24,0
2026.05.20 13:05:00,13,BUY,0.86,2.97,4,7.272,1.5,0.1,-0.71,-14.55,0
2026.05.20 15:55:00,15,BUY,1.0,3.58,8,14.599,1.5,0.63,-0.71,-17.57,0
2026.05.20 19:50:00,19,BUY,0.65,2.71,3,5.768,1.5,4.59,-0.79,8.65,1
2026.05.21 13:50:00,13,SELL,0.73,3.05,3,13.936,1.5,5.99,-0.05,8.92,1
2026.05.21 19:10:00,19,SELL,0.63,3.53,3,11.557,1.5,0.81,-0.22,8.16,1
2026.05.22 07:55:00,7,SELL,0.53,2.78,3,7.176,1.5,4.52,-0.12,2.07,1
2026.05.22 09:35:00,9,SELL,0.6,2.39,4,7.443,1.5,4.31,-0.16,11.17,1
2026.05.22 12:10:00,12,BUY,1.0,3.92,5,6.161,1.5,-0.02,-0.46,-12.32,0
2026.05.22 13:05:00,13,BUY,0.77,2.76,10,10.869,1.5,4.99,-0.98,16.31,1
2026.05.22 17:35:00,17,BUY,0.41,2.11,13,9.541,1.5,4.01,-0.47,14.31,1
2026.05.25 07:10:00,7,BUY,1.0,2.05,26,5.77,1.5,5.43,-0.47,8.65,1
2026.05.25 07:25:00,7,SELL,1.0,2.39,19,6.533,1.5,5.06,-0.31,3.14,1
2026.05.25 08:40:00,8,BUY,0.72,3.81,10,5.888,1.5,0.46,-0.88,-11.78,0
2026.05.25 11:50:00,11,BUY,1.0,2.79,7,4.872,1.5,4.98,-0.21,7.31,1
2026.05.25 12:45:00,12,BUY,0.94,4.36,30,7.574,1.5,0.81,-0.97,-15.15,0
2026.05.26 07:00:00,7,BUY,0.56,1.64,17,6.813,1.5,4.76,-0.46,2.39,1
2026.05.26 08:45:00,8,SELL,1.0,1.98,14,8.528,1.5,0.22,-0.87,-17.06,0
2026.05.26 09:55:00,9,SELL,1.0,3.1,3,8.167,1.5,5.25,-0.23,12.25,1
2026.05.26 12:10:00,12,SELL,1.0,2.08,3,10.231,1.5,5.13,-0.99,15.34,1
2026.05.27 08:20:00,8,SELL,0.76,4.86,22,8.085,1.5,4.34,-0.46,2.25,1
2026.05.27 09:05:00,9,BUY,1.0,2.86,3,7.681,1.5,4.15,-0.45,11.52,1
2026.05.27 12:55:00,12,SELL,0.85,2.06,17,17.859,1.5,-0.01,-0.96,-17.86,0
2026.05.27 14:05:00,14,SELL,1.0,1.62,26,21.602,1.5,0.8,-0.47,10.75,1
2026.05.27 18:10:00,18,BUY,0.78,3.41,7,6.701,1.5,-0.01,-0.78,-13.4,0
2026.05.27 19:15:00,19,SELL,1.0,2.48,14,4.469,1.5,4.99,-0.69,6.7,1
2026.05.28 07:50:00,7,BUY,0.64,3.94,6,8.794,1.5,0.59,-0.83,-17.59,0
2026.05.28 10:25:00,10,BUY,0.53,3.03,3,8.305,1.5,5.4,-0.87,12.46,1
2026.05.28 11:05:00,11,SELL,0.87,4.49,3,10.773,1.5,4.33,-0.86,16.15,1
2026.05.28 18:15:00,18,BUY,0.78,3.51,3,7.983,1.5,4.1,-0.68,11.97,1
2026.05.28 20:30:00,20,SELL,0.63,3.31,5,4.332,1.5,0.28,-0.91,-8.67,0
2026.05.29 07:15:00,7,BUY,1.0,2.48,4,8.937,1.5,0.6,-0.56,-17.87,0
2026.05.29 11:05:00,11,BUY,0.81,4.07,6,7.711,1.5,4.87,-0.18,3.18,1
2026.05.29 11:50:00,11,BUY,0.53,4.48,24,6.91,1.5,0.22,-0.94,-13.82,0
2026.05.29 13:00:00,13,SELL,0.74,4.24,3,10.915,1.5,4.65,-0.75,16.37,1
2026.05.29 16:50:00,16,BUY,0.65,2.19,3,11.058,1.5,3.93,-0.38,5.96,1
2026.05.29 18:15:00,18,SELL,0.68,4.1,4,7.325,1.5,0.45,-0.38,-14.65,0
2026.05.29 19:20:00,19,SELL,1.0,3.57,7,5.383,1.5,0.04,-0.99,-10.76,0
2026.06.01 07:05:00,7,SELL,1.0,2.69,3,9.602,1.5,0.23,-0.83,-19.2,0
2026.06.01 08:45:00,8,SELL,0.48,2.48,5,11.308,1.5,4.04,-0.98,6.14,1
2026.06.01 11:45:00,11,BUY,0.54,2.73,5,8.47,1.5,3.65,-0.37,2.12,1
2026.06.01 13:00:00,13,SELL,0.58,2.31,8,9.3,1.5,0.14,-0.93,-18.6,0
2026.06.01 14:45:00,14,SELL,0.7,3.57,9,15.184,1.5,1.31,-0.52,3.79,1
2026.06.01 16:50:00,16,SELL,1.0,3.47,7,7.964,1.5,4.73,-0.05,2.27,1
2026.06.01 17:10:00,17,BUY,1.0,3.09,3,8.471,1.5,0.11,-0.44,-16.94,0
2026.06.01 18:45:00,18,SELL,1.0,1.63,3,5.796,1.5,0.09,-0.92,-11.59,0
2026.06.01 20:55:00,20,BUY,1.0,1.29,5,3.722,1.5,0.04,-0.81,-7.45,0
2026.06.02 07:25:00,7,BUY,0.91,2.12,3,8.224,1.5,2.84,-0.11,2.06,1
2026.06.02 09:15:00,9,SELL,0.52,3.95,3,6.188,1.5,0.28,-0.97,-12.38,0
2026.06.02 09:55:00,9,SELL,0.82,3.73,3,6.792,1.5,0.6,-1.0,-13.58,0
2026.06.02 12:35:00,12,BUY,0.48,2.62,19,7.652,1.5,5.51,-0.79,11.48,1
2026.06.02 14:35:00,14,SELL,1.0,2.67,3,11.044,1.5,0.81,-0.97,-22.08,0
2026.06.02 17:50:00,17,SELL,1.0,2.72,3,6.224,1.5,0.79,-0.82,-12.45,0
2026.06.02 18:55:00,18,BUY,1.0,1.89,6,6.438,1.5,0.59,-0.62,-7.28,0
2026.06.03 07:00:00,7,SELL,1.0,1.91,13,10.766,1.5,0.84,-0.97,-21.54,0
2026.06.03 10:05:00,10,SELL,1.0,3.04,14,10.825,1.5,1.02,-0.13,16.24,1
2026.06.03 10:25:00,10,BUY,1.0,3.92,4,11.746,1.5,0.83,-0.96,13.19,1
2026.06.03 14:00:00,14,SELL,0.58,4.62,3,15.093,1.5,0.87,-0.85,-4.68,0
2026.06.03 17:30:00,17,BUY,0.81,3.18,5,7.193,1.5,0.59,-0.65,-14.38,0
2026.06.03 20:10:00,20,BUY,0.5,4.76,10,6.428,1.5,4.52,-0.16,9.64,1
2026.06.04 07:05:00,7,SELL,1.0,2.75,4,8.901,1.5,0.03,-0.98,-17.8,0
2026.06.04 08:20:00,8,SELL,0.73,1.98,5,7.727,1.5,5.75,-0.76,4.45,1
2026.06.04 10:05:00,10,BUY,1.0,2.99,3,8.194,1.5,0.68,-0.88,-16.39,0
2026.06.04 17:35:00,17,SELL,1.0,3.3,3,5.37,1.5,0.15,-0.88,-10.74,0
2026.06.05 11:30:00,11,SELL,0.43,1.83,10,6.639,1.5,5.36,-0.47,4.11,1
2026.06.05 12:15:00,12,BUY,1.0,2.77,5,7.804,1.5,0.92,-0.91,23.42,1
2026.06.05 16:50:00,16,SELL,0.79,2.79,4,11.85,1.5,3.78,-0.08,2.96,1
2026.06.05 20:25:00,20,SELL,0.77,2.33,4,9.032,1.5,4.36,-0.15,4.59,1
2026.06.08 10:05:00,10,SELL,0.53,1.29,12,13.306,1.5,4.31,-0.12,19.96,1
2026.06.08 12:35:00,12,BUY,0.76,2.03,6,11.63,1.5,0.6,-0.97,-23.26,0
2026.06.08 13:50:00,13,BUY,0.91,3.33,3,13.468,1.5,4.71,-0.51,6.11,1
2026.06.08 16:55:00,16,BUY,0.52,3.61,12,8.452,1.5,4.15,-0.94,12.67,1
2026.06.08 20:25:00,20,SELL,1.0,2.07,6,5.609,1.5,0.9,-0.85,-4.12,0
2026.06.09 07:55:00,7,SELL,1.0,2.02,4,8.555,1.5,0.96,-0.9,12.42,1
2026.06.09 13:05:00,13,BUY,1.0,2.04,4,8.119,1.5,5.18,-0.61,12.17,1
2026.06.09 18:10:00,18,SELL,0.89,4.98,23,11.503,1.5,0.64,-0.97,-23.01,0
2026.06.09 20:05:00,20,SELL,0.98,3.76,9,8.841,1.5,0.15,-0.73,-17.68,0
2026.06.10 10:00:00,10,SELL,1.0,1.54,7,12.256,1.5,0.18,-0.51,-24.52,0
2026.06.10 10:20:00,10,SELL,1.0,2.02,3,13.408,1.5,3.87,-0.14,3.36,1
2026.06.10 13:00:00,13,SELL,0.51,3.65,7,20.659,1.5,1.33,-0.7,30.99,1
2026.06.10 18:05:00,18,SELL,0.53,4.39,4,13.686,1.5,0.03,-0.96,-27.38,0
2026.06.11 08:30:00,8,BUY,0.64,4.71,12,10.324,1.5,4.69,-0.22,15.49,1
2026.06.11 11:45:00,11,SELL,0.72,2.1,27,9.505,1.5,0.29,-0.95,-19.01,0
2026.06.11 12:45:00,12,SELL,0.66,3.47,3,15.26,1.5,1.26,-0.42,3.81,1
2026.06.11 14:05:00,14,BUY,1.0,2.51,3,17.852,1.5,1.38,-0.02,4.46,1
2026.06.11 16:40:00,16,BUY,0.72,2.68,10,13.518,1.5,0.8,-0.2,-27.03,0
2026.06.11 19:00:00,19,BUY,1.0,2.19,3,18.251,1.5,-0.01,-0.79,-18.26,0
2026.06.12 07:00:00,7,SELL,0.57,3.35,13,9.874,1.5,0.08,-0.92,-19.75,0
2026.06.12 09:30:00,9,BUY,0.52,2.34,3,11.355,1.5,4.59,-0.64,17.03,1
2026.06.12 10:50:00,10,SELL,1.0,3.94,5,10.093,1.5,0.04,-0.7,-20.19,0
2026.06.12 11:45:00,11,SELL,0.56,4.37,3,8.559,1.5,0.65,-0.98,-17.12,0
2026.06.12 14:05:00,14,SELL,1.0,2.93,5,16.461,1.5,0.3,-0.87,-16.46,0
2026.06.12 19:10:00,19,BUY,0.5,2.31,17,9.557,1.5,4.37,-0.18,14.34,1
2026.06.15 11:05:00,11,BUY,1.0,2.15,4,5.304,1.5,0.25,-0.77,-10.61,0
2026.06.15 13:55:00,13,BUY,0.91,4.5,3,10.647,1.5,0.35,-0.67,-21.3,0
2026.06.15 14:50:00,14,SELL,1.0,1.51,3,13.149,1.5,0.12,-0.99,-26.29,0
2026.06.16 07:00:00,7,SELL,1.0,1.06,26,7.032,1.5,5.21,-0.22,10.55,1
2026.06.16 10:20:00,10,BUY,1.0,2.48,6,5.884,1.5,1.0,-0.95,17.65,1
2026.06.16 11:55:00,11,SELL,1.0,2.36,4,6.344,1.5,5.27,-0.41,9.52,1
2026.06.16 13:10:00,13,BUY,0.93,3.49,3,8.707,1.5,5.23,-0.36,13.06,1
2026.06.16 15:20:00,15,SELL,0.7,4.55,10,9.926,1.5,4.83,-0.49,14.89,1
2026.06.16 18:20:00,18,BUY,1.0,1.81,4,6.932,1.5,4.22,-0.48,5.05,1
2026.06.17 07:05:00,7,BUY,1.0,1.97,16,6.786,1.5,5.45,-0.37,10.18,1
2026.06.17 08:55:00,8,SELL,0.65,3.21,8,6.554,1.5,4.33,-0.55,9.84,1
2026.06.17 12:25:00,12,SELL,0.5,3.62,3,5.911,1.5,5.4,-0.59,2.65,1
2026.06.17 14:45:00,14,BUY,0.91,4.22,3,11.741,1.5,0.05,-0.3,35.22,1
2026.06.18 07:05:00,7,BUY,1.0,1.8,4,8.536,1.5,4.62,-0.69,12.81,1
2026.06.18 10:05:00,10,BUY,1.0,1.78,3,9.668,1.5,4.4,-0.53,14.5,1
2026.06.18 13:15:00,13,SELL,0.68,4.0,25,14.176,1.5,4.66,-0.46,6.17,1
2026.06.18 13:50:00,13,BUY,0.89,4.79,4,13.1,1.5,4.9,-0.3,19.65,1
2026.06.18 18:15:00,18,BUY,0.83,2.55,5,7.39,1.5,4.5,-0.27,11.09,1
2026.06.19 09:05:00,9,BUY,0.64,4.97,7,9.763,1.5,4.0,-0.3,14.64,1
2026.06.19 11:20:00,11,SELL,0.85,2.93,3,7.184,1.5,4.77,-0.77,10.77,1
2026.06.19 12:05:00,12,SELL,0.71,3.81,18,7.939,1.5,0.37,-0.82,-15.88,0
2026.06.22 08:50:00,8,SELL,0.53,3.75,10,6.135,1.5,4.93,-0.38,9.21,1
2026.06.22 10:30:00,10,BUY,0.86,2.43,4,7.211,1.5,3.8,-0.78,1.81,1
2026.06.22 12:05:00,12,SELL,0.54,2.47,14,7.563,1.5,0.12,-0.97,-15.13,0
2026.06.22 12:45:00,12,SELL,0.9,1.67,11,7.229,1.5,0.09,-0.97,-14.46,0
2026.06.22 14:40:00,14,SELL,1.0,1.8,14,13.6,1.5,1.09,-0.82,-13.6,0
2026.06.22 17:35:00,17,BUY,0.75,3.04,12,6.925,1.5,0.28,-0.94,-13.85,0
2026.06.22 18:20:00,18,SELL,0.65,4.32,9,5.903,1.5,4.43,-0.04,3.74,1
2026.06.22 20:50:00,20,BUY,0.95,1.93,3,4.619,1.5,0.58,-0.95,0.34,1
2026.06.23 10:55:00,10,BUY,1.0,3.76,11,8.463,1.5,0.56,-0.93,-16.93,0
2026.06.23 13:25:00,13,SELL,0.82,2.15,5,11.813,1.5,4.35,-0.56,17.72,1
2026.06.23 17:05:00,17,BUY,0.65,4.45,17,7.133,1.5,0.36,-0.84,-14.26,0
2026.06.23 20:40:00,20,SELL,1.0,1.76,4,5.636,1.5,0.74,-0.86,-11.27,0
2026.06.24 07:50:00,7,SELL,1.0,3.09,3,8.485,1.5,0.08,-0.75,-16.97,0
2026.06.24 08:00:00,8,BUY,0.63,4.87,30,9.052,1.5,0.17,-0.67,-18.11,0
2026.06.24 08:40:00,8,SELL,0.66,2.46,6,9.421,1.5,0.26,-0.92,-18.84,0
2026.06.24 10:45:00,10,SELL,0.81,3.36,6,8.325,1.5,0.07,-0.72,-16.65,0
2026.06.24 11:40:00,11,SELL,1.0,4.46,5,11.589,1.5,0.52,-0.94,-23.18,0
2026.06.24 15:30:00,15,SELL,0.92,4.16,5,15.706,1.5,0.03,-0.23,-6.36,0
2026.06.25 08:00:00,8,SELL,0.89,2.65,27,12.374,1.5,4.54,-0.3,3.89,1
2026.06.25 08:50:00,8,BUY,1.0,2.57,6,11.774,1.5,4.45,-0.45,10.88,1
2026.06.25 11:40:00,11,SELL,1.0,2.35,5,7.528,1.5,0.7,-0.51,22.59,1
2026.06.25 15:35:00,15,BUY,0.83,1.61,13,17.353,1.5,-0.0,-1.0,-17.35,0
2026.06.25 18:15:00,18,BUY,1.0,1.56,4,7.903,1.5,-0.0,-0.88,-15.81,0
2026.06.25 20:05:00,20,SELL,1.0,3.02,3,9.238,1.5,0.0,-0.8,-18.48,0
2026.06.26 08:05:00,8,BUY,0.43,3.68,8,10.141,1.5,0.07,-0.96,-20.28,0
2026.06.26 10:20:00,10,BUY,0.99,4.5,9,9.683,1.5,0.21,-0.97,-19.37,0
2026.06.26 11:25:00,11,BUY,0.57,1.8,5,8.644,1.5,4.55,-0.47,3.33,1
2026.06.26 12:55:00,12,SELL,1.0,2.1,7,8.118,1.5,4.27,-0.03,12.17,1
2026.06.26 15:20:00,15,SELL,0.71,2.32,3,12.278,1.5,4.3,-0.18,3.83,1
2026.06.26 16:35:00,16,SELL,1.0,1.74,3,10.523,1.5,0.03,-0.78,-21.05,0
2026.06.26 19:35:00,19,SELL,0.71,3.51,6,5.444,1.5,0.79,-0.81,-10.89,0
2026.06.26 20:15:00,20,SELL,1.0,1.64,11,5.975,1.5,5.04,-0.35,8.96,1
2026.06.29 07:05:00,7,BUY,1.0,2.12,4,8.251,1.5,4.37,-1.0,12.38,1
2026.06.29 09:10:00,9,SELL,1.0,4.9,3,8.269,1.5,0.09,-0.98,-16.54,0
2026.06.29 15:20:00,15,BUY,0.88,1.77,5,12.413,1.5,0.43,-0.8,-4.95,0
2026.06.30 09:05:00,9,SELL,0.94,2.63,3,8.967,1.5,4.06,-0.77,6.98,1
2026.06.30 18:35:00,18,BUY,1.0,2.66,22,4.392,1.5,4.96,-0.58,6.58,1
2026.07.01 09:10:00,9,BUY,0.45,3.16,10,9.494,1.5,-0.03,-0.95,-18.99,0
2026.07.01 13:20:00,13,SELL,0.7,3.08,3,11.575,1.5,4.96,-0.03,17.36,1
2026.07.01 19:05:00,19,SELL,0.61,3.62,3,6.267,1.5,0.32,-0.85,-12.53,0
2026.07.02 08:05:00,8,SELL,0.8,2.54,8,9.387,1.5,4.68,-0.06,6.64,1
2026.07.02 09:10:00,9,BUY,0.8,3.54,10,8.273,1.5,4.39,-0.32,3.13,1
2026.07.02 14:05:00,14,BUY,0.56,3.19,3,19.167,1.5,1.47,-0.33,28.75,1
2026.07.02 16:50:00,16,SELL,0.51,4.96,3,10.646,1.5,0.24,-0.98,-21.29,0
2026.07.02 19:05:00,19,BUY,0.64,4.56,7,8.259,1.5,4.6,-0.21,4.26,1
2026.07.02 20:40:00,20,BUY,1.0,1.87,4,5.723,1.5,0.54,-0.91,-11.45,0
2026.07.03 07:35:00,7,SELL,0.73,1.83,27,8.076,1.5,4.57,-0.22,4.22,1
2026.07.03 08:50:00,8,BUY,0.54,3.96,4,7.69,1.5,4.52,-0.71,2.23,1
2026.07.03 11:55:00,11,BUY,1.0,4.08,7,4.944,1.5,4.83,-0.44,7.41,1
2026.07.03 13:30:00,13,SELL,1.0,3.47,4,7.535,1.5,-0.03,-0.92,-15.07,0
2026.07.03 14:50:00,14,SELL,0.84,1.97,13,7.954,1.5,4.07,-0.56,10.2,1
2026.07.06 07:05:00,7,SELL,0.63,3.17,14,8.73,1.5,5.03,-0.67,13.1,1
2026.07.06 08:15:00,8,BUY,0.83,4.58,6,7.392,1.5,4.58,-0.09,11.09,1
2026.07.06 13:05:00,13,SELL,1.0,4.94,5,9.574,1.5,0.58,-0.88,-19.15,0
2026.07.06 14:55:00,14,SELL,1.0,1.79,3,13.184,1.5,4.48,-0.14,6.91,1
2026.07.06 20:05:00,20,BUY,1.0,2.37,3,4.159,1.5,0.47,-0.93,-8.32,0
2026.07.07 08:00:00,8,BUY,0.41,3.03,15,7.786,1.5,0.04,-0.99,-15.57,0
2026.07.07 11:10:00,11,BUY,0.79,4.89,9,5.052,1.5,0.03,-0.96,-10.1,0
2026.07.07 16:20:00,16,SELL,0.81,2.7,5,8.187,1.5,0.49,-0.76,-16.38,0
2026.07.08 10:20:00,10,SELL,0.58,3.18,3,11.375,1.5,4.62,-0.85,17.06,1
2026.07.08 13:10:00,13,BUY,0.96,2.61,4,13.844,1.5,5.07,-0.45,20.77,1
2026.07.08 19:50:00,19,BUY,1.0,4.77,13,9.049,1.5,0.82,-0.5,0.19,1
2026.07.09 07:15:00,7,BUY,0.53,2.68,3,9.357,1.5,-0.03,-0.91,-18.72,0
2026.07.09 08:35:00,8,BUY,0.64,2.81,3,8.157,1.5,4.37,-0.59,12.23,1
2026.07.09 11:15:00,11,SELL,0.73,4.56,4,6.334,1.5,0.35,-0.97,-12.66,0
2026.07.09 12:45:00,12,BUY,0.87,2.57,8,10.695,1.5,0.56,-0.8,-21.39,0
2026.07.09 13:55:00,13,BUY,0.92,3.61,3,11.152,1.5,0.09,-0.94,-22.3,0
2026.07.09 17:00:00,17,BUY,0.53,2.02,9,6.75,1.5,0.46,-0.93,-13.5,0
2026.07.09 19:20:00,19,BUY,1.0,1.82,4,4.63,1.5,1.1,-0.86,0.42,1
2026.07.10 08:00:00,8,SELL,0.82,3.02,3,6.395,1.5,0.06,-0.93,-12.79,0
2026.07.10 09:15:00,9,SELL,0.86,3.87,6,6.251,1.5,4.87,-0.39,9.37,1
2026.07.10 10:35:00,10,BUY,0.64,4.4,3,5.657,1.5,5.45,-0.45,8.48,1
2026.07.10 12:10:00,12,SELL,1.0,3.16,7,6.816,1.5,0.11,-0.26,20.45,1
2026.07.10 12:25:00,12,BUY,1.0,3.12,3,9.345,1.5,4.81,-0.07,14.02,1
2026.07.10 13:40:00,13,SELL,1.0,3.27,3,11.414,1.5,1.02,-0.87,-11.41,0
2026.07.10 14:55:00,14,BUY,0.52,1.36,6,14.902,1.5,0.68,-0.95,-4.94,0
2026.07.13 07:00:00,7,SELL,0.75,4.11,11,9.408,1.5,4.35,-0.72,14.11,1
2026.07.13 10:55:00,10,SELL,1.0,4.65,3,8.214,1.5,4.78,-0.05,2.31,1
2026.07.13 17:10:00,17,SELL,0.73,2.67,3,10.666,1.5,0.37,-0.95,-21.33,0
2026.07.13 19:40:00,19,BUY,1.0,4.42,10,7.388,1.5,0.03,-0.96,-14.78,0
2026.07.14 07:35:00,7,BUY,0.67,4.94,23,6.464,1.5,4.62,-0.68,9.69,1
2026.07.14 08:30:00,8,SELL,0.77,3.9,5,6.929,1.5,0.29,-0.86,-13.85,0
2026.07.14 14:50:00,14,BUY,0.64,2.44,4,14.41,1.5,0.09,-0.61,-28.82,0
2026.07.14 15:20:00,15,BUY,1.0,2.54,3,15.777,1.5,1.41,-0.23,23.67,1
2026.07.14 17:50:00,17,SELL,0.87,2.82,7,6.502,1.5,0.33,-0.82,-13.0,0
2026.07.14 18:55:00,18,SELL,0.87,4.94,3,7.208,1.5,0.78,-0.61,1.58,1
2026.07.15 07:05:00,7,SELL,1.0,1.53,29,7.731,1.5,-0.01,-1.0,-15.46,0
2026.07.15 07:55:00,7,SELL,0.7,3.75,3,6.899,1.5,0.14,-0.83,-13.8,0
2026.07.15 10:25:00,10,BUY,1.0,3.13,3,6.049,1.5,0.42,-0.82,-12.1,0
2026.07.15 15:05:00,15,BUY,1.0,2.12,14,9.635,1.5,4.64,-0.04,14.45,1
2026.07.15 15:55:00,15,SELL,0.79,4.41,7,9.26,1.5,-0.02,-0.95,-18.52,0
2026.07.15 17:05:00,17,SELL,0.79,4.47,5,9.523,1.5,5.35,-0.51,14.28,1
2026.07.15 18:45:00,18,BUY,0.71,4.33,3,8.626,1.5,4.6,-0.14,12.94,1
2026.07.16 07:05:00,7,BUY,1.0,3.12,12,6.253,1.5,0.97,-1.0,-12.51,0
2026.07.16 09:35:00,9,BUY,1.0,4.15,10,4.844,1.5,4.56,-1.0,7.27,1
2026.07.16 11:50:00,11,SELL,0.58,1.54,20,7.76,1.5,5.53,-0.46,3.05,1
2026.07.16 16:05:00,16,BUY,1.0,4.26,8,11.47,1.5,4.95,-0.14,17.2,1
2026.07.16 18:05:00,18,SELL,0.67,2.19,5,7.299,1.5,0.65,-0.96,-14.6,0
2026.07.16 20:00:00,20,SELL,1.0,3.21,5,8.091,1.5,0.03,-0.96,-16.18,0
2026.07.17 07:25:00,7,SELL,0.66,2.04,3,8.119,1.5,0.29,-0.98,-16.24,0
2026.07.17 09:10:00,9,SELL,0.68,2.5,7,8.631,1.5,0.73,-0.94,-10.58,0
2026.07.17 16:35:00,16,BUY,1.0,2.41,3,9.554,1.5,4.28,-0.49,9.61,1
2026.07.17 19:40:00,19,SELL,0.86,3.12,4,5.635,1.5,4.68,-0.14,8.46,1
2026.07.20 07:25:00,7,SELL,0.66,2.72,11,5.79,1.5,4.18,-0.93,8.68,1
2026.07.20 08:45:00,8,BUY,0.63,2.93,5,8.977,1.5,0.75,-0.66,-17.96,0
2026.07.20 15:20:00,15,BUY,1.0,2.83,3,9.457,1.5,1.14,-0.68,4.28,1
2026.07.20 18:50:00,18,SELL,1.0,2.78,6,5.447,1.5,0.88,-0.73,16.35,1
2026.07.20 19:40:00,19,BUY,1.0,1.3,28,5.861,1.5,0.97,-0.04,5.91,1
2026.07.21 09:05:00,9,SELL,0.6,4.87,3,5.883,1.5,0.69,-0.89,-11.76,0
2026.07.21 12:20:00,12,SELL,0.41,2.28,7,6.038,1.5,3.13,-0.23,1.51,1
2026.07.21 12:35:00,12,BUY,1.0,2.77,3,6.443,1.5,5.2,-0.05,2.48,1
2026.07.21 15:50:00,15,BUY,0.7,4.72,3,7.935,1.5,0.81,-0.78,-15.87,0
2026.07.21 20:35:00,20,BUY,0.75,2.25,7,3.617,1.5,4.82,-0.14,5.43,1
2026.07.22 07:15:00,7,SELL,0.95,1.98,3,7.99,1.5,0.83,-0.92,2.07,1
2026.07.22 10:40:00,10,BUY,0.7,2.66,16,6.02,1.5,0.24,-0.81,-12.04,0
2026.07.22 16:40:00,16,SELL,0.63,2.16,21,7.262,1.5,0.33,-0.98,-14.52,0
2026.07.22 18:50:00,18,SELL,0.69,3.62,4,5.822,1.5,0.18,-0.85,-11.64,0
2026.07.22 19:35:00,19,SELL,0.76,2.63,3,4.89,1.5,0.05,-0.99,-9.78,0
2026.07.22 20:10:00,20,SELL,0.71,2.26,4,5.641,1.5,0.77,-0.93,-11.28,0
2026.07.23 09:30:00,9,SELL,0.71,1.68,9,6.91,1.5,0.54,-0.97,-13.82,0
2026.07.23 14:25:00,14,SELL,0.61,3.23,4,14.938,1.5,0.64,-0.68,-6.82,0
2026.07.23 18:30:00,18,SELL,0.7,3.22,6,5.494,1.5,4.0,-0.36,5.81,1
2026.07.24 11:10:00,11,BUY,0.86,2.28,8,4.978,1.5,4.16,-0.23,7.46,1
2026.07.24 12:00:00,12,BUY,0.88,3.04,24,5.691,1.5,5.17,-0.5,8.54,1
2026.07.24 15:45:00,15,BUY,0.51,3.8,5,10.843,1.5,4.19,-0.59,16.26,1
2026.07.24 20:05:00,20,SELL,0.47,2.74,8,5.44,1.5,0.38,-0.47,15.19,1
2026.07.27 07:40:00,7,BUY,0.56,3.28,3,5.948,1.5,5.86,-0.06,8.92,1
2026.07.27 09:10:00,9,BUY,0.96,2.49,30,5.774,1.5,5.46,-1.0,3.16,1
2026.07.27 10:15:00,10,BUY,0.63,3.15,14,6.313,1.5,0.2,-0.98,-12.62,0
2026.07.27 11:45:00,11,BUY,0.61,2.72,22,6.431,1.5,5.03,-0.36,9.64,1
2026.07.27 14:55:00,14,SELL,0.82,2.38,3,9.937,1.5,4.03,-0.2,14.91,1
2026.07.27 18:20:00,18,BUY,1.0,2.54,4,4.939,1.5,0.41,-0.99,-9.88,0
2026.07.28 07:00:00,7,BUY,0.9,3.17,4,5.266,1.5,0.41,-0.9,-10.53,0
2026.07.28 11:45:00,11,BUY,1.0,2.39,6,6.766,1.5,0.61,-0.73,-13.54,0
2026.07.28 13:00:00,13,BUY,1.0,2.68,3,8.372,1.5,5.11,-0.83,12.55,1
2026.07.28 16:45:00,16,BUY,1.0,4.19,11,6.26,1.5,5.01,-0.23,9.39,1
2026.07.28 19:30:00,19,SELL,1.0,2.07,7,3.69,1.5,4.17,-0.2,0.93,1
2026.07.28 19:45:00,19,SELL,0.85,3.43,14,3.846,1.5,4.37,-0.97,0.96,1
2026.07.29 07:50:00,7,BUY,0.97,3.26,6,4.292,1.5,4.56,-0.15,6.44,1
2026.07.29 09:50:00,9,SELL,0.74,3.82,4,4.194,1.5,0.16,-0.96,-8.38,0
2026.07.29 11:20:00,11,SELL,0.55,4.12,3,4.939,1.5,0.69,-0.97,-9.88,0
2026.07.29 14:25:00,14,SELL,0.53,4.59,3,11.705,1.5,-0.0,-0.94,-23.41,0
2026.07.29 19:35:00,19,BUY,0.88,4.59,7,28.089,1.5,1.08,-0.11,7.02,1
2026.07.30 07:05:00,7,SELL,0.76,3.26,22,9.626,1.5,4.85,-0.93,14.44,1
2026.07.30 12:15:00,12,SELL,0.62,1.49,3,7.135,1.5,-0.01,-0.94,-14.27,0
2026.07.30 12:35:00,12,BUY,0.62,4.09,22,8.914,1.5,0.95,-0.97,-17.83,0
2026.07.30 15:30:00,15,SELL,1.0,3.91,4,13.596,1.5,4.4,-0.28,20.4,1
2026.07.30 19:05:00,19,SELL,0.53,1.96,8,5.529,1.5,0.92,-0.2,16.59,1
2026.07.30 20:30:00,20,BUY,1.0,2.59,6,5.685,1.5,1.02,-0.14,8.53,1
2026.07.31 07:00:00,7,BUY,0.67,2.19,23,7.006,1.5,4.32,-0.24,3.97,1
2026.07.31 09:50:00,9,SELL,0.94,3.75,3,6.662,1.5,0.68,-0.93,-13.32,0
2026.07.31 13:25:00,13,SELL,0.7,4.37,3,10.011,1.5,0.02,-0.98,-20.02,0
2026.07.31 14:15:00,14,SELL,1.0,3.54,6,12.36,1.5,4.4,-0.17,18.54,1
2026.07.31 15:35:00,15,SELL,0.48,4.98,18,10.556,1.5,4.05,-0.13,5.58,1
2026.08.03 07:00:00,7,BUY,0.57,3.61,12,7.833,1.5,4.5,-0.19,11.75,1
2026.08.03 08:40:00,8,SELL,0.56,2.31,3,6.189,1.5,0.35,-0.89,-12.38,0
2026.08.03 11:05:00,11,SELL,0.87,3.6,3,5.58,1.5,0.15,-0.99,-11.16,0
2026.08.03 16:00:00,16,BUY,1.0,2.53,3,7.208,1.5,0.89,-0.96,-14.42,0
2026.08.03 20:55:00,20,BUY,0.78,3.5,5,4.057,1.5,5.21,-0.34,2.03,1
2026.08.04 07:20:00,7,BUY,0.6,3.08,22,5.96,1.5,0.3,-0.89,-11.92,0
2026.08.04 08:15:00,8,BUY,0.97,3.2,3,6.365,1.5,4.79,-0.13,9.54,1
2026.08.04 13:00:00,13,BUY,0.65,3.71,4,11.128,1.5,0.89,-0.45,-22.25,0
2026.08.04 14:35:00,14,BUY,0.89,4.38,15,12.141,1.5,0.27,-0.99,-24.28,0
2026.08.04 17:30:00,17,BUY,0.63,4.73,5,7.97,1.5,4.95,-0.25,11.96,1
2026.08.04 19:05:00,19,SELL,0.54,4.07,4,6.044,1.5,0.65,-1.0,-12.08,0
2026.08.04 20:35:00,20,SELL,1.0,2.6,3,3.993,1.5,4.29,-0.42,5.99,1
2026.08.05 07:05:00,7,BUY,1.0,2.76,6,11.157,1.5,4.18,-0.19,5.59,1
2026.08.05 11:05:00,11,SELL,1.0,2.2,26,6.609,1.5,4.51,-0.23,9.91,1
2026.08.05 13:50:00,13,BUY,0.79,2.51,3,13.507,1.5,0.28,-0.85,-27.02,0
2026.08.06 09:45:00,9,BUY,0.57,4.38,5,8.537,1.5,4.78,-0.54,5.74,1
2026.08.06 12:25:00,12,SELL,0.96,2.4,7,9.574,1.5,4.09,-0.46,2.39,1
2026.08.06 16:40:00,16,SELL,0.51,2.77,3,12.682,1.5,3.48,-0.3,9.07,1
2026.08.06 20:05:00,20,BUY,0.55,2.08,11,9.036,1.5,4.22,-0.08,5.89,1
2026.08.07 07:10:00,7,BUY,0.66,3.28,3,10.074,1.5,0.83,-0.96,-20.14,0
2026.08.07 11:45:00,11,BUY,0.83,2.58,3,7.372,1.5,5.71,-0.6,11.06,1
2026.08.07 14:25:00,14,SELL,0.69,3.69,3,19.392,1.5,0.36,-0.99,-19.39,0
2026.08.07 19:55:00,19,BUY,0.87,3.98,7,7.61,1.5,0.93,-0.65,-9.86,0
2026.08.10 07:15:00,7,BUY,0.62,4.05,4,7.852,1.5,0.05,-0.78,-15.71,0
2026.08.10 09:15:00,9,SELL,0.83,3.39,4,6.728,1.5,-0.01,-0.77,-13.46,0
2026.08.10 10:25:00,10,SELL,1.0,2.18,5,5.252,1.5,0.16,-0.99,-10.5,0
2026.08.10 11:35:00,11,SELL,0.92,4.57,4,5.938,1.5,0.29,-0.98,-11.88,0
2026.08.10 12:40:00,12,SELL,0.93,3.03,3,7.875,1.5,4.43,-0.69,1.96,1
2026.08.10 13:45:00,13,BUY,0.59,2.12,6,9.899,1.5,5.57,-0.12,5.28,1
2026.08.10 16:35:00,16,BUY,0.6,4.62,5,8.454,1.5,0.56,-0.99,-16.91,0
2026.08.10 20:10:00,20,BUY,0.58,4.82,8,7.636,1.5,-0.02,-0.99,-15.27,0
2026.08.11 08:05:00,8,SELL,1.0,1.91,5,8.507,1.5,4.74,-0.5,12.76,1
2026.08.11 11:25:00,11,BUY,0.96,3.75,5,7.472,1.5,0.43,-0.96,-14.94,0
2026.08.11 13:00:00,13,BUY,0.52,2.15,3,10.407,1.5,0.35,-0.94,-20.81,0
2026.08.11 17:15:00,17,BUY,0.81,2.26,7,5.843,1.5,4.89,-0.62,8.77,1
2026.08.11 19:05:00,19,BUY,1.0,2.91,4,7.493,1.5,0.75,-0.76,-14.98,0
2026.08.11 19:45:00,19,BUY,1.0,3.51,3,6.607,1.5,0.18,-0.96,-13.21,0
2026.08.12 09:00:00,9,BUY,0.46,4.6,11,5.49,1.5,-0.03,-0.67,-10.98,0
2026.08.12 09:45:00,9,BUY,1.0,4.93,5,8.122,1.5,3.71,-0.91,2.9,1
2026.08.12 16:15:00,16,SELL,0.56,3.1,5,10.899,1.5,0.25,-0.99,-21.8,0
2026.08.13 08:25:00,8,SELL,0.74,3.35,3,7.838,1.5,4.52,-0.09,2.47,1
2026.08.13 11:45:00,11,BUY,0.56,4.38,11,6.117,1.5,0.15,-0.99,-12.23,0
2026.08.13 12:45:00,12,BUY,0.75,1.32,18,10.698,1.5,5.6,-0.97,16.05,1
2026.08.13 16:30:00,16,SELL,0.91,3.32,3,10.752,1.5,0.99,-0.98,-21.51,0
2026.08.13 19:30:00,19,SELL,0.87,3.93,3,6.778,1.5,0.94,-0.71,10.94,1
2026.08.14 07:15:00,7,BUY,0.43,2.76,3,7.107,1.5,0.13,-0.96,-14.21,0
2026.08.14 10:20:00,10,BUY,0.58,4.17,3,5.392,1.5,0.97,-0.7,-10.79,0
2026.08.14 12:45:00,12,BUY,1.0,4.08,3,9.231,1.5,0.28,-0.93,-18.46,0
2026.08.14 13:50:00,13,BUY,0.62,4.48,3,10.489,1.5,0.74,-0.99,-0.6,0
2026.08.14 18:10:00,18,SELL,1.0,2.13,5,5.438,1.5,0.47,-0.74,-10.87,0
2026.08.14 19:10:00,19,SELL,1.0,3.31,5,6.262,1.5,0.56,-0.83,4.73,1
2026.08.17 07:15:00,7,BUY,1.0,2.81,5,6.937,1.5,0.05,-0.83,-13.87,0
2026.08.17 07:55:00,7,BUY,1.0,3.86,4,7.04,1.5,4.37,-0.29,10.56,1
2026.08.17 11:45:00,11,BUY,1.0,2.42,3,5.81,1.5,4.83,-0.28,2.56,1
2026.08.17 13:20:00,13,SELL,0.7,3.83,7,9.813,1.5,4.4,-0.16,14.72,1
2026.08.17 17:05:00,17,SELL,1.0,1.59,4,5.198,1.5,-0.02,-0.94,-10.4,0
2026.08.18 11:05:00,11,BUY,1.0,3.43,4,5.097,1.5,1.05,-0.65,-5.1,0
2026.08.18 12:40:00,12,BUY,0.9,2.52,4,8.066,1.5,0.74,-0.43,24.2,1
2026.08.18 18:20:00,18,SELL,0.88,3.89,4,7.089,1.5,0.28,-0.96,-14.18,0
2026.08.19 07:10:00,7,SELL,0.87,3.29,28,8.868,1.5,2.88,-0.67,2.22,1
2026.08.19 08:55:00,8,BUY,1.0,1.86,3,6.273,1.5,0.81,-0.99,-12.54,0
2026.08.19 11:30:00,11,BUY,1.0,2.88,4,4.877,1.5,5.25,-0.22,7.31,1
2026.08.19 12:20:00,12,BUY,0.73,1.09,19,6.426,1.5,0.02,-0.92,-12.86,0
2026.08.19 18:45:00,18,SELL,0.94,2.42,15,10.687,1.5,4.75,-0.13,16.04,1
2026.08.19 20:15:00,20,BUY,0.86,2.03,4,8.638,1.5,0.05,-0.7,-17.28,0
2026.08.20 07:10:00,7,SELL,0.5,4.41,15,6.494,1.5,5.15,-0.94,3.75,1
2026.08.20 08:30:00,8,BUY,0.91,2.63,3,6.935,1.5,4.54,-0.67,4.36,1
2026.08.20 10:10:00,10,SELL,0.84,2.44,7,7.133,1.5,0.75,-0.94,-14.26,0
2026.08.20 13:05:00,13,SELL,0.97,4.94,12,16.038,1.5,1.45,-0.62,24.06,1
2026.08.20 16:50:00,16,SELL,0.83,3.39,4,11.358,1.5,4.12,-0.42,5.99,1
2026.08.20 19:30:00,19,BUY,0.58,2.78,3,7.168,1.5,0.09,-0.99,-14.33,0
2026.08.20 20:30:00,20,BUY,1.0,2.01,20,6.709,1.5,0.6,-0.57,-13.42,0
2026.08.21 13:25:00,13,SELL,0.54,4.95,9,13.589,1.5,5.01,-0.76,7.51,1
2026.08.21 14:40:00,14,BUY,1.0,2.1,11,16.711,1.5,0.09,-0.98,-16.71,0
2026.08.21 17:25:00,17,BUY,0.88,3.93,4,9.657,1.5,0.25,-0.88,-19.32,0
2026.08.21 18:35:00,18,BUY,0.97,2.55,6,7.506,1.5,4.65,-0.51,11.26,1
2026.08.24 07:20:00,7,BUY,0.55,1.7,4,13.054,1.5,4.61,-0.19,5.75,1
2026.08.24 09:45:00,9,SELL,1.0,1.96,6,9.12,1.5,4.73,-0.05,3.82,1
2026.08.24 17:40:00,17,SELL,1.0,3.35,4,13.091,1.5,0.08,-0.69,-26.18,0
2026.08.24 18:25:00,18,SELL,1.0,1.99,4,14.203,1.5,3.73,-0.79,13.02,1
2026.08.25 07:20:00,7,BUY,0.58,3.81,11,8.207,1.5,5.11,-0.37,12.31,1
2026.08.25 08:20:00,8,SELL,1.0,4.01,3,8.975,1.5,4.11,-0.17,13.47,1
2026.08.25 09:50:00,9,SELL,0.55,1.6,27,10.979,1.5,0.62,-0.98,-0.45,0
2026.08.25 14:25:00,14,SELL,0.54,4.17,8,16.426,1.5,1.17,-0.77,24.64,1
2026.08.25 16:10:00,16,BUY,0.9,4.69,6,11.419,1.5,0.94,-0.91,-22.84,0
2026.08.26 07:00:00,7,SELL,1.0,3.75,7,7.894,1.5,0.65,-0.86,-15.79,0
2026.08.26 09:45:00,9,SELL,0.87,4.47,4,5.831,1.5,0.58,-0.88,-11.67,0
2026.08.26 11:15:00,11,SELL,0.78,3.3,10,6.579,1.5,5.56,-0.35,9.87,1
2026.08.26 14:40:00,14,SELL,0.57,3.99,17,14.324,1.5,0.39,-0.82,-28.65,0
2026.08.26 19:25:00,19,SELL,0.67,2.13,4,5.808,1.5,3.61,-0.04,1.45,1
2026.08.26 19:45:00,19,BUY,0.64,3.07,3,5.889,1.5,4.25,-0.21,8.83,1
2026.08.26 20:35:00,20,SELL,0.92,4.05,3,5.54,1.5,1.33,-0.15,8.31,1
2026.08.27 07:15:00,7,SELL,0.94,3.1,4,7.871,1.5,-0.02,-0.89,-15.75,0
2026.08.27 09:30:00,9,SELL,1.0,2.42,6,6.399,1.5,0.18,-0.97,-12.8,0
2026.08.27 10:55:00,10,SELL,1.0,4.37,16,8.753,1.5,4.25,-0.23,6.68,1
2026.08.27 16:20:00,16,BUY,1.0,4.64,4,9.173,1.5,-0.02,-0.69,-18.35,0
2026.08.27 17:10:00,17,BUY,0.89,3.43,4,7.412,1.5,4.18,-0.6,3.56,1
2026.08.27 18:55:00,18,SELL,1.0,3.17,11,6.773,1.5,4.8,-0.09,3.07,1
2026.08.27 20:20:00,20,SELL,0.5,2.07,22,6.24,1.5,0.94,-0.93,-5.57,0
2026.08.28 08:40:00,8,BUY,0.8,4.92,13,6.391,1.5,3.94,-0.15,1.6,1
2026.08.28 11:20:00,11,SELL,0.79,3.71,3,6.29,1.5,0.14,-0.87,-12.58,0
2026.08.28 12:55:00,12,SELL,0.5,2.24,11,8.395,1.5,5.47,-0.35,12.6,1
2026.08.31 07:10:00,7,BUY,0.78,2.26,5,8.795,1.5,0.27,-0.97,-17.59,0
2026.08.31 09:05:00,9,SELL,0.65,1.9,3,7.279,1.5,4.92,-0.46,10.92,1
2026.08.31 10:25:00,10,BUY,0.65,4.19,4,6.655,1.5,0.08,-0.78,-13.31,0
2026.08.31 11:40:00,11,BUY,1.0,2.97,3,6.825,1.5,5.94,-0.8,10.24,1
2026.08.31 13:15:00,13,SELL,0.87,4.62,3,10.388,1.5,0.18,-0.85,-20.77,0
2026.08.31 14:40:00,14,SELL,0.71,3.85,9,14.917,1.5,0.43,-0.7,-1.49,0
2026.08.31 18:15:00,18,SELL,1.0,2.18,10,6.811,1.5,0.09,-0.65,-13.63,0
2026.09.01 07:05:00,7,SELL,0.62,4.37,27,7.193,1.5,-0.01,-0.91,-14.38,0
2026.09.01 10:10:00,10,SELL,1.0,2.08,7,10.643,1.5,4.43,-0.03,4.55,1
2026.09.01 11:30:00,11,SELL,1.0,1.83,3,8.098,1.5,0.83,-0.71,-16.19,0
2026.09.01 13:30:00,13,SELL,1.0,4.77,4,16.142,1.5,1.5,-0.14,24.22,1
2026.09.01 14:40:00,14,BUY,1.0,2.3,4,17.186,1.5,1.36,-0.54,19.82,1
2026.09.01 18:25:00,18,SELL,0.89,4.07,3,7.626,1.5,-0.03,-0.85,-15.26,0
2026.09.01 19:15:00,19,SELL,0.57,3.15,4,7.651,1.5,0.01,-0.9,-15.3,0
2026.09.01 20:30:00,20,BUY,1.0,1.58,5,7.73,1.5,0.09,-0.88,-15.46,0
2026.09.02 07:05:00,7,BUY,1.0,1.99,11,10.373,1.5,0.17,-0.98,-20.75,0
2026.09.02 10:20:00,10,SELL,0.85,2.57,3,6.82,1.5,5.34,-0.52,10.23,1
2026.09.02 12:35:00,12,BUY,0.58,3.02,3,12.38,1.5,0.23,-0.93,-24.76,0
2026.09.02 16:20:00,16,SELL,0.51,2.2,7,8.445,1.5,4.32,-0.71,3.9,1
2026.09.02 18:10:00,18,BUY,0.57,4.08,5,6.992,1.5,0.61,-0.98,-13.98,0
2026.09.03 07:05:00,7,SELL,0.64,3.72,8,9.665,1.5,0.0,-0.9,-19.33,0
2026.09.03 17:25:00,17,SELL,0.54,3.12,5,6.924,1.5,0.52,-0.96,-13.85,0
2026.09.04 07:10:00,7,SELL,0.55,3.16,3,7.451,1.5,4.84,-0.29,11.17,1
2026.09.04 09:05:00,9,SELL,0.54,2.8,3,6.235,1.5,-0.02,-0.78,-12.47,0
2026.09.04 10:10:00,10,SELL,0.69,4.2,9,6.694,1.5,0.9,-0.97,-13.39,0
2026.09.04 16:00:00,16,BUY,0.62,3.98,8,14.037,1.5,4.03,-0.51,21.06,1
2026.09.04 19:30:00,19,SELL,0.99,2.77,30,6.584,1.5,0.42,-0.97,-13.17,0
2026.09.07 07:05:00,7,SELL,0.81,2.36,30,9.623,1.5,4.45,-0.87,14.44,1
2026.09.07 11:15:00,11,SELL,0.95,2.79,4,7.06,1.5,0.17,-0.92,-14.12,0
2026.09.07 12:10:00,12,SELL,1.0,2.9,8,8.436,1.5,3.84,-0.1,12.65,1
2026.09.07 15:05:00,15,BUY,1.0,3.43,3,7.552,1.5,0.9,-0.63,11.13,1
2026.09.08 10:40:00,10,BUY,0.53,2.07,17,7.07,1.5,0.51,-0.88,-14.14,0
2026.09.08 11:50:00,11,BUY,1.0,3.03,18,7.842,1.5,1.2,-0.91,11.76,1
2026.09.08 12:25:00,12,SELL,0.5,1.63,15,9.948,1.5,4.85,-0.12,4.42,1
2026.09.08 13:30:00,13,BUY,0.48,2.65,6,13.606,1.5,5.58,-0.68,10.52,1
2026.09.08 18:45:00,18,SELL,0.52,2.99,3,5.332,1.5,0.2,-0.69,-10.66,0
2026.09.09 08:10:00,8,BUY,0.57,4.07,5,6.103,1.5,4.91,-0.09,9.16,1
2026.09.09 12:25:00,12,SELL,0.65,3.47,29,8.669,1.5,5.17,-0.74,13.01,1
2026.09.09 18:35:00,18,BUY,0.95,3.02,5,5.774,1.5,5.65,-0.29,8.66,1
2026.09.09 20:35:00,20,SELL,0.71,2.75,3,5.237,1.5,4.82,-0.1,7.86,1
2026.09.10 14:15:00,14,BUY,0.69,3.49,6,17.461,1.5,0.39,-0.99,-3.53,0
2026.09.10 17:20:00,17,SELL,0.72,2.89,14,9.851,1.5,0.25,-0.98,-19.7,0
2026.09.11 08:15:00,8,SELL,0.76,3.81,5,7.355,1.5,2.42,-0.56,1.84,1
2026.09.11 15:30:00,15,SELL,1.0,3.6,4,12.321,1.5,0.55,-0.98,-24.64,0
2026.09.11 16:35:00,16,SELL,0.67,3.55,3,12.613,1.5,0.49,-0.95,-25.22,0
2026.09.14 07:15:00,7,SELL,1.0,3.36,3,7.824,1.5,0.01,-0.75,-15.65,0
2026.09.14 08:10:00,8,SELL,1.0,2.87,3,8.574,1.5,0.05,-0.82,-17.15,0
2026.09.14 16:00:00,16,BUY,0.76,3.73,4,12.152,1.5,0.16,-0.92,-24.31,0
2026.09.15 07:00:00,7,SELL,0.54,3.63,10,6.697,1.5,0.26,-0.95,-13.4,0
2026.09.15 07:25:00,7,BUY,0.49,2.48,5,7.648,1.5,3.39,-0.6,1.91,1
2026.09.15 09:30:00,9,SELL,0.86,3.11,7,7.957,1.5,5.32,-0.31,4.03,1
2026.09.15 11:40:00,11,BUY,0.51,2.2,5,5.645,1.5,0.11,-0.9,-11.29,0
2026.09.15 12:10:00,12,BUY,0.8,3.82,15,6.266,1.5,1.0,-0.87,-6.27,0
2026.09.15 16:15:00,16,BUY,0.63,3.11,4,7.511,1.5,0.11,-0.57,-15.02,0
2026.09.15 17:15:00,17,BUY,0.55,1.54,5,7.669,1.5,0.45,-0.63,-15.34,0
2026.09.15 19:15:00,19,BUY,1.0,3.45,12,7.084,1.5,4.15,-0.36,4.08,1
2026.09.16 07:55:00,7,BUY,0.5,3.64,3,7.462,1.5,0.83,-0.84,-14.92,0
2026.09.16 10:25:00,10,BUY,0.66,3.85,3,8.162,1.5,0.15,-0.97,-16.32,0
2026.09.16 11:45:00,11,BUY,1.0,1.99,4,6.358,1.5,4.61,-0.16,3.23,1
2026.09.16 16:05:00,16,BUY,1.0,3.24,4,10.384,1.5,0.6,-0.81,-20.77,0
2026.09.17 09:05:00,9,SELL,1.0,2.23,4,7.59,1.5,0.57,-1.0,-15.18,0
2026.09.17 09:55:00,9,SELL,0.79,3.81,5,6.546,1.5,5.71,-0.94,9.82,1
2026.09.17 13:55:00,13,BUY,1.0,1.85,8,14.38,1.5,1.04,-0.98,5.85,1
2026.09.17 17:05:00,17,BUY,0.9,3.66,13,8.164,1.5,4.3,-0.47,12.24,1
2026.09.17 19:55:00,19,SELL,0.96,3.68,5,6.392,1.5,0.22,-0.93,-12.78,0
2026.09.18 08:10:00,8,BUY,1.0,1.85,4,8.127,1.5,4.23,-0.07,2.78,1
2026.09.18 08:55:00,8,SELL,0.78,3.27,3,7.166,1.5,0.87,-0.9,-14.33,0
2026.09.18 18:10:00,18,BUY,0.62,3.43,4,7.36,1.5,5.07,-0.39,5.95,1
2026.09.18 19:20:00,19,BUY,0.79,3.73,25,5.804,1.5,4.8,-0.3,2.11,1
2026.09.18 20:25:00,20,SELL,0.81,2.26,12,5.734,1.5,0.03,-0.95,-11.47,0
2026.09.18 20:55:00,20,SELL,1.0,2.64,12,5.652,1.5,0.07,-0.77,-9.77,0
2026.09.21 07:15:00,7,SELL,1.0,2.1,10,8.207,1.5,0.3,-0.9,-16.42,0
2026.09.21 08:05:00,8,SELL,1.0,2.4,5,9.553,1.5,0.93,-0.92,-7.67,0
2026.09.21 11:10:00,11,SELL,0.7,4.42,19,5.944,1.5,5.07,-0.26,8.92,1
2026.09.21 16:40:00,16,BUY,0.56,2.49,5,8.645,1.5,4.37,-0.14,5.95,1
2026.09.21 17:50:00,17,SELL,0.53,2.47,3,6.818,1.5,4.2,-0.12,3.69,1
2026.09.21 19:25:00,19,SELL,1.0,2.8,5,4.291,1.5,5.49,-0.3,6.43,1
2026.09.22 07:05:00,7,BUY,1.0,1.39,4,7.974,1.5,4.5,-0.77,2.41,1
2026.09.22 10:50:00,10,BUY,0.96,4.62,10,9.972,1.5,4.77,-0.27,14.96,1
2026.09.22 11:50:00,11,SELL,0.59,4.41,8,10.019,1.5,0.71,-0.25,30.05,1
2026.09.22 16:35:00,16,SELL,1.0,2.68,5,6.31,1.5,1.2,-0.3,9.47,1
2026.09.22 20:00:00,20,BUY,0.85,3.95,5,6.593,1.5,0.99,-0.22,2.8,1
2026.09.23 07:00:00,7,SELL,0.88,3.04,8,6.327,1.5,0.2,-0.8,-12.65,0
2026.09.23 09:45:00,9,SELL,0.65,2.17,3,5.702,1.5,-0.04,-0.94,-11.41,0
2026.09.23 10:00:00,10,SELL,0.59,3.49,3,6.18,1.5,0.74,-0.92,-12.36,0
2026.09.23 11:50:00,11,SELL,0.97,4.79,3,8.296,1.5,4.86,-0.21,4.1,1
2026.09.23 13:40:00,13,SELL,0.87,2.12,6,10.894,1.5,0.06,-0.41,-21.79,0
2026.09.23 14:45:00,14,SELL,1.0,1.76,6,15.735,1.5,0.75,-0.79,1.04,1
2026.09.23 20:00:00,20,SELL,1.0,1.75,5,6.462,1.5,3.84,-0.26,9.69,1
