long,eff,atrRatio,rsi,h1slope,d1dist,m5dist,mom,hour,dow,consecLoss,dLong,dShort,spread,mfe,mae,pl,win
0,0.502,1.009,53.0,2.711,4.422,0.821,0.05,7,4,0,0,1,0.1468,0.63,-0.94,-3.82,0
1,1.0,0.923,54.4,1.764,6.76,1.495,-0.658,11,4,1,1,1,0.0915,4.73,-0.63,2.03,1
0,0.91,0.85,54.8,2.184,8.307,1.499,-0.255,13,4,0,1,2,0.1016,4.19,-0.06,4.14,1
0,1.0,1.384,62.5,1.12,5.495,1.666,0.592,14,4,0,1,3,0.0503,0.55,-0.97,-11.13,0
0,0.872,0.788,46.1,1.958,16.294,-0.375,-1.078,12,5,0,0,1,0.1205,5.14,-0.4,3.49,1
1,0.685,0.647,45.4,0.357,5.458,-2.094,1.537,17,5,0,1,1,0.0943,-0.01,-0.97,-5.95,0
1,1.0,0.649,44.9,0.037,5.862,-2.134,-0.435,18,5,1,2,1,0.1142,0.82,-0.93,-4.9,0
1,1.0,0.962,44.0,-0.785,-0.508,-1.834,0.584,7,1,0,1,0,0.1065,0.15,-0.99,-5.26,0
1,0.886,1.156,42.5,-0.929,-2.172,-1.737,0.912,8,1,1,2,0,0.0815,5.77,-0.5,5.15,1
0,0.921,1.001,50.0,-1.176,-0.807,-0.239,-1.794,9,1,0,2,1,0.0899,0.24,-0.85,-6.23,0
0,1.0,1.011,53.6,-0.221,0.368,0.276,0.872,15,1,1,2,2,0.0393,0.37,-0.92,-1.5,0
0,0.806,0.744,47.7,-0.686,1.096,-0.206,-1.252,18,1,2,2,3,0.0841,0.84,-0.45,-0.55,0
1,0.867,1.118,58.5,0.224,5.615,1.499,2.294,8,2,0,1,0,0.1,0.46,-0.9,-5.56,0
1,0.511,0.967,46.9,0.298,4.379,-0.265,0.12,9,2,1,2,0,0.1027,4.18,-0.31,0.68,1
0,0.523,0.781,54.4,0.475,7.536,0.996,0.734,10,2,0,2,1,0.1342,-0.06,-0.47,-4.17,0
0,0.567,1.222,64.9,0.725,9.372,2.738,1.352,14,2,1,2,2,0.0589,0.81,-0.1,14.16,1
0,0.983,0.774,48.0,1.119,7.098,-0.178,-0.316,17,2,0,2,3,0.068,4.0,-0.21,2.32,1
1,0.673,0.695,45.7,1.199,10.977,-1.099,-0.634,20,2,0,3,3,0.1285,4.59,-1.59,0.73,1
0,0.952,1.089,52.7,0.758,13.795,1.168,-1.144,7,3,0,0,1,0.1457,3.49,-0.69,0.48,1
0,1.0,1.223,57.3,0.657,11.175,1.248,0.713,8,3,0,0,2,0.1113,4.44,-0.99,3.78,1
0,0.54,1.153,65.0,0.566,10.135,2.768,0.82,14,3,0,0,3,0.0603,1.09,-0.83,-4.62,0
1,0.593,1.14,50.7,1.054,14.902,0.655,-0.591,8,4,0,1,0,0.1035,5.57,-0.17,1.27,1
0,1.0,1.066,60.7,1.159,15.09,1.859,0.835,11,4,0,1,1,0.0841,0.21,-0.99,-6.65,0
0,0.956,1.192,58.4,1.011,13.281,1.574,0.622,12,4,1,1,2,0.0716,0.12,-0.67,-7.82,0
0,0.85,1.156,60.8,1.23,16.123,2.117,0.262,13,4,2,1,3,0.075,5.73,-0.07,2.08,1
1,0.692,1.012,46.4,1.278,12.887,-0.431,0.51,16,4,0,2,3,0.069,0.07,-0.9,-8.07,0
1,1.0,0.85,38.7,1.379,13.153,-1.731,-0.564,17,4,1,3,3,0.0811,-0.02,-0.97,-6.9,0
0,0.492,1.589,48.6,1.225,16.582,0.323,-0.295,7,5,0,0,1,0.0842,0.51,-0.99,-7.59,0
0,0.904,0.788,54.4,2.12,27.991,1.271,-0.298,11,5,1,0,2,0.1215,5.26,-0.51,0.97,1
0,0.603,1.055,49.9,0.791,10.234,0.662,-1.401,16,5,0,0,3,0.0375,0.3,-0.98,-14.94,0
1,0.882,1.222,45.3,0.802,13.888,-0.627,0.188,9,1,0,1,0,0.0684,0.43,-0.68,-8.14,0
1,0.746,0.728,39.8,0.868,16.226,-2.238,0.113,11,1,1,2,0,0.1,0.07,-0.75,-5.6,0
1,0.889,1.215,37.4,0.07,6.144,-2.077,-0.589,13,1,2,3,0,0.0531,0.3,-0.93,-10.49,0
0,1.0,1.107,49.2,-0.329,5.949,-0.774,1.359,15,1,3,3,1,0.052,4.67,-0.56,8.02,1
0,0.595,0.833,44.9,-0.69,5.747,-1.534,0.396,16,1,0,3,2,0.0668,4.42,-0.06,1.54,1
0,0.961,1.134,52.7,-0.336,10.158,0.492,-1.075,8,2,0,0,1,0.0914,4.39,-0.2,4.59,1
1,1.0,1.101,41.2,-0.408,7.47,-1.227,-0.538,10,2,0,1,1,0.0882,4.06,-0.69,1.75,1
0,1.0,1.001,54.9,-0.448,9.611,0.53,0.61,12,2,0,1,2,0.0964,5.57,-0.64,1.36,1
1,1.0,1.272,47.6,-0.316,6.13,-0.247,-0.789,13,2,0,2,2,0.0671,0.37,-0.67,-8.3,0
1,0.567,0.655,49.7,-0.509,12.55,0.046,0.828,18,2,1,3,2,0.1252,4.36,-0.08,3.35,1
0,0.577,1.316,50.6,0.742,15.24,0.962,-1.227,8,3,0,0,1,0.0958,-0.04,-0.91,-5.84,0
1,1.0,0.997,49.3,1.48,19.131,0.563,-0.709,12,3,1,1,1,0.1045,0.37,-0.84,-5.36,0
0,0.639,0.637,57.4,1.293,21.189,2.185,-0.714,18,3,2,1,2,0.097,0.41,-0.99,-5.77,0
0,0.873,0.664,58.7,2.078,30.934,2.526,0.415,20,3,3,1,3,0.1355,0.36,-0.98,-4.14,0
0,0.436,1.298,50.5,1.241,18.402,0.475,-1.514,8,4,0,0,1,0.0802,0.19,-0.96,-7.99,0
0,0.585,0.965,63.4,1.57,26.142,2.875,-0.686,10,4,1,0,2,0.0944,0.48,-1.0,-5.94,0
0,1.0,1.01,41.6,1.928,23.828,0.012,-1.778,12,4,2,0,3,0.0895,5.29,-0.68,1.63,1
1,0.723,1.152,53.3,2.135,36.347,-0.14,0.679,7,5,0,1,0,0.128,0.56,-0.94,-4.37,0
1,0.768,1.158,44.0,1.698,31.099,-1.139,0.57,8,5,1,2,0,0.1154,0.83,-0.89,-4.85,0
0,0.542,1.138,55.1,0.578,23.539,0.672,-0.889,13,5,2,2,1,0.0895,4.61,-0.21,1.04,1
0,0.946,1.272,47.7,0.469,18.36,-0.242,-0.812,13,5,0,2,2,0.0726,4.17,-0.33,0.97,1
1,1.0,1.368,45.3,0.286,15.04,-0.696,0.294,14,5,0,3,2,0.0625,5.12,-0.69,6.73,1
0,0.6,1.085,45.5,0.422,19.763,-0.393,-0.955,9,1,0,0,1,0.0991,0.65,-1.0,-5.65,0
0,1.0,0.804,54.4,0.579,30.142,1.005,1.035,13,1,1,0,2,0.1343,-0.78,-0.78,6.22,1
1,1.0,0.979,45.4,0.452,22.53,-0.265,-0.757,13,1,0,1,2,0.1048,0.04,0.04,-5.31,0
0,1.0,1.237,44.7,0.259,12.326,-0.307,-1.063,15,1,1,1,3,0.0868,0.84,-0.82,-0.26,0
1,0.92,1.211,47.5,1.868,24.884,0.297,-0.52,7,2,0,1,0,0.0855,5.05,-0.32,4.91,1
1,1.0,0.814,51.2,1.604,26.046,-0.528,1.822,11,2,0,2,0,0.0973,4.69,-0.28,0.95,1
0,0.774,0.813,58.3,1.698,31.418,1.287,-0.37,12,2,0,2,1,0.1078,0.01,-0.84,-5.2,0
0,0.891,1.04,58.9,1.539,26.179,2.504,-0.123,16,2,1,2,2,0.0697,0.04,-0.95,-8.04,0
0,1.0,0.963,57.6,1.899,28.349,2.425,-0.123,17,2,2,2,3,0.0734,0.05,-0.98,-7.64,0
1,0.502,0.837,58.1,2.606,36.628,2.671,0.816,18,2,3,3,3,0.0925,0.72,-0.96,-6.05,0
1,0.576,1.341,40.7,1.893,25.207,-0.867,-1.636,13,3,0,1,0,0.0605,4.59,-0.83,2.27,1
1,1.0,0.703,50.6,2.817,48.143,0.186,-0.345,18,3,0,2,0,0.111,0.84,-0.96,-2.58,0
0,0.957,1.035,48.8,1.412,53.086,-0.044,0.51,8,4,0,0,1,0.1431,0.78,-0.71,5.87,1
0,0.749,1.09,58.3,0.714,33.425,0.982,0.968,11,4,0,0,2,0.0908,5.69,-0.53,4.63,1
0,0.695,0.658,60.3,0.438,39.474,3.074,-0.33,18,4,0,0,3,0.1015,4.65,-0.76,4.14,1
1,1.0,0.963,46.8,0.905,36.615,0.11,0.024,20,4,0,1,3,0.0971,0.25,-0.84,-0.19,0
0,0.571,0.955,43.5,2.662,42.656,0.186,-1.389,7,5,0,0,1,0.095,4.34,-0.75,0.74,1
0,0.742,0.899,60.5,2.48,49.803,2.122,-0.249,13,5,0,0,2,0.1015,0.08,-0.75,-5.52,0
0,0.833,1.085,60.9,2.173,42.639,2.149,0.902,14,5,1,0,3,0.0852,4.03,-0.66,4.93,1
1,0.63,1.459,47.5,1.418,26.513,0.002,-0.478,14,5,0,1,3,0.0556,4.87,-0.71,2.24,1
1,1.0,0.907,40.2,1.566,30.976,-1.495,-0.776,17,5,0,2,3,0.0687,0.58,-0.6,-0.01,0
1,0.863,0.968,39.8,-0.836,27.605,-2.244,-1.441,7,1,0,1,0,0.1082,0.15,-0.96,-5.17,0
1,0.544,1.204,44.2,-0.651,21.058,-1.699,-0.483,7,1,1,2,0,0.0842,4.92,-0.76,4.99,1
0,0.884,0.959,56.3,-0.29,23.834,1.968,-0.871,11,1,0,2,1,0.072,0.2,-0.95,-7.77,0
0,0.679,0.887,49.9,0.016,26.058,1.213,-1.205,12,1,1,2,2,0.0772,4.82,-0.25,5.45,1
1,1.0,1.138,38.2,0.189,16.872,-1.801,-0.441,13,1,0,3,2,0.0605,0.25,-0.79,-9.25,0
0,0.561,0.685,61.7,-3.69,25.372,1.02,1.36,20,1,1,3,3,0.1344,0.63,-1.52,-4.17,0
1,0.807,0.999,48.4,-2.269,24.66,-0.161,-0.499,7,2,0,1,0,0.1445,-0.01,-0.89,-3.87,0
1,0.814,1.399,47.0,-1.332,13.747,-0.721,0.176,8,2,1,2,0,0.0877,5.42,-0.42,4.79,1
0,0.57,1.004,58.3,-1.379,19.49,1.331,0.147,10,2,0,2,1,0.1045,1.01,-0.89,-2.68,0
0,1.0,1.051,60.8,-0.076,21.325,2.29,-0.409,16,2,1,2,2,0.0847,-0.02,-0.99,-6.61,0
0,0.822,0.767,58.3,0.346,30.306,2.12,-0.604,17,2,2,2,3,0.1139,0.07,-0.9,-4.91,0
1,0.516,1.165,47.4,1.189,32.974,-1.081,0.915,7,3,0,1,0,0.1337,4.83,-0.41,3.15,1
1,0.532,0.939,44.1,0.729,29.334,-1.271,0.898,12,3,0,2,0,0.1233,0.08,-0.86,-4.54,0
1,0.504,1.289,53.6,0.181,17.277,0.287,0.4,15,3,1,3,0,0.0704,-0.01,-0.89,-7.95,0
0,1.0,1.177,64.7,1.05,28.691,3.285,-0.489,9,4,0,0,1,0.0942,0.73,-1.0,-5.95,0
0,0.506,0.754,55.7,2.959,48.312,2.567,0.193,12,4,1,0,2,0.147,0.13,-0.92,-3.81,0
0,0.756,0.98,59.6,2.591,40.343,2.538,0.59,13,4,2,0,3,0.1174,0.8,-0.81,-4.77,0
1,0.565,0.945,50.6,2.135,27.559,1.03,0.207,17,4,3,1,3,0.0686,4.19,-0.18,2.56,1
1,0.5,0.683,48.6,3.92,46.643,0.591,-0.048,19,4,0,2,3,0.1123,4.05,-0.34,1.96,1
1,1.0,1.235,45.5,2.849,44.067,-0.748,-0.468,7,5,0,1,0,0.1167,5.21,-0.23,3.6,1
1,0.943,0.954,43.1,2.105,37.72,-1.076,-1.134,10,5,0,2,0,0.101,5.19,-0.88,4.16,1
0,1.0,1.241,55.9,1.726,29.33,1.733,-0.768,15,5,0,2,1,0.0624,4.72,-0.64,1.55,1
1,0.608,0.988,46.2,2.215,33.134,0.116,0.499,16,5,0,3,1,0.0732,0.65,-0.55,-7.65,0
0,0.678,1.086,59.1,-0.68,20.527,1.321,0.312,7,1,0,0,1,0.0768,0.46,-0.92,-7.28,0
0,1.0,1.266,62.2,0.931,23.848,2.462,0.419,13,1,1,0,2,0.0609,0.15,-0.89,-9.19,0
0,0.915,1.762,45.8,0.803,13.294,0.468,-1.583,15,1,2,0,3,0.0312,0.12,-0.81,-20.5,0
1,0.688,0.97,49.8,1.401,19.737,0.591,0.004,17,1,3,1,3,0.0444,0.7,-0.41,-0.58,0
1,0.966,0.919,35.9,2.111,39.665,-2.108,0.621,7,2,0,1,0,0.1056,0.54,-0.58,-5.27,0
1,0.542,1.144,41.0,1.573,28.672,-1.811,-1.343,7,2,1,2,0,0.0791,0.94,-0.4,10.61,1
0,0.474,1.315,47.9,1.026,22.593,-0.522,-0.415,8,2,0,2,1,0.0602,0.24,-0.96,-10.62,0
0,1.0,0.875,53.0,1.231,33.88,0.753,-0.921,10,2,1,2,2,0.0847,4.6,-0.2,1.91,1
0,1.0,1.227,68.3,1.17,27.535,3.388,0.681,15,2,0,2,3,0.0511,5.21,-0.74,8.17,1
1,1.0,0.68,50.9,5.007,73.707,1.36,-0.268,20,2,0,3,3,0.1355,0.39,-0.95,-4.13,0
0,0.862,0.982,54.3,4.19,60.499,2.08,-0.969,7,3,0,0,1,0.1035,5.02,-0.06,4.06,1
1,1.0,1.076,51.4,3.792,54.14,1.132,1.396,7,3,0,1,1,0.0936,4.7,-0.23,4.49,1
0,1.0,1.173,65.7,3.439,49.087,3.216,1.145,9,3,0,1,2,0.0778,0.57,-0.89,-7.2,0
0,1.0,1.134,64.4,3.443,48.587,3.112,0.624,10,3,1,1,3,0.0746,0.41,-0.86,-7.51,0
1,1.0,0.762,45.4,4.858,65.477,-0.046,-0.43,12,3,2,2,3,0.1035,4.41,-0.15,0.67,1
1,1.0,1.381,30.6,1.009,29.087,-3.284,-1.11,8,4,0,1,0,0.0598,5.17,-0.08,7.02,1
1,0.864,1.181,43.3,0.605,30.234,-0.959,0.669,14,4,0,2,0,0.0582,0.24,-0.97,-9.62,0
0,0.645,0.549,47.4,-0.413,49.69,-1.023,-1.247,18,4,1,2,1,0.105,0.09,-0.95,-5.33,0
1,0.811,1.355,53.9,1.016,41.516,0.174,1.656,7,5,0,1,0,0.0826,0.77,-0.38,10.16,1
1,0.977,0.967,48.2,0.956,47.95,0.14,-1.424,10,5,0,2,0,0.0931,0.56,-0.99,-6.01,0
0,0.535,0.993,57.7,0.648,26.372,1.893,-1.49,16,5,0,3,1,0.0444,1.01,-0.21,9.45,1
0,1.0,0.589,44.5,0.848,37.365,-1.85,-0.998,18,5,0,3,2,0.0773,0.45,-0.84,-1.05,0
0,0.847,1.434,68.6,1.305,35.447,3.217,0.438,7,1,0,0,1,0.0625,-0.0,-0.93,-8.96,0
0,1.0,1.17,66.9,1.824,41.551,3.805,0.044,8,1,1,0,2,0.0719,0.33,-0.64,-7.79,0
0,0.59,0.95,47.6,2.603,46.287,1.575,-2.227,10,1,2,0,3,0.076,0.07,-0.93,-7.36,0
1,0.445,1.086,55.0,2.96,46.115,1.552,0.223,13,1,3,1,3,0.0713,4.14,-0.34,1.12,1
1,0.729,0.837,45.8,2.576,41.918,-0.912,0.95,17,1,0,2,3,0.0677,4.4,-0.09,3.34,1
1,0.714,0.636,52.0,4.413,78.223,0.487,-0.497,19,1,0,3,3,0.1221,1.52,-0.92,6.44,1
1,0.919,1.014,42.4,2.137,37.997,-1.035,-1.412,7,2,0,1,0,0.0588,0.02,-0.72,-9.53,0
1,0.996,1.284,39.6,1.766,29.784,-1.75,0.263,7,2,1,2,0,0.0486,0.56,-0.89,-11.53,0
1,1.0,1.498,37.3,0.31,18.125,-2.328,0.689,13,2,2,3,0,0.0371,3.52,-0.29,1.88,1
0,0.565,1.337,52.2,0.199,19.882,-0.355,0.216,14,2,0,3,1,0.0373,0.83,-0.97,-14.94,0
0,1.0,0.66,58.5,0.244,36.4,1.541,-0.228,16,2,1,3,2,0.0631,5.06,-0.17,2.4,1
0,1.0,1.199,53.4,-0.525,27.884,0.517,-0.631,7,3,0,0,1,0.0622,3.9,-0.55,2.34,1
1,0.67,0.935,50.2,-0.506,34.31,-0.238,1.025,10,3,0,1,1,0.0788,0.04,-0.66,-7.11,0
1,1.0,1.206,41.7,-0.365,23.259,-1.378,-1.697,10,3,1,2,1,0.0566,0.08,-0.93,-9.83,0
0,0.807,1.102,43.4,-0.46,25.906,-1.505,0.634,11,3,2,2,2,0.0654,5.65,-0.78,6.43,1
1,0.842,0.918,48.4,0.618,38.486,0.029,0.659,20,3,0,3,2,0.0799,1.83,-0.16,10.52,1
1,0.735,1.456,48.1,1.137,26.586,-0.125,0.143,8,4,0,1,0,0.0499,0.01,-0.72,-11.14,0
0,0.842,0.774,52.5,1.568,46.21,0.593,-0.689,11,4,1,1,1,0.0857,0.37,-0.8,-6.53,0
1,0.937,1.514,53.0,0.681,21.445,-0.014,0.647,14,4,2,2,1,0.0406,0.83,-0.2,5.06,1
0,0.51,0.758,46.7,1.327,50.784,-0.339,-1.615,18,4,0,2,2,0.095,0.33,-0.74,-5.9,0
0,1.0,0.818,56.4,2.08,63.751,2.394,-1.07,20,4,1,2,3,0.1072,0.07,-1.21,-5.23,0
0,0.791,1.111,55.7,1.866,51.434,1.4,-0.582,7,5,0,0,1,0.09,0.75,-0.85,-6.23,0
0,0.5,0.796,51.8,2.53,62.993,0.86,0.767,10,5,1,0,2,0.1067,-0.04,-0.95,-5.22,0
0,0.655,0.874,47.6,2.241,55.932,0.383,-1.76,10,5,2,0,3,0.0951,5.02,-0.66,4.41,1
1,0.982,1.032,44.7,1.873,48.103,-0.913,-0.007,12,5,0,1,3,0.0847,0.17,-0.99,-6.62,0
1,1.0,1.154,44.3,1.709,43.296,-1.05,-0.58,12,5,1,2,3,0.0773,0.14,-0.97,-7.25,0
1,1.0,1.158,40.9,1.537,40.138,-1.54,-0.962,13,5,2,3,3,0.0727,4.44,-0.73,0.95,1
0,0.516,0.828,55.9,-0.999,31.745,1.139,0.107,7,1,0,0,1,0.0949,0.05,-0.74,-5.9,0
0,1.0,0.88,57.5,-0.791,28.974,1.449,0.0,8,1,1,0,2,0.0849,5.93,-0.27,4.94,1
1,1.0,0.937,44.5,-0.72,27.426,-0.674,-1.232,10,1,0,1,2,0.0835,4.64,-0.14,1.92,1
1,1.0,0.879,45.6,-0.467,28.341,-0.862,0.276,12,1,0,2,2,0.0877,5.05,-0.84,4.79,1
0,1.0,0.948,56.9,0.726,37.291,1.997,0.801,7,2,0,0,1,0.098,5.83,-0.41,4.29,1
0,1.0,0.982,48.7,0.86,32.714,0.214,-0.115,9,2,0,0,2,0.0884,4.22,-0.66,2.21,1
0,0.958,1.163,51.6,0.963,35.489,0.78,-1.062,13,2,0,0,3,0.0916,0.33,-0.52,-6.08,0
1,1.0,0.714,57.3,2.665,52.346,2.707,0.028,18,2,1,1,3,0.1092,0.23,-0.84,-5.13,0
0,1.0,1.153,48.8,1.562,42.222,0.237,-0.856,7,3,0,0,1,0.0958,0.07,-0.91,-5.85,0
1,0.824,1.258,54.7,1.347,28.374,0.312,1.144,13,3,1,1,1,0.0592,0.42,-0.69,-9.46,0
0,0.784,1.352,40.1,1.188,23.67,-1.226,-1.616,13,3,2,1,2,0.0522,0.83,-0.98,-10.72,0
1,1.0,1.263,47.4,0.818,20.136,-0.434,-0.64,15,3,3,2,2,0.0439,0.52,-0.71,-12.75,0
1,0.764,1.147,49.8,2.002,40.756,0.577,-0.372,11,4,0,1,0,0.0802,0.1,-0.9,-6.98,0
1,0.521,0.949,42.8,2.496,50.573,-0.842,-0.548,12,4,1,2,0,0.103,0.48,-0.23,-5.44,0
1,1.0,1.387,34.9,1.479,27.985,-2.187,-2.627,12,4,2,3,0,0.061,0.87,-0.84,-9.19,0
0,1.0,0.671,54.8,0.423,30.143,0.595,-1.061,17,4,3,3,1,0.0671,0.28,-0.89,-8.35,0
0,0.638,0.736,51.8,-0.454,34.332,-0.217,-0.317,7,5,0,0,1,0.0996,0.91,-0.64,8.43,1
0,0.653,0.942,54.3,-0.634,30.063,1.027,-0.568,11,5,0,0,2,0.0853,5.05,-0.1,1.09,1
1,1.0,1.318,44.7,-0.446,21.228,-0.374,-1.226,13,5,0,1,2,0.0626,4.82,-0.2,1.41,1
0,1.0,1.327,52.9,-0.175,17.387,0.592,0.882,15,5,0,1,3,0.0481,4.62,-0.36,8.74,1
1,0.651,1.074,48.7,0.506,25.282,0.037,-0.207,7,1,0,1,0,0.079,3.98,-0.17,5.32,1
1,0.752,1.019,61.4,0.664,27.259,1.342,2.343,11,1,0,2,0,0.0771,4.47,-0.12,5.45,1
0,0.905,1.264,53.3,0.727,22.911,1.157,-0.274,14,1,0,2,1,0.0591,1.05,-0.09,7.1,1
0,0.708,1.019,51.4,-0.141,25.138,-0.76,0.517,7,2,0,0,1,0.09,4.95,-0.34,4.67,1
1,1.0,1.269,49.0,-0.391,18.131,-0.891,1.575,8,2,0,1,1,0.0692,4.79,-0.21,6.07,1
1,0.776,0.807,51.8,-0.42,28.492,0.376,0.865,10,2,0,2,1,0.0986,0.74,-0.83,-5.64,0
0,0.575,1.113,54.4,-0.271,15.958,0.672,-0.671,14,2,1,2,2,0.0562,4.51,-0.28,7.48,1
1,1.0,1.15,41.5,-1.336,7.783,-1.989,0.458,7,3,0,1,0,0.0751,4.6,-0.05,5.59,1
0,0.928,1.151,55.7,-1.233,8.691,0.216,0.993,8,3,0,1,1,0.0668,4.45,-0.39,1.2,1
1,1.0,0.824,48.9,-1.663,12.054,-0.238,0.085,11,3,0,2,1,0.0955,0.61,-0.98,-5.82,0
0,1.0,0.989,52.2,-1.515,13.155,0.132,0.555,13,3,1,2,2,0.1033,5.29,-0.47,0.95,1
0,0.737,0.933,41.7,-1.839,0.058,-2.442,-1.381,7,4,0,0,1,0.0741,5.22,-0.74,5.67,1
1,0.638,1.315,49.6,-1.27,-1.577,-0.976,0.578,9,4,0,1,1,0.0393,4.03,-0.2,4.45,1
0,0.722,0.777,49.2,-2.139,-1.507,-0.247,-0.88,11,4,0,1,2,0.067,5.03,-0.16,6.26,1
1,1.0,0.854,43.7,-2.255,-3.288,-1.275,0.735,12,4,0,2,2,0.068,4.86,-0.35,6.17,1
1,0.937,1.444,59.2,-1.344,-0.778,0.616,0.485,13,4,0,3,2,0.0401,0.25,-0.89,-13.97,0
0,0.514,0.53,53.9,-2.952,-6.823,-0.102,0.64,17,4,1,3,3,0.0807,-0.04,-0.97,-6.95,0
0,1.0,0.769,45.8,-3.304,-14.776,-1.358,-0.736,7,5,0,0,1,0.0908,5.4,-0.59,4.63,1
1,0.503,1.226,48.9,-2.438,-12.093,-1.059,0.8,9,5,0,1,1,0.0618,4.71,-0.08,2.38,1
1,0.867,1.214,56.7,-2.35,-10.405,0.197,-0.427,9,5,0,2,1,0.0596,0.73,-0.74,-9.4,0
1,0.817,1.202,43.6,-1.704,-11.728,-1.873,1.783,15,5,1,3,1,0.0414,4.63,-0.47,10.14,1
0,1.0,0.886,51.1,-2.128,-12.539,-0.365,-0.401,16,5,0,3,2,0.05,4.78,-0.68,8.4,1
0,0.679,1.018,44.8,-0.868,-13.438,-0.8,-0.244,7,1,0,0,1,0.0994,4.46,-0.19,0.74,1
1,1.0,1.215,43.8,-0.768,-11.643,-0.969,-1.097,8,1,0,1,1,0.0798,5.13,-0.09,5.26,1
0,0.678,0.846,61.8,-0.337,-6.445,2.727,0.932,12,1,0,1,2,0.1022,5.49,-0.47,4.11,1
0,0.585,1.014,38.7,-0.01,-7.722,-0.521,-2.971,13,1,0,1,3,0.084,0.64,-0.93,-6.66,0
1,0.926,0.852,51.2,1.059,0.979,1.116,-0.408,18,1,1,2,3,0.0747,0.38,-0.88,-7.5,0
1,0.818,1.128,44.5,1.201,-0.721,-0.531,0.991,20,1,2,3,3,0.0658,2.28,-0.76,6.38,1
0,0.913,0.958,53.4,1.57,8.803,2.651,-1.657,10,2,0,0,1,0.0589,0.35,-0.97,-9.44,0
0,0.909,1.113,58.7,2.787,13.389,2.355,-0.273,13,2,1,0,2,0.065,5.55,-0.56,6.46,1
0,0.731,0.601,50.2,2.636,11.679,-0.103,-0.936,17,2,0,0,3,0.0826,4.52,-0.78,1.5,1
1,1.0,0.664,49.0,2.041,11.512,-0.45,0.924,19,2,0,1,3,0.0865,4.67,-0.08,0.87,1
1,0.654,0.803,52.7,1.9,11.357,0.188,1.422,19,2,0,2,3,0.0806,4.11,-0.24,5.21,1
1,1.0,1.047,43.4,1.404,9.458,-0.754,-0.281,11,3,0,1,0,0.0684,4.18,-0.7,1.4,1
0,0.682,1.062,48.6,1.363,10.454,-0.17,-0.643,12,3,0,1,1,0.0725,4.85,-0.45,5.79,1
1,1.0,1.418,61.3,0.416,4.885,0.832,2.182,14,3,0,2,1,0.0345,4.48,-0.89,12.11,1
0,0.601,0.836,54.4,0.579,8.684,1.433,-0.659,17,3,0,2,2,0.0457,4.3,-0.27,9.2,1
0,1.0,1.047,47.4,1.335,15.028,-0.204,-1.237,7,4,0,0,1,0.0991,4.81,-0.06,4.24,1
1,0.777,1.05,39.2,-0.06,1.335,-3.02,1.067,10,4,0,1,1,0.056,5.73,-0.03,7.5,1
1,1.0,1.028,55.0,-0.059,3.132,-0.752,2.914,10,4,0,2,1,0.0549,4.34,-0.89,1.28,1
1,1.0,1.319,50.9,-0.426,2.531,0.008,-0.723,13,4,0,3,1,0.0394,4.5,-0.36,10.66,1
0,0.847,1.149,49.8,-0.197,4.065,0.528,-1.027,15,4,0,3,2,0.0397,0.28,-0.98,-14.09,0
0,1.0,0.789,55.7,-0.057,7.173,1.531,1.028,16,4,1,3,3,0.0549,0.06,-0.92,-10.2,0
0,1.0,1.14,52.8,-0.137,9.004,1.004,-1.258,7,5,0,0,1,0.0909,0.04,-0.9,-6.16,0
0,0.866,0.979,44.2,0.823,13.327,0.43,-1.289,10,5,1,0,2,0.098,0.1,-0.74,-5.72,0
1,0.864,1.128,54.5,0.845,12.174,1.079,0.235,11,5,2,1,2,0.0837,0.51,-0.86,-6.68,0
1,0.608,1.035,47.7,1.021,12.836,0.199,-0.077,12,5,3,2,2,0.0929,4.47,-0.33,1.31,1
1,0.848,1.258,42.7,0.309,3.965,-0.786,-1.905,15,5,0,3,2,0.033,0.41,-0.95,-16.99,0
0,0.967,1.002,54.0,-0.068,8.87,0.717,0.171,7,1,0,0,1,0.1023,5.19,-0.27,4.11,1
0,0.663,1.01,46.9,-0.439,1.723,-0.422,-0.932,13,1,0,0,2,0.0531,3.96,-0.03,1.32,1
1,0.472,0.998,44.6,-0.434,1.032,-0.851,-0.024,13,1,0,1,2,0.0522,4.44,-0.2,2.24,1
0,0.876,1.197,51.0,-0.274,1.603,0.072,-0.495,14,1,0,1,3,0.0419,4.8,-0.91,9.97,1
1,0.595,1.106,40.8,-0.615,-3.085,-2.256,0.778,18,1,0,2,3,0.0476,0.46,-0.86,-11.7,0
0,0.577,1.385,50.6,-0.406,0.838,0.663,-1.645,7,2,0,0,1,0.074,0.27,-0.95,-7.57,0
0,0.54,0.866,56.3,0.615,8.866,2.556,0.09,11,2,1,0,2,0.1029,0.44,-0.91,-5.45,0
0,1.0,0.879,55.8,0.642,10.027,2.265,-0.154,11,2,2,0,3,0.1074,4.08,-0.38,0.65,1
1,0.41,1.053,55.7,0.721,6.813,1.155,-0.454,15,2,0,1,3,0.0563,0.39,-0.76,-2.19,0
1,0.578,0.898,46.0,0.648,8.233,-0.61,0.761,10,3,0,1,0,0.0899,0.55,-0.93,9.34,1
0,0.584,0.764,55.1,1.639,18.31,2.907,-1.817,18,3,0,1,1,0.0863,3.87,-0.47,4.87,1
1,0.549,0.747,45.2,2.732,21.786,0.16,-0.085,20,3,0,2,1,0.1116,4.68,-0.94,3.76,1
1,0.653,1.09,42.8,2.148,18.171,-1.571,0.862,8,4,0,1,0,0.0966,3.86,-0.15,4.34,1
0,0.672,0.97,52.6,1.897,22.384,1.207,-1.591,10,4,0,1,1,0.0933,0.83,-0.9,-6.0,0
0,0.801,0.88,55.2,2.251,25.428,1.262,0.073,12,4,1,1,2,0.1022,0.0,-0.78,-5.48,0
1,1.0,1.16,41.7,1.71,18.044,-0.593,-2.411,12,4,2,2,2,0.0777,4.99,-0.08,1.45,1
0,0.737,0.653,54.5,3.675,32.627,2.71,-1.192,18,4,0,2,3,0.0734,0.06,-0.95,-7.63,0
0,1.0,1.15,49.1,3.373,32.166,-0.45,0.531,7,5,0,0,1,0.077,0.14,-0.82,-7.27,0
0,0.861,1.462,34.0,2.129,21.896,-1.455,-4.492,10,5,1,0,2,0.0498,0.02,-0.89,-11.25,0
0,1.0,0.961,49.4,2.847,32.167,0.478,-0.07,12,5,2,0,3,0.0662,0.99,-0.86,12.68,1
1,0.887,1.125,43.6,1.994,21.308,-0.756,-1.263,13,5,0,1,3,0.0464,0.05,-0.94,-12.08,0
1,1.0,0.826,43.9,3.241,57.24,-1.752,0.307,20,5,1,2,3,0.1383,1.09,-0.33,3.01,1
1,1.0,1.007,44.1,1.923,45.2,-0.734,-1.089,8,1,0,1,0,0.1298,0.18,-0.95,-4.32,0
0,0.655,1.026,51.7,2.032,42.685,1.73,-1.692,11,1,1,1,1,0.1032,5.93,-0.59,4.07,1
1,0.445,1.16,52.5,1.057,20.377,-0.041,1.349,14,1,0,2,1,0.0539,4.35,-0.19,8.89,1
0,0.894,0.667,55.4,2.609,58.21,1.625,-0.429,18,1,0,2,2,0.1383,0.52,-0.88,-4.05,0
0,1.0,1.075,54.3,2.349,37.638,1.376,0.433,7,2,0,0,1,0.0785,0.27,-0.99,-7.14,0
0,0.706,0.944,52.0,2.924,44.68,1.136,0.099,11,2,1,0,2,0.0849,0.16,-0.68,-6.59,0
0,0.519,1.26,41.3,1.988,27.851,-0.19,-2.176,13,2,2,0,3,0.0513,0.27,-0.95,-10.92,0
1,0.709,1.495,48.5,1.444,20.579,0.181,-0.061,14,2,3,1,3,0.0371,0.94,-0.62,1.54,1
0,0.732,1.523,50.8,1.716,31.155,0.563,-0.639,7,3,0,0,1,0.0558,4.12,-0.39,8.6,1
1,0.614,1.018,38.0,1.715,32.046,-2.302,1.119,9,3,0,1,1,0.0654,4.58,-0.15,6.43,1
0,0.758,0.87,50.9,1.789,51.574,0.722,-1.258,12,3,0,1,2,0.0951,0.27,-0.97,-5.89,0
1,0.543,1.373,41.1,1.036,26.289,-1.304,0.503,14,3,1,2,2,0.0527,3.53,-0.57,7.98,1
0,0.632,0.789,55.7,1.44,45.583,0.884,0.156,16,3,0,2,3,0.0861,3.82,-0.26,0.82,1
1,0.779,1.065,49.0,1.916,46.68,-0.256,0.543,7,4,0,1,0,0.0846,-0.05,-0.6,-6.62,0
1,0.619,0.953,41.2,1.817,44.537,-2.0,-0.104,8,4,1,2,0,0.0868,-0.05,-0.9,-6.45,0
0,0.633,1.002,46.3,1.517,43.304,-1.001,-1.236,9,4,2,2,1,0.0837,4.81,-0.22,5.01,1
0,0.774,0.915,49.8,0.453,34.15,-0.335,-1.118,13,4,0,2,2,0.0709,5.28,-0.36,5.93,1
0,0.407,1.197,50.3,-0.545,30.159,-0.239,-0.217,7,5,0,0,1,0.0761,0.83,-1.0,-3.52,0
1,1.0,0.844,50.9,-0.559,40.558,0.118,1.192,11,5,1,1,1,0.1012,4.8,-0.57,4.15,1
0,1.0,1.064,56.4,-0.321,31.817,1.131,1.313,12,5,0,1,2,0.0763,0.05,-0.82,-7.34,0
0,0.431,1.223,53.0,-0.289,28.68,0.687,-1.128,12,5,1,1,3,0.0687,4.58,-0.83,6.99,1
0,0.952,1.071,48.4,-0.388,26.161,0.624,-2.126,9,1,0,0,1,0.0854,4.21,-0.11,0.9,1
0,0.59,1.151,53.0,-0.247,23.454,0.99,-1.012,10,1,0,0,2,0.0736,3.49,-0.42,2.0,1
1,0.531,0.785,50.8,-0.198,34.338,0.31,0.708,12,1,0,1,2,0.111,0.65,-0.84,-5.05,0
1,0.807,1.077,47.9,-0.097,23.572,-0.208,0.736,13,1,1,2,2,0.0777,0.06,-0.93,-7.2,0
1,1.0,1.27,46.0,-0.163,17.335,-0.623,0.495,14,1,2,3,2,0.0598,0.02,-0.92,-9.36,0
0,1.0,0.895,43.7,-0.569,15.103,-1.901,-0.53,16,1,3,3,3,0.0657,4.11,-0.14,1.53,1
1,0.982,1.257,45.7,-0.502,19.432,-0.702,0.488,8,2,0,1,0,0.0907,5.66,-0.28,4.63,1
0,0.966,1.421,55.5,0.231,14.544,1.209,-0.194,14,2,0,1,1,0.049,4.73,-0.49,8.57,1
0,0.83,0.926,70.0,0.084,32.017,3.283,0.464,7,3,0,0,1,0.1225,0.34,-0.97,-4.58,0
0,0.846,1.089,62.8,0.226,28.656,2.882,-0.42,8,3,1,0,2,0.1035,4.66,-0.08,4.06,1
0,1.0,1.119,40.4,0.078,13.521,-1.635,0.29,15,3,0,0,3,0.0639,4.29,-0.04,1.09,1
0,0.725,0.963,53.7,1.064,23.701,0.979,-1.431,8,4,0,0,1,0.0828,0.23,-1.0,-6.77,0
1,1.0,0.97,63.6,1.81,29.619,3.269,0.411,12,4,1,1,1,0.0754,0.2,-0.96,-7.42,0
1,0.685,1.343,50.8,1.022,13.274,0.006,1.845,14,4,2,2,1,0.0385,4.45,-0.39,10.91,1
1,0.777,0.692,46.9,1.812,26.088,-0.058,-0.296,17,4,0,3,1,0.0691,4.14,-0.76,6.07,1
0,0.582,1.061,60.0,3.532,42.385,2.508,-0.689,7,5,0,0,1,0.0808,5.93,-0.1,1.92,1
0,0.637,0.858,45.1,3.269,36.606,-1.102,-0.644,9,5,0,0,2,0.0792,5.13,-0.51,1.97,1
0,0.636,1.579,45.6,1.105,16.138,-0.241,-1.808,14,5,0,0,3,0.0334,0.91,-0.99,-19.15,0
0,0.989,0.896,51.9,3.334,37.018,1.625,-0.344,8,1,0,0,1,0.0579,4.11,-0.68,7.25,1
1,1.0,1.276,42.7,2.219,26.802,-0.57,-1.847,13,1,0,1,1,0.0434,0.64,-0.97,-12.89,0
1,0.922,1.473,45.6,1.511,19.142,-0.734,0.21,14,1,1,2,1,0.032,4.35,-0.32,13.05,1
0,0.866,0.973,50.2,2.089,27.86,0.208,-0.935,15,1,0,2,2,0.0443,4.79,-0.1,3.07,1
1,0.732,0.608,51.0,3.655,54.068,0.132,0.377,17,1,0,3,2,0.0871,4.55,-0.35,4.82,1
0,0.919,0.86,54.0,4.056,69.401,1.263,-0.334,20,1,0,3,3,0.1071,-0.06,-0.87,-5.23,0
1,1.0,1.051,52.1,2.098,32.909,-0.361,2.387,8,2,0,1,0,0.0507,0.91,-0.83,-4.77,0
1,0.984,1.092,49.3,1.812,38.232,-0.237,-0.539,11,2,1,2,0,0.0595,0.09,-0.91,-9.41,0
0,0.799,1.038,51.6,1.796,40.588,0.183,0.427,13,2,2,2,1,0.0626,4.75,-0.19,1.12,1
1,0.573,1.314,49.1,1.117,24.817,-0.312,0.678,14,2,0,3,1,0.0393,0.41,-0.9,-14.17,0
0,1.0,0.566,53.0,0.733,45.953,-0.943,0.845,18,2,1,3,2,0.0844,0.08,-0.88,-6.63,0
0,1.0,0.611,54.4,0.316,48.938,-0.203,1.184,19,2,2,3,3,0.0892,-0.02,-0.85,-6.28,0
1,0.871,1.053,39.1,0.477,30.719,-2.061,-1.707,7,3,0,1,0,0.0636,4.49,-0.08,6.61,1
0,0.888,0.968,58.8,0.466,35.034,1.782,-1.506,9,3,0,1,1,0.0615,4.29,-0.61,6.83,1
0,1.0,1.349,43.2,0.429,23.184,-0.95,0.083,11,3,0,1,2,0.0447,0.42,-0.77,-12.53,0
0,0.416,0.96,48.1,0.251,27.546,-0.119,-0.236,15,3,1,1,3,0.0508,0.16,-0.96,-12.6,0
1,1.0,0.898,40.8,0.575,31.849,-1.083,-1.441,17,3,2,2,3,0.0589,0.46,-0.96,-9.51,0
1,0.641,0.875,45.6,0.687,38.07,-1.024,-0.62,18,3,3,3,3,0.0712,4.42,-0.49,1.44,1
1,1.0,1.044,51.4,0.634,20.292,-0.915,0.814,7,4,0,1,0,0.0412,0.55,-0.7,-13.6,0
1,1.0,1.308,34.4,-0.572,2.762,-3.248,-1.379,13,4,1,2,0,0.02,5.69,-0.37,20.9,1
1,0.947,1.314,56.2,-0.529,4.8,-0.373,2.236,13,4,0,3,0,0.0186,1.36,-0.18,22.6,1
0,0.674,0.766,48.1,-0.529,22.325,-0.003,-1.951,19,4,0,3,1,0.0596,4.62,-0.06,1.42,1
0,1.0,1.559,54.0,-0.434,7.428,1.148,-2.389,11,5,0,0,1,0.0194,1.17,-0.04,4.09,1
0,0.438,0.68,39.3,-2.296,-4.045,-3.377,-1.359,17,5,0,0,2,0.0298,0.76,-0.83,-21.5,0
0,0.67,0.857,59.8,-3.958,-2.872,0.929,0.0,20,5,1,0,3,0.0451,1.25,-0.65,15.55,1
1,1.0,1.059,51.4,-1.521,-1.961,0.268,0.896,7,1,0,1,0,0.0275,0.07,-0.82,-20.35,0
1,1.0,1.217,49.5,-1.282,-2.22,-0.161,-0.628,7,1,1,2,0,0.023,0.82,-0.81,7.82,1
1,0.522,1.149,45.5,-1.066,-2.355,-0.532,-0.927,13,1,0,3,0,0.0258,0.36,-0.84,-21.71,0
0,0.843,1.032,54.8,-1.49,-7.39,1.586,-1.611,7,2,0,0,1,0.0472,5.19,-0.86,1.94,1
1,0.513,1.076,52.3,-1.274,-7.059,0.717,0.644,8,2,0,1,1,0.043,0.23,-0.94,-12.95,0
1,1.0,1.027,48.9,-1.078,-7.925,-0.157,0.19,9,2,1,2,1,0.0428,4.35,-0.14,9.82,1
0,1.0,0.842,54.9,-1.26,-8.663,1.193,-0.235,11,2,0,2,2,0.059,0.33,-0.79,-9.48,0
0,1.0,1.118,56.5,-0.846,-5.417,1.325,-0.136,12,2,1,2,3,0.0431,5.28,-0.05,9.67,1
1,0.542,1.332,49.1,-0.548,-4.238,0.102,-1.42,13,2,0,3,3,0.0288,0.77,-0.98,-19.42,0
0,1.0,1.121,60.8,0.451,1.67,2.59,-0.348,8,3,0,0,1,0.0295,0.3,-0.74,-18.97,0
0,1.0,1.448,61.2,0.965,4.117,1.937,-0.037,12,3,1,0,2,0.0229,4.7,-0.39,18.37,1
0,1.0,0.982,63.3,1.274,7.072,2.691,0.88,14,3,0,0,3,0.0263,4.19,-0.32,5.23,1
1,0.614,1.283,48.0,1.123,3.496,-0.421,0.38,18,3,0,1,3,0.017,1.44,-0.19,24.5,1
1,1.0,1.06,41.2,3.68,17.747,-1.181,-2.403,7,4,0,1,0,0.0408,0.37,-0.94,-13.71,0
1,0.516,0.969,46.4,3.093,16.88,-0.999,1.117,9,4,1,2,0,0.0409,4.96,-0.65,10.27,1
0,0.616,0.941,53.7,3.011,19.334,0.489,-0.761,10,4,0,2,1,0.0424,0.48,-0.93,-13.13,0
0,1.0,1.092,58.5,2.447,18.83,1.291,-0.809,12,4,1,2,2,0.0376,4.57,-0.05,1.87,1
0,0.707,1.277,41.5,1.76,12.067,-0.804,-0.707,14,4,0,2,3,0.0265,-0.0,-0.69,-21.15,0
1,0.611,0.808,52.6,2.797,23.057,1.641,-0.367,17,4,1,3,3,0.033,4.13,-0.26,12.75,1
0,0.547,1.346,41.7,2.821,21.319,-1.211,-0.558,7,5,0,0,1,0.0258,0.29,-0.97,-21.73,0
1,0.534,1.307,58.9,2.746,22.797,0.926,1.658,7,5,1,1,1,0.0251,5.33,-0.81,7.27,1
0,0.76,0.895,56.5,3.303,29.642,1.314,0.238,8,5,0,1,2,0.0318,0.28,-0.9,-17.62,0
1,1.0,0.822,53.1,3.237,30.426,0.796,-0.257,9,5,1,2,2,0.0325,4.81,-0.03,12.91,1
1,0.481,0.976,46.1,3.094,28.976,-0.073,-1.332,11,5,0,3,2,0.0308,4.17,-0.61,15.59,1
0,0.449,1.359,48.8,1.997,19.97,0.21,0.422,14,5,0,3,3,0.02,0.27,-0.92,-16.0,0
0,1.0,0.956,54.4,3.469,49.106,0.63,0.945,7,1,0,0,1,0.0582,5.32,-0.29,2.33,1
1,0.698,1.143,49.2,1.596,28.116,-0.822,2.382,11,1,0,1,1,0.037,4.04,-0.27,5.07,1
1,0.552,1.487,41.4,0.805,16.848,-1.571,-0.625,13,1,0,2,1,0.0245,0.94,-0.91,-0.16,0
0,1.0,0.715,60.8,0.798,47.569,1.504,0.997,17,1,1,2,2,0.065,4.43,-0.49,6.46,1
1,0.881,0.967,49.0,0.8,40.534,-0.249,0.779,19,1,0,3,2,0.0575,1.15,-0.18,3.75,1
1,0.676,0.862,49.6,1.722,53.836,0.004,0.935,10,2,0,1,0,0.0732,0.26,-0.92,-7.65,0
1,0.512,1.003,48.1,1.354,45.628,-0.407,-0.43,11,2,1,2,0,0.063,0.02,-0.98,-8.89,0
1,0.961,0.986,43.4,1.281,46.334,-1.21,-0.115,12,2,2,3,0,0.0659,4.58,-0.2,2.47,1
0,1.0,1.193,55.5,0.535,28.822,0.475,0.784,14,2,0,3,1,0.04,0.86,-0.61,-7.11,0
0,0.588,1.051,49.6,1.503,62.302,0.604,-1.505,20,2,1,3,2,0.0831,0.51,-0.9,-6.74,0
0,1.0,1.488,55.0,1.863,25.647,1.253,-0.105,9,3,0,0,1,0.0233,1.0,-0.71,-1.91,0
0,1.0,0.713,55.3,4.644,68.79,2.138,-0.668,18,3,1,0,2,0.056,0.31,-1.0,-10.01,0
1,0.651,0.844,58.0,5.335,79.898,2.78,-0.182,19,3,2,1,2,0.0618,0.19,-0.78,-9.06,0
1,1.0,0.828,52.8,5.792,82.804,1.911,0.407,20,3,3,2,2,0.0645,5.47,-0.31,6.51,1
1,0.617,1.316,40.5,2.268,37.879,-1.938,0.051,7,4,0,1,0,0.0355,0.35,-1.0,-15.78,0
0,0.685,0.81,56.9,2.559,64.85,0.552,0.463,10,4,1,1,1,0.0593,0.16,-0.9,-9.45,0
1,1.0,1.058,53.7,1.991,55.882,0.415,0.371,12,4,2,2,1,0.051,0.95,-0.04,16.49,1
1,1.0,1.43,50.6,1.296,36.48,0.188,-0.506,12,4,0,3,1,0.0329,0.45,-0.97,-16.89,0
0,0.733,0.984,50.2,4.354,66.909,0.808,1.08,8,1,0,0,1,0.0543,0.23,-0.97,-10.31,0
0,1.0,0.833,55.1,5.774,90.019,1.644,-0.742,10,1,1,0,2,0.0713,0.19,-0.84,-7.85,0
1,1.0,0.997,41.9,4.902,76.078,-0.398,-1.698,11,1,2,1,2,0.0612,5.27,-0.58,6.86,1
0,0.955,1.45,49.5,2.486,39.606,0.835,-2.553,13,1,0,1,3,0.0295,0.22,-0.74,-18.95,0
1,0.786,1.114,51.6,2.35,36.641,0.846,0.665,15,1,1,2,3,0.0262,0.8,-0.88,-21.34,0
1,0.647,0.66,45.6,4.363,65.005,-0.487,-0.695,17,1,2,3,3,0.0476,4.87,-0.26,8.82,1
1,0.958,1.354,45.0,2.629,32.877,-0.445,-0.133,7,2,0,1,0,0.021,0.49,-0.94,-26.72,0
1,1.0,0.929,45.0,2.863,45.369,-1.237,-0.498,10,2,1,2,0,0.0309,1.03,-0.89,-9.06,0
1,0.526,1.351,51.9,0.775,21.344,-0.349,1.135,14,2,1,3,0,0.0155,0.06,-0.91,-20.5,0
1,0.532,1.195,38.5,-1.601,11.966,-2.749,0.783,7,3,0,1,0,0.0216,4.17,-0.08,3.25,1
0,0.628,1.25,45.6,-1.319,6.978,-1.433,0.71,15,3,0,1,1,0.0162,0.94,-0.84,-17.33,0
0,0.96,0.583,44.3,-4.758,19.799,-1.833,0.228,18,3,1,1,2,0.0487,-0.03,-0.95,-11.51,0
1,0.817,0.858,47.9,-4.061,20.931,-0.234,-1.562,20,3,2,2,2,0.0464,0.99,-0.38,18.09,1
0,0.9,1.222,51.3,-0.509,16.855,0.057,0.711,7,4,0,0,1,0.0272,0.54,-1.0,-20.55,0
0,1.0,0.762,52.0,-0.546,25.073,0.268,-0.804,16,4,1,0,2,0.0406,0.89,-0.9,-13.81,0
0,0.663,0.652,55.5,-0.893,43.786,1.702,-0.925,18,4,2,0,3,0.0661,0.7,-0.94,-8.47,0
0,0.517,0.813,45.9,-0.905,14.53,-1.988,-1.844,7,5,0,0,1,0.0351,4.75,-0.46,11.97,1
1,0.641,0.815,46.3,-1.291,14.61,-1.812,1.339,8,5,0,1,1,0.037,0.93,-0.97,-15.14,0
0,1.0,1.241,47.5,-1.402,11.627,-0.745,0.413,12,5,1,1,2,0.0324,0.73,-0.37,25.97,1
0,1.0,1.166,46.8,-1.231,7.119,-0.99,-0.156,14,5,0,1,3,0.0251,3.63,-0.08,4.25,1
1,0.774,0.721,46.3,-2.011,10.176,-1.606,1.084,15,5,0,2,3,0.0398,4.71,-0.32,3.7,1
0,0.444,1.093,52.1,-1.148,12.294,0.921,-1.734,13,1,0,0,1,0.0445,1.08,-0.94,-7.18,0
0,1.0,1.272,66.3,-0.225,13.054,3.465,0.74,15,1,1,0,2,0.028,0.93,-0.95,-20.03,0
0,1.0,0.737,57.4,0.526,23.213,3.225,-0.387,17,1,2,0,3,0.0465,0.14,-1.0,-12.04,0
1,0.612,0.956,50.7,-0.123,17.829,-0.313,1.042,10,2,0,1,0,0.0525,0.02,-0.79,-10.67,0
1,1.0,1.002,46.0,-0.114,15.472,-1.065,-1.156,10,2,1,2,0,0.0486,0.84,-0.91,-11.52,0
0,1.0,1.312,55.9,-0.212,11.386,0.33,0.917,13,2,2,2,1,0.0341,5.31,-0.95,12.3,1
0,0.503,1.005,52.6,-0.191,11.487,0.298,-0.421,15,2,0,2,2,0.0344,1.03,-1.0,-8.13,0
1,0.61,0.858,47.2,-0.005,19.142,0.055,0.555,18,2,1,3,2,0.0532,4.46,-0.31,1.89,1
0,1.0,0.831,54.3,0.189,23.188,1.017,1.148,19,2,0,3,3,0.0611,3.94,-0.65,1.47,1
1,0.535,1.136,34.0,-0.582,5.248,-3.539,0.179,9,3,0,1,0,0.0414,0.54,-0.72,-13.54,0
1,0.577,0.957,41.2,-0.973,4.644,-2.953,0.688,10,3,1,2,0,0.0456,-0.01,-0.89,-12.3,0
1,1.0,0.911,43.4,-1.35,3.985,-2.603,-0.064,11,3,2,3,0,0.0457,0.88,-0.7,-12.27,0
0,0.922,1.324,61.8,-0.861,6.448,2.283,0.799,13,3,3,3,1,0.0229,4.65,-0.31,6.91,1
0,0.757,0.956,40.3,-2.894,-6.998,-1.524,-1.771,7,4,0,0,1,0.0391,4.44,-0.93,6.31,1
1,0.787,1.491,58.4,-2.214,-6.55,0.4,3.316,12,4,0,1,1,0.0298,4.07,-0.31,2.35,1
0,1.0,0.672,49.7,-2.921,-12.274,-0.384,-0.666,17,4,0,1,2,0.0473,3.97,-0.1,1.48,1
0,0.52,0.976,59.4,-3.134,-9.905,2.384,-0.164,20,4,0,1,3,0.0565,0.09,-0.98,-9.91,0
0,1.0,1.23,49.0,-0.219,-1.564,0.32,0.953,7,5,0,0,1,0.0438,0.21,-0.97,-12.8,0
0,0.76,1.158,54.6,-0.226,-0.425,1.128,0.544,7,5,1,0,2,0.0451,0.41,-0.92,-12.42,0
1,1.0,0.932,45.6,0.114,-0.146,-0.043,-1.107,10,5,2,1,2,0.0556,4.62,-0.31,7.55,1
0,0.673,0.973,49.9,0.346,1.038,0.563,-1.483,12,5,0,1,3,0.0571,0.97,-0.49,14.72,1
1,0.69,0.832,39.9,-0.478,-5.51,-2.535,-0.887,17,5,0,2,3,0.0323,4.41,-0.02,3.53,1
1,0.571,0.748,43.6,-0.883,-8.515,-2.247,-0.481,18,5,0,3,3,0.0468,4.53,-0.3,8.98,1
0,1.0,1.021,52.8,0.555,1.179,0.603,-0.008,7,1,0,0,1,0.0509,0.38,-0.95,-11.01,0
0,0.634,0.963,53.9,0.521,2.195,0.937,-0.24,8,1,1,0,2,0.057,0.09,-1.0,-9.82,0
0,1.0,1.193,74.3,0.975,11.275,5.665,0.791,10,1,2,0,3,0.0351,0.27,-0.96,-15.97,0
1,0.676,1.009,54.4,2.743,15.24,1.958,0.153,13,1,3,1,3,0.0441,0.26,-0.63,-12.69,0
1,1.0,1.17,46.4,2.29,11.082,0.107,-0.457,15,1,4,2,3,0.0347,0.6,-0.97,9.17,1
1,0.586,0.803,42.8,4.989,36.247,-0.183,-1.658,11,2,0,1,1,0.0566,0.68,-0.98,0.64,1
0,0.817,1.298,57.9,2.983,24.228,1.711,-0.601,13,2,0,1,2,0.0333,4.92,-0.72,12.55,1
0,1.0,0.794,53.1,3.929,33.347,1.252,-0.767,15,2,0,1,3,0.0455,0.09,-0.88,-12.32,0
0,0.517,0.973,45.4,1.686,25.453,-0.221,-1.66,7,3,0,0,1,0.0409,4.87,-0.63,3.35,1
0,1.0,0.976,53.6,1.27,25.507,0.705,-0.112,12,3,0,0,2,0.0402,1.13,-0.99,-6.96,0
0,0.615,1.093,46.7,1.195,20.758,-0.344,-0.194,15,3,1,0,3,0.0337,0.79,-0.99,-16.52,0
1,0.509,1.47,46.3,0.799,17.104,-0.294,-1.81,18,3,2,1,3,0.0279,0.48,-0.91,-19.95,0
1,1.0,1.335,44.0,0.64,14.247,-0.991,0.348,19,3,3,2,3,0.0257,0.0,-0.99,-21.81,0
1,1.0,0.563,46.4,-1.233,14.442,-2.591,0.321,9,4,0,1,0,0.0469,0.54,-0.96,-11.93,0
0,1.0,1.336,50.1,-0.72,11.66,0.646,-1.918,14,4,1,1,1,0.0297,1.01,-0.75,14.15,1
0,0.774,1.071,27.7,-0.682,3.361,-3.87,-0.323,17,4,0,1,2,0.0251,4.43,-0.09,4.26,1
1,0.514,0.515,38.3,-2.942,5.943,-4.595,-1.235,19,4,0,2,2,0.0613,-0.02,-0.97,-9.14,0
0,0.948,1.0,51.6,-1.333,7.761,1.037,-1.16,7,5,0,0,1,0.0408,0.09,-1.0,-13.74,0
1,0.979,0.82,52.3,-1.341,10.018,0.987,0.877,8,5,1,1,1,0.05,4.12,-0.52,2.46,1
0,0.699,1.188,49.2,-0.777,8.777,0.254,-0.531,11,5,0,1,2,0.0418,0.18,-0.78,-13.39,0
1,1.0,0.712,46.5,-0.038,18.012,0.009,-0.849,18,5,1,2,2,0.064,0.24,-0.89,-8.69,0
0,1.0,0.86,39.8,-0.057,18.134,-2.352,-0.179,20,5,2,2,3,0.0812,1.04,-0.2,5.18,1
0,0.792,0.905,38.7,-2.365,-11.008,-3.548,-0.92,9,1,0,0,1,0.0303,4.04,-0.35,13.88,1
1,0.787,0.752,37.8,-3.064,-14.695,-3.55,-0.513,10,1,0,1,1,0.0338,4.73,-0.99,12.43,1
0,0.924,1.031,52.2,-3.625,-12.756,-0.677,0.595,12,1,0,1,2,0.0322,0.23,-0.6,-17.4,0
0,1.0,1.067,53.4,-3.583,-12.06,-0.132,0.832,12,1,1,1,3,0.0318,0.11,-0.97,-17.6,0
1,0.623,0.671,40.7,-3.852,-19.307,-1.831,0.403,17,1,2,2,3,0.051,4.31,-0.98,8.24,1
0,0.801,1.215,55.4,-1.201,-6.716,1.839,-0.963,7,2,0,0,1,0.0409,4.16,-0.48,3.96,1
1,0.959,0.778,51.1,-0.955,-10.994,0.787,0.355,9,2,0,1,1,0.0621,-0.04,-0.91,-9.02,0
0,0.673,0.849,46.6,-0.974,-12.902,-0.225,0.355,10,2,1,1,2,0.0669,0.62,-0.82,-8.37,0
1,0.635,1.272,48.5,-0.836,-8.468,-0.908,1.479,14,2,2,2,2,0.0309,4.3,-0.34,13.57,1
1,0.933,0.72,48.3,-1.566,-15.119,-0.24,0.997,18,2,0,3,2,0.0665,4.18,-0.36,6.32,1
0,0.963,0.91,54.6,-1.285,-17.183,1.002,-0.117,20,2,0,3,3,0.0844,0.55,-0.9,-6.6,0
0,0.947,1.006,45.6,-1.744,-16.661,-0.919,-0.359,7,3,0,0,1,0.0532,0.83,-0.94,-10.52,0
1,0.429,1.016,45.0,-1.259,-13.444,-0.455,-0.244,9,3,1,1,1,0.045,4.16,-0.34,3.68,1
1,0.997,0.795,38.6,-4.55,-39.609,-2.974,-0.074,19,3,0,2,1,0.0634,5.05,-0.27,6.63,1
1,0.744,1.341,61.4,-2.441,-19.494,0.557,0.039,7,4,0,1,0,0.0277,0.07,-0.99,-20.23,0
0,0.994,1.376,64.5,-1.009,-13.876,2.441,0.339,13,4,1,1,1,0.0295,0.42,-0.86,-18.85,0
0,0.717,0.72,56.2,0.396,-17.277,3.481,-2.218,17,4,2,1,2,0.0572,0.99,-0.97,-9.78,0
0,0.497,1.164,38.1,0.247,-12.678,-1.507,-1.354,7,5,0,0,1,0.038,4.31,-0.67,12.55,1
1,0.769,1.018,43.6,0.17,-14.671,-1.787,-0.309,8,5,0,1,1,0.0397,1.01,-0.81,-7.06,0
0,1.0,0.66,59.7,-1.676,-21.458,1.063,0.884,16,5,1,1,2,0.0438,0.6,-0.88,-12.79,0
0,0.725,0.617,56.1,-1.766,-27.959,1.169,-0.475,17,5,2,1,3,0.0582,0.54,-0.95,-9.62,0
1,1.0,0.877,54.4,-1.494,-29.628,1.11,1.122,19,5,3,2,3,0.0634,4.72,-0.08,6.62,1
0,1.0,0.998,58.2,0.802,-8.458,1.387,-0.375,8,1,0,0,1,0.0477,-0.03,-0.97,-11.73,0
0,1.0,1.068,62.4,0.744,-6.707,1.861,-0.133,8,1,1,0,2,0.0443,-0.0,-0.92,-12.64,0
0,1.0,0.974,63.3,1.125,-5.568,2.631,0.356,9,1,2,0,3,0.0469,4.35,-0.16,1.49,1
1,0.852,1.193,48.6,1.304,-5.177,-0.12,-0.074,13,1,0,1,3,0.0383,0.49,-0.8,-14.63,0
1,0.612,0.594,48.4,1.38,-12.936,-0.634,0.362,17,1,1,2,3,0.0735,0.63,-0.76,-7.62,0
1,0.576,0.984,49.0,-0.542,-14.644,-0.522,1.242,7,2,0,1,0,0.0566,4.98,-0.2,7.41,1
1,0.818,0.751,58.2,0.406,-9.63,2.89,0.137,10,2,0,2,0,0.072,4.1,-0.4,1.01,1
1,0.608,1.075,66.0,1.205,3.817,3.859,-0.685,15,2,0,3,0,0.032,0.98,-0.46,15.71,1
0,0.633,0.891,50.2,5.462,15.015,2.145,-2.204,20,2,0,3,1,0.0818,0.33,-0.75,-6.84,0
0,0.807,1.141,56.4,3.069,13.453,1.833,-0.601,7,3,0,0,1,0.0434,4.83,-0.09,9.68,1
1,0.91,0.908,48.4,3.585,14.069,0.073,1.42,8,3,0,1,1,0.0513,4.05,-0.51,8.2,1
0,1.0,0.909,43.2,4.035,16.162,-0.687,-2.705,10,3,0,1,2,0.0597,0.07,-0.95,-9.39,0
1,1.0,1.056,51.5,3.363,15.328,0.426,-0.887,11,3,1,2,2,0.0527,0.07,-0.98,-10.63,0
1,0.916,1.478,37.9,1.913,7.087,-1.582,-0.569,12,3,2,3,2,0.0324,4.4,-0.04,2.17,1
0,1.0,0.574,56.4,2.902,18.242,1.274,-0.061,16,3,0,3,3,0.0637,0.96,-0.08,13.2,1
1,1.0,1.23,33.7,0.626,5.066,-3.293,-0.941,11,4,0,1,0,0.0339,4.43,-0.24,12.38,1
0,0.913,0.654,41.3,-0.083,7.784,-1.593,-1.869,17,4,0,1,1,0.0515,0.58,-0.52,-10.87,0
1,1.0,0.75,47.7,-0.129,11.298,-0.922,-0.753,19,4,1,2,1,0.0733,0.03,-0.96,-7.64,0
0,0.891,1.227,64.4,0.852,15.434,3.155,0.587,7,5,0,0,1,0.0463,0.26,-0.8,-12.03,0
1,1.0,0.975,47.7,1.42,17.583,0.739,0.956,8,5,1,1,1,0.0558,4.0,-0.21,7.53,1
0,1.0,0.956,62.3,1.68,19.424,2.406,1.015,9,5,0,1,2,0.0549,4.8,-0.37,7.61,1
0,0.779,0.987,46.8,1.926,18.784,0.221,0.965,10,5,0,1,3,0.0585,0.07,-0.98,-9.58,0
1,0.599,0.838,46.5,5.01,46.36,0.224,0.75,20,5,1,2,3,0.0891,0.03,-0.91,-6.25,0
1,0.452,0.866,46.4,4.921,44.914,-0.238,-0.633,20,5,2,3,3,0.088,-0.01,-0.66,-7.27,0
1,0.991,1.081,44.9,1.133,17.247,-1.461,1.113,8,1,0,1,0,0.0575,0.43,-0.83,-9.75,0
1,1.0,1.014,41.1,1.11,15.904,-1.85,-0.563,8,1,1,2,0,0.0563,0.37,-0.84,-9.95,0
1,1.0,1.122,35.3,0.761,12.317,-2.212,-1.384,9,1,2,3,0,0.0483,0.95,-0.56,4.28,1
0,1.0,1.214,54.6,0.227,18.781,0.608,0.065,13,1,0,3,1,0.0653,0.09,-0.89,-8.58,0
0,0.929,0.723,57.0,1.106,37.647,1.727,-0.605,17,1,1,3,2,0.117,0.29,-0.33,-4.78,0
1,0.686,1.178,41.5,-0.506,2.13,-2.323,-0.551,8,2,0,1,0,0.03,0.73,-0.89,-18.69,0
1,1.0,0.782,43.4,-1.506,1.508,-2.325,-0.191,10,2,1,2,0,0.0441,0.28,-0.95,-12.69,0
1,0.774,0.843,50.3,-2.284,1.19,-1.292,0.533,12,2,2,3,0,0.0524,5.6,-0.54,8.01,1
0,0.665,1.147,49.5,-1.716,1.394,-0.31,-0.045,13,2,0,3,1,0.0404,0.56,-0.14,20.78,1
0,0.775,0.917,50.2,-1.915,2.134,0.023,-0.77,15,2,0,3,2,0.049,5.44,-0.09,3.74,1
0,0.775,0.641,60.1,-2.841,6.228,1.984,-0.225,18,2,0,3,3,0.093,0.93,-0.78,-6.02,0
0,1.0,0.597,61.0,0.248,16.178,3.636,0.548,10,3,0,0,1,0.0908,5.13,-0.15,4.62,1
0,0.708,0.697,46.3,0.217,12.27,1.076,-2.234,10,3,0,0,2,0.079,4.75,-0.55,5.29,1
1,1.0,0.965,41.4,0.288,6.652,-1.301,-0.736,12,3,0,1,2,0.0615,0.49,-0.71,-9.1,0
1,1.0,1.192,44.9,0.234,5.346,-0.842,-0.254,12,3,1,2,2,0.0501,0.96,-0.78,-11.17,0
1,0.559,1.325,45.3,0.107,3.154,-1.004,0.269,13,3,2,3,2,0.0381,0.3,-0.91,-14.69,0
0,0.684,0.859,50.6,-1.394,3.327,-0.082,-0.603,19,3,3,3,3,0.0784,5.24,-0.12,1.45,1
0,0.874,1.129,64.9,-1.508,-1.308,2.528,1.063,8,4,0,0,1,0.0492,3.76,-0.13,4.47,1
0,0.522,1.229,59.0,0.211,5.435,2.358,0.587,14,4,0,0,2,0.0337,4.94,-0.07,12.46,1
1,0.754,1.142,54.5,0.439,4.928,1.387,1.229,15,4,0,1,2,0.0337,5.53,-0.12,12.39,1
1,1.0,0.835,50.7,1.642,12.294,0.83,0.255,18,4,0,2,2,0.0676,0.08,-0.99,-8.29,0
1,0.583,0.664,50.5,3.213,20.283,-0.091,0.967,20,4,1,3,2,0.1236,1.32,-0.98,-2.26,0
0,0.58,1.332,44.2,-0.246,0.504,-1.083,-0.523,7,5,0,0,1,0.0393,0.88,-0.95,-11.63,0
0,0.472,0.762,45.2,-0.437,1.748,-0.666,-1.781,10,5,1,0,2,0.0742,4.56,-0.43,1.96,1
1,0.913,1.096,48.6,-0.572,0.885,-0.477,0.327,12,5,0,1,2,0.061,0.13,-0.79,-9.18,0
1,1.0,0.675,52.9,-0.758,-0.759,0.024,-0.092,16,5,1,2,2,0.0506,4.91,-0.06,2.02,1
0,1.0,0.671,53.6,-1.165,0.438,0.75,0.25,18,5,0,2,3,0.0677,0.93,-0.81,-8.27,0
1,1.0,1.032,65.2,1.552,16.178,4.134,0.153,8,1,0,1,0,0.0469,0.24,-0.87,-11.95,0
1,0.723,0.754,52.1,3.184,20.512,1.95,1.781,10,1,1,2,0,0.0647,0.32,-1.0,-8.66,0
0,0.77,0.88,51.4,3.206,18.844,1.129,0.093,11,1,2,2,1,0.06,0.5,-0.95,-9.32,0
0,0.944,1.181,56.9,2.556,16.337,1.589,-1.259,12,1,3,2,2,0.0471,-0.01,-0.97,-11.88,0
0,0.443,1.151,50.7,2.568,16.95,1.106,-1.322,12,1,4,2,3,0.0471,0.88,-0.93,-13.51,0
1,1.0,0.818,54.6,2.875,21.796,2.051,-0.327,15,1,5,3,3,0.0479,0.95,-0.75,3.73,1
1,1.0,1.102,44.1,1.293,14.921,-1.367,-0.575,7,2,0,1,0,0.0465,0.39,-0.98,-12.04,0
0,0.766,0.785,53.8,1.665,22.906,0.049,-0.245,8,2,1,1,1,0.068,4.28,-0.66,6.17,1
1,1.0,0.793,44.0,1.552,22.937,-1.197,-0.679,10,2,0,2,1,0.0733,0.27,-0.96,-7.64,0
1,0.622,0.833,48.1,1.545,26.752,-0.844,0.385,11,2,1,3,1,0.0859,0.98,-1.0,-6.52,0
0,0.588,0.799,46.5,0.475,13.107,-1.14,-0.068,15,2,2,3,2,0.0513,-0.03,-0.96,-10.84,0
0,0.803,0.679,54.6,0.568,34.7,1.107,0.724,19,2,3,3,3,0.1197,0.82,-0.97,-4.68,0
0,0.536,0.984,58.5,0.51,17.088,0.792,1.303,7,3,0,0,1,0.0586,0.11,-0.86,-9.56,0
0,0.531,0.843,49.7,0.441,20.623,0.372,-1.22,9,3,1,0,2,0.0695,0.07,-0.82,-8.06,0
0,1.0,0.867,57.9,0.564,21.799,1.484,0.151,10,3,2,0,3,0.0696,5.25,-0.29,6.04,1
1,0.507,1.127,41.4,0.289,12.989,-1.674,-0.188,12,3,0,1,3,0.0554,4.97,-0.38,1.47,1
1,0.963,1.406,55.8,0.204,10.43,0.234,1.369,12,3,0,2,3,0.0392,3.9,-0.35,1.79,1
1,1.0,0.834,38.8,2.859,38.695,-0.775,-0.2,19,3,0,3,3,0.1048,4.32,-0.98,0.8,1
1,1.0,1.082,50.0,1.175,19.101,0.937,-0.243,12,4,0,1,0,0.0421,0.22,-0.54,-13.21,0
1,0.678,1.211,46.2,0.799,10.245,-0.731,0.243,14,4,1,2,0,0.0275,0.28,-0.72,-20.39,0
0,1.0,0.656,41.5,-0.061,8.642,-2.933,0.34,17,4,2,2,1,0.041,0.35,-0.89,-13.58,0
0,1.0,0.954,46.4,-1.106,15.332,-0.897,-0.941,20,4,3,2,2,0.0677,0.56,-0.92,-8.27,0
1,1.0,1.087,56.9,0.111,13.342,0.416,1.328,8,5,0,1,0,0.0523,0.68,-0.92,-10.71,0
1,0.726,0.932,40.6,0.055,12.807,-1.616,-2.621,9,5,1,2,0,0.0578,0.24,-0.9,-9.69,0
0,0.555,0.888,49.4,-0.31,16.261,-0.171,-0.236,11,5,2,2,1,0.0694,4.34,-0.16,1.01,1
0,0.63,0.699,44.1,-1.003,2.748,-2.175,-1.502,16,5,0,2,2,0.0405,4.31,-0.3,5.55,1
1,1.0,0.792,42.9,-2.261,0.179,-2.835,-0.327,18,5,0,3,2,0.059,0.11,-0.98,-9.5,0
1,0.633,0.896,48.1,-1.774,-0.496,-0.587,1.949,11,1,0,1,0,0.0769,4.53,-0.48,0.96,1
0,0.936,1.296,49.4,-1.199,-0.176,-0.142,0.8,12,1,0,1,1,0.0503,4.4,-0.65,1.54,1
1,1.0,1.248,48.5,-1.173,-0.558,-0.351,-0.113,13,1,0,2,1,0.049,5.11,-0.96,8.57,1
0,0.626,1.304,50.3,-0.919,0.228,0.158,-0.918,14,1,0,2,2,0.0396,0.43,-0.91,-14.06,0
0,1.0,0.784,64.9,-1.142,4.392,2.788,-0.119,16,1,1,2,3,0.0658,0.26,-0.84,-8.51,0
0,1.0,1.053,56.1,-0.706,2.971,1.843,-0.163,8,2,0,0,1,0.051,0.52,-0.87,-10.98,0
0,0.522,1.03,60.3,0.155,7.275,2.503,-1.455,11,2,1,0,2,0.0677,4.84,-0.07,6.21,1
0,0.565,1.165,57.5,0.454,6.966,1.83,-0.258,14,2,0,0,3,0.05,0.99,-0.05,16.81,1
1,0.634,0.897,43.1,0.301,2.337,-1.397,0.382,16,2,0,1,3,0.0503,0.0,-0.49,-11.14,0
1,0.817,0.69,46.5,0.186,2.08,-1.569,0.339,17,2,1,2,3,0.0688,0.34,-0.98,-8.14,0
1,0.655,1.203,49.3,0.766,6.346,0.043,0.754,7,3,0,1,0,0.0624,0.95,-0.64,13.46,1
0,0.779,1.132,56.3,0.811,8.06,1.229,-0.486,8,3,0,1,1,0.0595,1.03,-0.67,7.05,1
1,0.896,1.104,44.4,0.767,5.811,-0.53,1.005,9,3,0,2,1,0.0534,0.12,-0.85,-10.48,0
1,0.943,1.24,40.0,0.554,4.149,-1.162,-0.718,10,3,1,3,1,0.0469,0.21,-0.92,-11.93,0
0,0.959,1.711,47.6,0.115,2.306,-0.102,0.339,13,3,2,3,2,0.0225,0.69,-0.37,11.68,1
1,0.624,1.311,46.7,2.346,15.862,-0.182,-0.656,7,4,0,1,0,0.0592,0.44,-0.88,-9.45,0
0,0.655,0.823,51.5,1.401,11.156,-0.555,-0.46,9,4,1,1,1,0.0543,0.05,-0.67,-10.31,0
0,1.0,0.868,55.3,1.152,10.878,0.263,0.916,10,4,2,1,2,0.049,0.14,-0.91,-11.43,0
0,1.0,1.17,50.6,1.104,10.894,0.907,-0.909,13,4,3,1,3,0.0326,0.43,-0.98,-17.2,0
1,0.938,1.234,52.5,1.099,9.777,0.881,-0.233,14,4,4,2,3,0.0267,0.13,-0.89,-21.0,0
0,1.0,0.793,56.2,2.925,27.779,1.013,-0.254,9,5,0,0,1,0.0526,5.23,-0.66,8.0,1
0,0.546,0.95,42.9,2.259,20.986,-0.859,-1.85,10,5,0,0,2,0.0425,1.0,-0.9,-6.6,0
0,0.794,1.296,43.9,1.575,16.662,-0.117,-1.897,14,5,1,0,3,0.0299,0.48,-0.95,-18.72,0
1,0.654,0.908,49.0,2.991,37.77,0.176,0.211,20,5,2,1,3,0.0656,0.43,-0.44,11.68,1
1,0.645,1.088,41.1,1.137,18.223,-2.197,0.413,7,1,0,1,0,0.0476,0.25,-0.76,-11.75,0
1,0.622,1.209,38.1,0.959,14.399,-2.367,-1.081,7,1,1,2,0,0.0402,0.77,-0.62,-0.51,0
0,0.62,0.931,43.9,0.436,22.983,-0.921,-1.786,11,1,2,2,1,0.0627,0.99,-0.64,13.41,1
1,0.745,1.001,43.0,-1.161,14.629,-2.499,1.798,19,1,0,3,1,0.0704,0.28,-0.94,-7.95,0
0,0.607,1.073,46.0,-0.812,8.913,-0.845,1.633,7,2,0,0,1,0.0499,5.24,-0.89,8.42,1
0,0.607,0.97,61.1,-0.917,12.409,2.01,0.281,11,2,0,0,2,0.054,5.0,-0.17,7.78,1
0,0.752,1.186,43.9,-0.637,7.419,-0.561,0.694,12,2,0,0,3,0.0409,0.54,-0.92,-13.68,0
1,1.0,0.803,53.7,-1.317,14.896,0.369,0.931,20,2,1,1,3,0.0856,4.38,-0.4,4.91,1
1,0.523,0.817,50.2,-0.566,11.402,-0.162,0.332,9,3,0,1,0,0.0769,0.16,-0.99,-7.29,0
1,0.934,0.905,37.7,-0.849,8.712,-1.878,-0.223,10,3,1,2,0,0.0754,5.22,-0.93,5.57,1
0,0.91,1.099,49.2,-0.799,8.401,-0.275,-0.593,11,3,0,2,1,0.0647,0.25,-0.9,-8.66,0
0,0.703,1.264,52.5,-0.584,7.488,0.518,-0.345,12,3,1,2,2,0.0489,-0.02,-0.96,-11.45,0
0,0.652,1.061,56.5,-0.607,9.897,1.482,0.101,13,3,2,2,3,0.0536,5.53,-0.51,7.84,1
1,1.0,1.42,49.3,-0.294,5.346,0.069,0.077,14,3,0,3,3,0.0337,0.95,-0.67,3.84,1
0,0.757,0.743,54.6,-1.256,2.173,0.581,-0.014,9,4,0,0,1,0.0573,0.62,-0.81,-9.78,0
0,0.757,0.797,58.6,-1.454,5.344,1.82,-0.612,10,4,1,0,2,0.0658,5.22,-0.28,6.39,1
1,0.772,0.96,46.6,-1.01,3.713,-0.335,0.356,12,4,0,1,2,0.0704,0.42,-0.95,-7.95,0
1,1.0,1.192,46.4,-0.761,2.546,-0.494,-0.51,13,4,1,2,2,0.0572,0.06,-1.0,-9.78,0
1,1.0,1.342,42.8,-0.641,1.441,-0.974,-0.515,13,4,2,3,2,0.0482,4.9,-0.04,2.6,1
0,0.602,0.92,50.0,-0.848,2.418,-0.109,0.229,16,4,0,3,3,0.0593,0.25,-1.0,-9.45,0
1,0.737,1.215,49.8,-1.454,-3.699,-0.87,1.133,7,5,0,1,0,0.0491,4.68,-0.06,2.78,1
1,0.781,1.176,57.5,-1.506,-2.616,0.317,2.102,7,5,0,2,0,0.0508,0.07,-0.94,-11.02,0
1,1.0,0.825,52.4,-2.435,-3.447,0.719,0.32,11,5,1,3,0,0.0996,-0.03,-0.77,-5.62,0
0,0.577,1.121,63.1,-0.577,2.04,2.509,0.653,15,5,2,3,1,0.0437,0.51,-0.66,3.44,1
1,0.958,1.151,47.0,-0.521,-2.414,-0.955,0.666,7,1,0,1,0,0.0569,5.0,-0.78,7.38,1
0,0.884,1.386,56.7,0.224,2.627,1.382,-0.063,14,1,0,1,1,0.0342,0.77,-0.97,-16.39,0
0,1.0,0.669,61.9,0.723,8.619,3.306,-0.46,15,1,1,1,2,0.0648,0.02,-0.86,-8.64,0
0,0.804,0.853,50.7,0.82,7.093,1.395,-1.149,16,1,2,1,3,0.0529,5.98,-0.99,7.94,1
1,0.711,1.057,54.7,0.986,5.932,0.898,1.158,18,1,0,2,3,0.0451,0.26,-0.61,-12.43,0
0,0.608,1.224,41.1,-1.171,-8.543,-2.333,0.621,7,2,0,0,1,0.0396,-0.02,-0.83,-14.16,0
0,0.675,1.124,49.9,-1.352,-7.504,-0.967,-0.487,8,2,1,0,2,0.0399,3.88,-0.19,5.23,1
1,1.0,1.0,42.0,-2.466,-12.875,-1.384,-0.941,12,2,0,1,2,0.0572,-0.03,-0.66,-9.78,0
1,1.0,1.245,47.6,-0.989,-12.043,0.086,-1.157,7,3,0,1,0,0.0781,-0.04,-0.97,-7.17,0
1,1.0,0.898,45.9,-0.963,-14.907,-1.142,1.293,10,3,1,2,0,0.0819,3.67,-0.11,0.86,1
1,0.805,1.249,38.3,-0.854,-12.243,-2.052,-0.362,13,3,0,3,0,0.0514,4.76,-0.57,8.17,1
0,1.0,0.863,58.4,-1.258,-12.649,0.845,-0.084,15,3,0,3,1,0.0669,0.53,-0.95,-8.37,0
1,1.0,1.307,46.1,-0.136,-5.864,-1.323,-0.399,14,4,0,1,0,0.0284,4.04,-0.26,14.81,1
1,0.991,0.826,46.5,-0.759,-15.388,-0.004,-1.79,19,4,0,2,0,0.1098,0.44,-0.86,-5.1,0
1,0.896,0.991,48.2,-2.347,-19.976,-0.809,-0.4,11,5,0,1,0,0.0531,0.39,-0.77,-10.55,0
1,0.616,1.247,45.8,-1.854,-16.656,-1.199,-0.488,12,5,1,2,0,0.0405,0.25,-0.64,-13.83,0
1,0.442,1.363,54.1,-1.364,-12.724,-0.283,3.053,13,5,2,3,0,0.0287,0.42,-0.93,5.53,1
1,1.0,1.112,55.3,-0.759,-15.781,1.86,-0.249,8,1,0,1,0,0.0655,0.07,-1.0,-8.55,0
1,0.544,1.01,51.0,-0.748,-19.457,-0.624,1.325,12,1,1,2,0,0.0625,5.27,-0.36,6.72,1
0,0.552,1.098,46.5,-0.793,-17.444,-0.673,-1.598,13,1,0,2,1,0.0561,0.79,-0.98,-9.98,0
0,0.764,1.066,48.4,-0.698,-14.646,-0.053,-0.598,15,1,1,2,2,0.0494,0.03,-0.84,-11.34,0
0,1.0,0.981,53.0,-0.751,-14.994,0.63,-0.334,15,1,2,2,3,0.0531,0.19,-0.89,-10.54,0
0,0.655,0.967,55.0,2.686,1.464,2.009,-0.771,9,2,0,0,1,0.0706,-0.01,-0.95,-7.93,0
0,0.924,0.936,64.2,3.005,4.853,3.174,0.118,10,2,1,0,2,0.0713,0.37,-0.9,-7.86,0
0,1.0,1.137,62.9,2.989,6.621,2.594,1.17,12,2,2,0,3,0.0623,0.07,-0.27,-8.99,0
1,1.0,0.763,45.7,3.494,2.291,-1.312,-0.456,20,2,3,1,3,0.1243,2.88,-0.64,0.57,1
1,0.604,1.356,57.5,0.95,0.374,0.422,2.509,7,3,0,1,0,0.0551,4.23,-0.7,7.62,1
0,0.588,0.91,51.0,1.175,3.244,1.034,-0.997,11,3,0,1,1,0.0812,4.89,-0.89,1.0,1
1,0.422,1.014,54.1,0.937,1.982,0.332,1.301,14,3,0,2,1,0.0504,4.0,-0.55,5.44,1
1,1.0,1.026,55.2,2.866,14.697,2.408,-0.83,20,3,0,3,1,0.1186,4.63,-0.25,3.54,1
0,0.869,1.125,54.2,0.792,4.866,0.031,1.76,12,4,0,0,1,0.0646,-0.06,-0.06,13.0,1
1,1.0,1.034,44.5,-0.049,-1.53,-1.711,-0.879,14,4,0,1,1,0.0376,0.74,-0.85,1.41,1
1,1.0,1.146,44.5,0.125,1.543,-0.017,-1.949,7,5,0,1,0,0.0819,5.21,-0.23,1.45,1
0,1.0,0.984,53.9,0.495,3.704,1.163,-0.309,8,5,0,1,1,0.0936,4.51,-0.4,0.84,1
1,1.0,0.897,47.2,0.339,0.115,-0.779,-0.678,11,5,0,2,1,0.096,0.56,-0.98,-5.83,0
1,0.573,1.002,50.1,-0.065,-0.29,-0.444,1.2,13,5,1,3,1,0.0817,0.78,-0.99,-6.86,0
0,0.621,1.014,38.8,-1.877,-10.304,-1.621,-1.271,7,1,0,0,1,0.0669,0.45,-0.68,-8.37,0
1,0.81,1.027,54.7,-1.733,-8.651,0.096,2.92,8,1,1,1,1,0.0606,0.58,-0.87,-9.24,0
0,0.64,1.174,48.2,-1.369,-8.457,-0.563,-0.094,12,1,2,1,2,0.0474,-0.03,-0.86,-11.81,0
0,0.847,0.797,58.8,-1.25,-6.009,2.222,-0.187,15,1,3,1,3,0.0617,0.38,-0.93,-9.08,0
0,1.0,1.185,56.8,0.484,0.55,1.077,0.863,7,2,0,0,1,0.0769,4.57,-0.19,5.46,1
1,0.561,1.097,42.0,0.244,-3.489,-1.574,0.422,9,2,0,1,1,0.0648,0.13,-0.93,-8.65,0
1,1.0,0.998,42.4,0.124,-4.701,-1.72,-0.238,10,2,1,2,1,0.0704,5.05,-0.89,5.96,1
0,0.662,1.052,51.0,-0.309,-3.231,0.094,-0.799,13,2,0,2,2,0.0688,1.03,-0.05,6.1,1
1,1.0,1.088,50.1,-0.275,-3.304,-0.161,-0.476,13,2,0,3,2,0.0612,0.26,-0.63,-9.16,0
0,0.902,0.925,39.2,-0.9,-10.489,-3.0,0.083,16,2,1,3,3,0.0491,0.22,-0.92,-11.4,0
0,1.0,1.197,50.0,-1.64,-12.976,-0.303,0.483,8,3,0,0,1,0.0572,5.98,-0.21,7.34,1
0,0.706,0.757,51.0,-2.563,-20.774,-0.195,0.221,10,3,0,0,2,0.0866,0.17,-0.76,-6.46,0
0,0.599,0.804,53.7,-2.298,-18.891,0.736,-1.13,11,3,1,0,3,0.0853,5.19,-0.05,4.93,1
1,1.0,0.885,49.8,0.008,-10.178,1.056,-0.104,18,3,0,1,3,0.0833,5.42,-0.34,5.04,1
1,0.827,0.789,52.2,0.441,-12.802,1.21,0.964,20,3,0,2,3,0.1244,4.68,-0.21,3.37,1
0,1.0,1.053,58.4,0.982,-2.175,1.751,0.483,7,4,0,0,1,0.0861,5.02,-0.57,4.88,1
1,0.818,1.018,56.6,0.976,-2.988,0.97,1.661,8,4,0,1,1,0.0855,5.18,-0.2,4.92,1
0,0.918,1.094,48.7,1.061,-2.314,0.307,-1.737,9,4,0,1,2,0.0751,0.73,-0.69,-7.46,0
1,0.637,0.977,57.8,1.263,-1.503,1.358,1.208,10,4,1,2,2,0.0863,0.83,-0.77,-6.49,0
0,1.0,0.593,47.7,0.399,-6.385,-0.892,-0.58,16,4,2,2,3,0.0937,5.37,-0.3,4.48,1
1,0.95,1.3,40.8,1.101,1.027,-0.776,-2.93,7,5,0,1,0,0.064,4.21,-0.35,6.57,1
0,0.874,1.046,49.4,1.303,3.2,0.494,-2.117,8,5,0,1,1,0.0694,4.83,-0.53,1.69,1
1,0.698,1.065,50.9,1.122,2.44,0.21,0.887,9,5,0,2,1,0.0627,4.16,-0.36,6.7,1
0,1.0,1.207,52.6,1.314,5.074,1.003,-0.446,12,5,0,2,2,0.0552,0.23,-0.95,-10.14,0
1,0.674,0.653,45.0,3.241,11.647,-0.808,0.462,17,5,1,3,2,0.0898,4.6,-0.15,4.67,1
1,1.0,0.771,50.3,2.525,15.787,0.571,-0.465,9,1,0,1,0,0.089,5.02,-0.25,4.72,1
0,1.0,0.817,54.2,2.488,16.424,1.464,-1.311,10,1,0,1,1,0.0834,4.75,-0.79,5.04,1
0,0.871,0.56,46.2,0.148,9.194,-1.273,-1.904,18,1,0,1,2,0.1272,0.21,-0.85,-4.4,0
0,1.0,0.752,41.9,-0.064,9.915,-1.673,-1.458,19,1,1,1,3,0.1442,4.66,-0.4,2.91,1
1,0.851,1.307,50.4,0.865,9.486,0.672,-0.551,7,2,0,1,0,0.0703,4.27,-0.09,2.08,1
1,0.727,1.12,50.0,1.132,10.467,0.455,-1.263,8,2,0,2,0,0.0749,5.17,-0.76,1.32,1
1,1.0,0.765,42.2,1.472,13.626,-0.787,-1.116,11,2,0,3,0,0.1007,0.1,-1.0,-5.57,0
0,0.654,1.151,49.6,0.208,2.547,-0.7,0.293,14,2,1,3,1,0.0412,4.14,-0.36,10.18,1
1,0.55,1.092,48.0,-0.565,0.884,0.293,-0.421,8,3,0,1,0,0.0923,5.59,-0.1,1.82,1
1,0.611,0.902,48.2,-0.378,1.952,0.044,0.454,10,3,0,2,0,0.112,-0.02,-0.98,-5.0,0
1,0.738,1.324,45.8,-0.268,0.084,-0.66,-1.281,12,3,1,3,0,0.0698,0.24,-0.85,-8.02,0
1,0.744,1.415,49.6,-0.196,-0.568,-0.798,2.209,7,4,0,1,0,0.0616,0.13,-0.94,-9.09,0
1,0.929,0.844,51.6,-0.632,-2.987,-0.937,0.494,8,4,1,2,0,0.0923,0.1,-0.9,-6.06,0
0,0.993,0.921,45.3,-1.182,-4.593,-1.282,-0.522,10,4,2,2,1,0.0876,5.24,-0.13,1.86,1
0,0.818,0.651,50.1,-1.234,0.085,1.811,-1.202,17,4,0,2,2,0.1046,0.57,-0.93,-5.35,0
0,1.0,0.979,67.2,0.426,6.808,3.4,1.485,9,5,0,0,1,0.0855,0.29,-0.94,-6.54,0
0,0.821,1.101,49.3,0.659,5.364,1.173,-2.291,10,5,1,0,2,0.0771,0.46,-0.92,-7.26,0
0,1.0,1.216,42.2,1.03,5.705,-0.271,-1.48,13,5,2,0,3,0.0605,-0.0,-0.74,-9.25,0
1,0.956,1.265,51.5,1.017,6.074,0.601,0.475,14,5,3,1,3,0.0555,0.23,-0.39,-10.1,0
1,1.0,1.309,48.9,0.974,5.431,0.181,-0.425,14,5,4,2,3,0.0531,0.35,-0.98,-7.65,0
1,1.0,0.62,50.3,1.997,11.986,-0.394,0.936,18,5,5,3,3,0.1366,0.02,-0.79,-4.1,0
1,0.726,0.865,47.8,1.893,14.542,0.681,0.19,8,1,0,1,0,0.1011,5.22,-0.93,4.15,1
0,1.0,1.357,65.2,1.661,14.533,2.996,0.63,14,1,0,1,1,0.0525,0.42,-0.87,-10.67,0
0,1.0,0.878,48.3,2.113,29.2,-0.378,0.486,10,2,0,0,1,0.1238,0.08,-0.97,-4.52,0
0,1.0,0.673,57.3,2.881,30.414,3.514,0.017,16,2,1,0,2,0.0656,-0.04,-0.94,-8.53,0
0,0.821,0.725,53.1,3.595,32.655,2.566,-1.917,17,2,2,0,3,0.0689,0.33,-0.96,-8.13,0
1,0.83,0.881,46.3,6.785,57.361,0.558,-0.779,20,2,3,1,3,0.12,0.76,-0.96,7.0,1
0,1.0,1.2,44.5,2.111,27.377,-0.462,-2.514,7,3,0,0,1,0.0689,0.78,-0.99,-8.13,0
1,0.66,1.023,53.0,2.141,30.071,0.132,1.163,11,3,1,1,1,0.0734,4.25,-0.06,1.62,1
1,1.0,1.59,41.3,0.973,12.173,-1.463,0.984,13,3,0,2,1,0.0354,0.67,-0.76,-18.08,0
0,1.0,0.688,38.8,-3.038,3.561,-3.368,0.167,10,4,0,0,1,0.0949,0.06,-0.75,-5.9,0
0,0.538,0.776,45.5,-2.998,3.912,-2.102,0.486,11,4,1,0,2,0.0871,4.2,-0.7,4.82,1
1,0.58,1.055,45.9,-2.618,2.622,-1.349,0.202,12,4,0,1,2,0.0719,0.64,-0.85,-7.79,0
1,0.555,1.451,42.0,-1.721,0.182,-1.5,1.032,13,4,1,2,2,0.0447,4.99,-0.12,9.39,1
1,1.0,0.61,53.5,-2.599,7.696,1.299,-0.093,16,4,0,3,2,0.0854,-0.04,-0.86,-6.56,0
1,0.875,1.203,53.5,-1.894,0.72,-0.334,1.654,7,5,0,1,0,0.0748,0.17,-0.95,-7.49,0
1,0.668,0.895,41.9,-2.741,-5.588,-2.534,-0.378,10,5,1,2,0,0.0871,0.07,-0.87,-6.43,0
1,0.747,1.072,47.2,-2.719,-6.294,-1.489,0.936,12,5,2,3,0,0.0729,0.38,-0.86,-7.67,0
0,0.49,1.34,49.1,-2.107,-5.053,-0.835,0.206,13,5,3,3,1,0.0539,0.7,-0.88,-11.87,0
0,0.534,1.401,50.0,-1.632,-3.787,-0.292,0.577,14,5,4,3,2,0.043,4.67,-0.05,9.76,1
0,0.789,0.764,39.8,-2.712,-10.529,-2.414,0.054,16,5,0,3,3,0.0646,0.59,-0.93,-8.67,0
1,0.542,1.219,51.6,-1.401,-5.622,0.445,1.28,7,1,0,1,0,0.0743,0.43,-0.85,-7.54,0
1,0.772,1.005,42.5,-1.402,-7.99,-1.239,-0.679,8,1,1,2,0,0.0766,4.3,-0.24,2.71,1
1,1.0,0.98,49.7,-1.472,-7.17,-0.175,-0.129,10,1,0,3,0,0.0771,0.27,-0.92,-7.26,0
0,0.911,0.638,54.5,-6.276,-31.403,-0.451,-0.397,18,1,1,3,1,0.1377,-0.02,-0.97,-4.06,0
0,1.0,0.778,54.0,-5.042,-27.545,-0.012,0.55,19,1,2,3,2,0.123,0.04,-0.9,-4.55,0
0,0.904,1.258,46.7,-1.381,-11.935,-0.033,-0.981,7,2,0,0,1,0.0645,5.13,-0.42,1.43,1
1,0.825,0.947,56.1,-1.074,-8.885,1.55,0.425,9,2,0,1,1,0.064,0.67,-0.91,-8.75,0
1,1.0,0.995,41.1,-0.913,-12.729,-1.416,0.404,12,2,1,2,1,0.0704,3.56,-0.04,0.99,1
1,0.956,1.118,55.8,-0.817,-9.653,0.616,2.874,12,2,0,3,1,0.063,0.41,-0.95,-8.89,0
0,0.796,0.753,52.6,-0.578,-15.135,0.995,1.214,19,2,1,3,2,0.1207,5.88,-0.07,3.48,1
1,0.792,1.197,48.2,0.139,-6.939,-0.261,-0.824,12,3,0,1,0,0.0634,0.08,-0.56,-8.83,0
0,1.0,1.342,61.3,-0.799,-11.649,1.85,1.582,8,4,0,0,1,0.0559,0.19,-0.9,-10.03,0
0,0.865,1.397,58.9,-0.676,-8.66,1.891,-0.901,8,4,1,0,2,0.0473,4.25,-0.69,8.88,1
0,1.0,0.975,53.6,-0.385,-13.089,0.376,-0.093,12,4,0,0,3,0.0633,0.23,-0.67,-8.85,0
1,0.994,0.748,42.5,-1.753,-32.265,-1.798,-1.439,19,4,1,1,3,0.1169,0.8,-0.94,-4.79,0
1,1.0,1.045,45.3,-1.376,-24.454,-1.209,-0.794,20,4,2,2,3,0.0879,0.82,-0.93,-3.89,0
0,0.57,1.08,60.6,-0.62,-14.788,1.773,-0.32,11,5,0,0,1,0.0691,0.46,-0.87,-8.1,0
0,1.0,1.399,65.4,0.485,1.205,3.561,0.168,14,5,1,0,2,0.0264,0.01,-0.94,-21.2,0
0,0.853,1.239,55.9,0.495,1.034,2.511,-1.08,14,5,2,0,3,0.0269,0.26,-0.78,-10.17,0
0,1.0,1.433,47.1,2.737,5.995,-0.128,-1.47,7,1,0,0,1,0.0639,5.09,-0.27,1.82,1
0,0.703,0.819,43.0,3.593,8.493,-0.668,-1.139,10,1,0,0,2,0.0954,5.43,-0.05,1.47,1
0,0.965,1.162,43.7,2.469,8.088,0.002,-1.888,12,1,0,0,3,0.0673,0.25,-0.97,-8.32,0
1,1.0,1.018,51.1,2.427,10.373,1.14,-1.056,15,1,1,1,3,0.0539,0.52,-0.94,-3.83,0
1,0.715,1.175,55.7,1.961,12.549,-0.022,2.115,7,2,0,1,0,0.0842,4.76,-0.14,1.25,1
1,1.0,1.017,35.4,0.793,3.246,-3.361,-0.083,11,2,0,2,0,0.0742,5.13,-0.74,5.66,1
1,0.543,1.199,64.2,0.381,5.215,0.752,3.188,12,2,0,3,0,0.0575,4.94,-0.17,7.31,1
0,1.0,0.743,59.6,1.481,17.175,3.795,-0.763,16,2,0,3,1,0.0716,4.98,-0.1,5.86,1
0,0.617,0.707,50.6,3.505,23.541,0.443,0.343,19,2,0,3,2,0.1164,0.81,-0.56,2.25,1
0,0.908,1.223,44.1,0.862,12.136,-0.794,-1.958,7,3,0,0,1,0.0845,4.32,-0.16,2.11,1
0,0.618,0.868,49.6,0.016,8.122,-0.747,-1.014,11,3,0,0,2,0.09,4.56,-0.53,1.48,1
0,0.802,1.306,51.2,-0.198,5.616,0.206,-1.106,13,3,0,0,3,0.054,0.3,-0.98,-10.37,0
1,0.901,0.83,48.3,0.966,12.968,-0.325,1.643,18,3,1,1,3,0.0946,0.54,-1.0,-5.92,0
1,0.511,0.793,47.7,0.892,9.801,-0.817,0.28,10,4,0,1,0,0.0647,-0.03,-0.64,-8.66,0
0,1.0,0.518,54.5,1.117,18.572,1.646,-0.826,16,4,1,1,1,0.0835,4.69,-0.2,5.02,1
1,0.917,1.094,51.2,0.862,13.417,0.149,0.584,7,5,0,1,0,0.0621,1.2,-0.04,6.77,1
0,1.0,1.125,61.4,0.806,13.968,1.52,2.77,7,5,0,1,1,0.058,1.12,-0.97,-4.82,0
0,1.0,1.168,51.3,0.853,12.478,0.615,-1.065,8,5,1,1,2,0.0512,5.58,-0.6,8.2,1
1,1.0,1.028,51.4,0.264,7.588,0.01,1.03,15,5,0,2,2,0.0371,4.1,-0.24,5.59,1
0,0.619,0.614,52.5,0.837,16.691,0.922,-0.768,17,5,0,2,3,0.0716,0.18,-0.82,11.73,1
1,0.533,1.37,37.8,-0.695,0.701,-2.22,-0.261,7,1,0,1,0,0.0481,0.2,-0.75,-11.65,0
1,0.628,1.322,41.4,-0.801,-0.182,-1.971,-0.179,8,1,1,2,0,0.0443,0.61,-0.96,-12.65,0
1,0.802,0.932,43.8,-1.18,-1.086,-1.893,0.883,9,1,2,3,0,0.0552,0.05,-0.73,-10.14,0
0,0.779,0.933,52.7,-1.407,-0.165,-0.303,0.721,10,1,3,3,1,0.0539,4.71,-0.03,7.78,1
0,0.675,1.153,49.1,-0.949,-3.013,-0.015,-1.473,8,2,0,0,1,0.053,4.22,-0.16,4.1,1
0,0.794,1.732,45.5,-0.544,-2.62,-0.522,-2.349,13,2,0,0,2,0.0272,0.33,-0.56,-23.53,0
0,0.815,0.854,47.7,0.52,1.344,0.944,-1.523,11,3,0,0,1,0.0874,4.04,-0.27,0.8,1
1,1.0,1.151,49.0,0.454,0.245,0.074,-0.605,12,3,0,1,1,0.065,0.03,-0.71,-8.62,0
0,1.0,0.901,54.7,-0.158,-2.431,0.405,-0.858,20,3,1,1,2,0.1223,0.39,-0.82,-4.58,0
0,0.906,1.314,57.8,0.202,0.855,0.785,1.786,7,4,0,0,1,0.0644,4.83,-0.59,6.52,1
0,1.0,0.662,56.8,-0.451,-1.411,0.955,-0.396,10,4,0,0,2,0.0839,5.75,-0.05,5.01,1
0,0.608,0.807,57.9,-0.596,-1.427,0.936,1.569,12,4,0,0,3,0.0794,4.54,-0.35,5.3,1
1,0.575,1.43,45.4,-0.208,-2.857,-1.023,0.189,14,4,0,1,3,0.033,0.18,-0.94,-17.0,0
1,1.0,0.831,46.7,-0.951,-7.526,-1.467,0.63,17,4,1,2,3,0.0544,0.98,-0.11,1.37,1
1,0.461,1.247,58.0,-0.602,-5.445,1.173,2.27,7,5,0,1,0,0.0754,0.12,-0.91,-8.48,0
0,1.0,1.162,53.5,-0.408,-5.155,0.386,1.54,9,5,1,1,1,0.0621,4.04,-0.2,3.43,1
1,0.551,0.955,48.6,-0.611,-7.604,-0.516,0.995,11,5,0,2,1,0.0741,4.36,-0.62,1.04,1
1,1.0,1.005,45.4,-0.521,-7.582,-0.72,-0.203,12,5,0,3,1,0.07,4.9,-0.5,6.0,1
0,0.531,0.957,60.1,-0.558,-5.17,1.142,0.48,15,5,0,3,2,0.0621,4.46,-0.45,6.77,1
0,1.0,0.865,56.1,-1.36,-16.378,0.498,0.954,20,5,0,3,3,0.1464,4.41,-0.18,2.87,1
0,1.0,1.039,48.1,0.52,-1.234,0.27,-0.275,7,1,0,0,1,0.0769,5.05,-0.36,5.47,1
0,1.0,0.96,50.2,0.456,-1.864,0.059,0.287,10,1,0,0,2,0.0851,4.85,-0.31,2.77,1
1,0.659,0.788,46.5,0.414,-4.36,-0.84,0.148,12,1,0,1,2,0.1275,0.74,-0.87,-4.39,0
1,0.698,1.399,40.3,-0.051,-4.873,-1.663,0.824,14,1,1,2,2,0.0565,0.05,-0.9,-9.91,0
0,0.827,0.875,57.6,-1.74,-15.958,0.167,1.115,20,1,2,2,3,0.1448,0.44,-0.59,-1.81,0
1,1.0,1.024,48.3,-0.418,-8.041,-0.118,0.272,7,2,0,1,0,0.0987,4.63,-0.1,4.25,1
1,0.773,1.576,50.1,-0.108,-4.09,-0.328,0.068,14,2,0,2,0,0.0485,0.12,-0.77,-13.21,0
1,1.0,0.74,39.7,-1.301,-15.877,-3.187,-0.158,17,2,1,3,0,0.0839,0.77,-0.82,-2.53,0
1,0.692,1.057,48.5,-1.07,-13.818,0.41,0.039,8,3,0,1,0,0.1,4.79,-0.12,1.77,1
1,0.731,1.24,46.2,0.41,-5.663,-1.176,-0.184,7,4,0,1,0,0.0966,4.47,-0.17,1.95,1
0,0.551,0.951,47.6,0.328,-5.64,-0.4,-0.844,8,4,0,1,1,0.1152,0.34,-0.75,-4.86,0
1,1.0,0.909,50.1,0.309,-5.292,-0.028,0.363,9,4,1,2,1,0.116,1.12,-0.88,-2.42,0
0,0.497,1.171,61.9,-0.024,-3.152,1.549,2.514,12,4,1,2,2,0.0718,0.71,-0.58,-8.91,0
0,0.858,1.096,51.0,0.007,-1.251,0.564,-0.397,14,4,2,2,3,0.0481,0.88,-0.6,9.23,1
1,0.759,1.27,58.9,-0.725,-8.102,0.463,2.601,7,5,0,1,0,0.0934,4.82,-0.16,0.82,1
0,1.0,0.691,51.5,-1.124,-12.513,0.265,-0.038,11,5,0,2,1,0.1376,0.93,-0.87,4.2,1
0,1.0,0.797,44.6,-1.059,-12.771,-0.655,0.495,11,5,0,2,2,0.1296,5.33,-0.53,3.24,1
1,0.784,0.649,46.5,5.953,19.311,1.311,1.041,19,5,0,3,2,0.1409,5.05,-0.16,1.0,1
0,0.928,1.106,52.2,2.414,10.614,0.704,0.162,7,1,0,0,1,0.1106,4.75,-0.06,3.79,1
1,0.55,0.91,58.4,2.704,11.817,0.733,3.077,9,1,0,1,1,0.1368,5.45,-0.61,3.07,1
0,0.721,1.111,58.1,2.037,11.489,1.465,-0.056,12,1,0,1,2,0.1098,5.22,-0.43,3.82,1
0,0.554,1.028,54.9,1.588,10.356,1.345,-0.915,15,1,0,1,3,0.0819,0.79,-0.48,2.34,1
1,0.576,1.054,53.5,1.643,13.265,0.776,0.461,7,2,0,1,0,0.0939,0.22,-1.0,-5.96,0
1,0.796,1.419,48.7,1.084,7.828,-0.216,-0.12,7,2,1,2,0,0.062,4.95,-0.17,2.8,1
1,0.845,1.017,47.2,1.113,9.127,-0.501,0.877,10,2,0,3,0,0.0716,-0.03,-0.94,-7.82,0
0,1.0,0.991,58.8,1.087,11.839,1.187,-0.17,12,2,1,3,1,0.08,4.74,-0.69,5.25,1
0,1.0,1.068,60.9,0.435,13.417,1.462,0.01,8,3,0,0,1,0.0858,4.36,-0.91,4.89,1
1,0.689,1.008,44.7,0.508,11.331,-1.086,0.666,12,3,0,1,1,0.0954,4.78,-0.13,4.4,1
0,1.0,1.222,44.7,0.346,9.164,-0.401,-2.134,13,3,0,1,2,0.0686,0.76,-0.99,-8.17,0
1,0.505,0.654,58.4,2.035,30.69,3.361,0.773,18,3,1,2,2,0.1345,4.67,-0.84,3.03,1
1,1.0,0.879,46.3,1.615,22.618,0.137,0.339,10,4,0,1,0,0.106,4.7,-0.64,3.96,1
0,1.0,1.374,47.0,1.101,14.825,0.414,-1.751,12,4,0,1,1,0.0609,5.77,-0.57,6.9,1
1,0.58,0.774,51.0,1.595,21.17,0.909,0.33,15,4,0,2,1,0.0755,4.77,-0.09,5.57,1
0,1.0,0.731,61.1,2.236,28.0,2.964,-0.764,17,4,0,2,2,0.0876,0.24,-0.52,-6.4,0
0,0.406,0.769,51.5,4.637,49.148,1.988,-0.45,19,4,1,2,3,0.1468,-0.05,-0.73,-4.36,0
0,0.934,1.129,46.6,1.624,28.954,-0.518,-0.084,7,5,0,0,1,0.1125,4.88,-0.23,0.72,1
1,1.0,1.355,51.3,1.288,22.984,-0.112,0.581,7,5,0,1,1,0.0892,4.95,-0.1,4.71,1
1,0.728,0.896,56.4,1.37,31.301,0.094,2.435,11,5,0,2,1,0.1258,4.74,-0.51,0.84,1
0,1.0,1.062,53.3,3.42,33.66,1.509,0.369,20,5,0,2,2,0.0716,0.38,-0.79,2.8,1
0,0.585,1.054,46.6,3.097,26.224,0.846,-2.258,7,1,0,0,1,0.0465,5.04,-0.33,9.03,1
1,0.593,0.948,47.7,3.314,30.393,-0.609,0.891,10,1,0,1,1,0.0582,0.3,-0.94,-9.63,0
1,1.0,1.078,47.9,3.231,33.851,-0.646,-0.488,12,1,1,2,1,0.0663,5.14,-0.3,6.34,1
0,1.0,1.107,54.8,2.796,36.105,1.033,0.485,14,1,0,2,2,0.0655,4.08,-0.63,1.69,1
1,0.65,0.744,51.0,4.365,56.689,0.274,1.52,16,1,0,3,2,0.1047,4.12,-0.07,2.05,1
1,1.0,1.161,42.3,2.627,30.448,-1.576,0.259,7,2,0,1,0,0.0565,0.04,-0.87,-9.92,0
1,0.729,1.346,39.9,1.654,20.642,-1.991,1.157,8,2,1,2,0,0.0414,4.43,-0.34,5.55,1
0,0.657,0.842,49.4,1.707,35.916,-0.207,-1.015,11,2,0,2,1,0.0686,0.69,-0.59,-8.16,0
0,0.51,0.795,60.7,2.256,34.887,3.637,-1.271,17,2,1,2,2,0.0458,0.03,-0.83,-12.23,0
0,0.692,0.612,53.1,5.15,68.472,3.549,-1.119,18,2,2,2,3,0.0874,0.64,-0.97,-6.41,0
0,1.0,1.126,56.5,2.717,42.624,1.176,0.719,8,3,0,0,1,0.0553,4.16,-0.66,3.19,1
0,0.519,0.911,55.0,3.386,55.385,0.711,1.483,10,3,0,0,2,0.0722,0.72,-0.92,-7.75,0
0,1.0,1.138,66.6,2.72,46.947,2.577,0.581,11,3,1,0,3,0.0573,4.81,-0.44,1.23,1
1,1.0,0.928,41.4,4.985,68.102,-1.096,0.146,20,3,0,1,3,0.0746,-0.03,-0.96,-7.51,0
0,0.797,0.856,54.2,0.472,47.227,0.995,-0.471,8,4,0,0,1,0.0681,-0.04,-0.93,-8.22,0
1,0.638,0.905,51.1,0.63,41.238,0.403,0.148,10,4,1,1,1,0.0593,5.02,-0.03,1.87,1
0,0.629,1.226,45.6,0.687,29.716,0.007,-0.635,13,4,0,1,2,0.0418,0.48,-0.82,-13.4,0
1,0.681,1.437,48.0,0.481,20.209,-0.043,-0.144,14,4,1,2,2,0.0281,4.14,-0.97,6.73,1
0,0.757,0.713,47.1,1.772,70.15,-0.582,0.135,19,4,0,2,3,0.0963,0.17,-0.8,-5.82,0
1,0.897,0.96,46.2,1.443,51.616,-1.1,1.407,8,5,0,1,0,0.077,0.27,-0.9,-7.27,0
0,1.0,0.907,53.7,1.024,54.138,0.197,0.259,10,5,1,1,1,0.0793,0.39,-0.82,-7.06,0
1,1.0,1.006,51.3,0.886,55.311,0.129,-0.602,11,5,2,2,1,0.0809,0.23,-0.78,-6.93,0
1,1.0,0.622,55.1,3.104,53.28,2.431,-0.049,17,5,3,3,1,0.0572,0.43,-0.61,-9.8,0
0,0.623,1.237,67.3,1.631,42.261,3.654,1.388,8,1,0,0,1,0.0487,0.67,-0.85,-11.5,0
0,0.5,0.873,62.3,2.938,58.16,3.347,1.181,10,1,1,0,2,0.0648,1.11,-0.84,-4.32,0
0,0.944,0.97,52.9,2.812,45.211,1.881,-2.183,15,1,1,0,3,0.0451,0.73,-0.86,5.61,1
0,1.0,1.071,49.0,2.79,48.064,-0.141,0.273,7,2,0,0,1,0.0494,3.86,-0.08,1.41,1
0,0.976,0.849,57.0,2.878,55.398,1.096,-1.073,9,2,0,0,2,0.0554,4.13,-0.7,2.49,1
1,1.0,1.384,50.5,1.924,43.084,-0.006,1.039,13,2,0,1,2,0.0437,5.02,-0.13,9.62,1
1,1.0,1.015,47.0,1.28,28.303,-0.854,1.919,15,2,0,2,2,0.0299,0.64,-0.29,-5.17,0
0,0.887,1.111,51.4,1.2,56.346,0.773,-0.754,8,3,0,0,1,0.0647,0.62,-0.8,-8.65,0
0,0.919,1.019,47.1,1.708,63.304,0.692,-2.554,11,3,1,0,2,0.0699,0.01,-0.97,-8.02,0
1,1.0,0.657,41.7,1.339,63.761,-2.006,-0.687,16,3,2,1,2,0.0747,4.05,-0.19,5.63,1
0,0.726,0.617,56.1,1.781,99.531,0.92,0.311,18,3,0,1,3,0.1123,4.66,-0.11,3.74,1
0,1.0,1.167,48.7,-0.399,36.441,-0.561,0.337,8,4,0,0,1,0.052,3.99,-0.22,8.08,1
0,0.787,0.83,41.4,-0.913,53.952,-1.768,-0.259,11,4,0,0,2,0.0832,5.02,-0.12,1.38,1
1,1.0,0.881,43.4,-1.169,51.297,-1.833,0.086,12,4,0,1,2,0.0802,4.48,-0.34,5.24,1
1,0.491,1.608,57.1,-0.333,16.718,0.814,1.512,13,4,0,2,2,0.0234,0.73,-0.42,8.79,1
1,1.0,0.689,51.2,-0.133,46.454,0.742,-0.419,17,4,0,3,2,0.0634,0.41,-0.76,-8.84,0
1,0.847,1.18,51.8,0.868,39.911,-0.312,1.275,9,5,0,1,0,0.0549,4.01,-0.73,3.56,1
0,0.724,0.808,37.1,0.948,63.444,-1.355,-1.287,12,5,0,1,1,0.0877,0.97,-0.63,9.57,1
0,0.649,0.658,52.8,1.32,97.151,0.614,-0.539,18,5,0,1,2,0.131,3.81,-0.41,3.21,1
1,0.518,1.149,43.4,0.94,85.552,-1.588,0.448,20,5,0,2,2,0.1202,0.47,-0.4,1.06,1
1,1.0,1.399,48.8,0.135,37.882,-0.566,1.059,7,1,0,1,0,0.0673,4.94,-0.05,2.16,1
0,0.685,0.911,51.8,0.207,50.488,0.409,0.311,9,1,0,1,1,0.0869,5.2,-0.11,4.83,1
0,1.0,1.344,63.6,0.265,29.583,2.506,0.614,14,1,0,1,2,0.0446,0.5,-0.97,-12.56,0
0,1.0,0.757,59.9,2.168,59.984,3.934,0.325,17,1,1,1,3,0.0753,4.24,-0.4,2.22,1
1,0.918,0.735,56.2,3.579,73.043,2.64,1.735,19,1,0,2,3,0.0922,0.86,-0.52,-6.08,0
0,1.0,1.368,57.1,2.063,48.957,1.55,-0.818,7,2,0,0,1,0.0632,0.84,-0.85,-8.86,0
0,0.737,0.845,58.5,3.062,66.439,2.293,-0.1,10,2,1,0,2,0.0818,4.27,-0.39,5.14,1
1,0.667,0.928,52.4,3.289,68.33,0.75,0.984,11,2,0,1,2,0.0853,5.55,-0.33,1.71,1
0,0.788,0.632,49.8,1.9,56.277,-0.414,0.696,17,2,0,1,3,0.0736,0.43,-0.88,-7.61,0
1,1.0,0.937,41.9,-0.234,35.881,-2.309,0.524,9,3,0,1,0,0.0641,4.98,-0.04,1.59,1
1,0.563,0.854,46.9,-0.472,40.042,-1.201,-0.468,10,3,0,2,0,0.0709,0.2,-0.96,-7.9,0
1,0.583,1.115,40.6,-0.608,31.016,-1.635,0.04,11,3,1,3,0,0.0568,4.21,-0.14,2.92,1
0,0.827,1.161,57.7,-0.461,31.411,1.457,0.245,13,3,0,3,1,0.05,0.14,-0.99,-11.2,0
0,0.726,0.711,58.5,0.399,61.949,2.87,0.779,16,3,1,3,2,0.0918,4.21,-0.96,4.58,1
1,1.0,0.835,60.0,-0.982,33.881,2.762,-1.126,10,4,0,1,0,0.0644,0.36,-0.91,-8.69,0
0,0.627,1.129,52.7,-0.165,27.746,0.956,0.214,12,4,1,1,1,0.0529,4.1,-0.22,7.94,1
0,0.824,1.232,39.6,-0.464,10.575,-2.403,0.174,15,4,0,1,2,0.0301,0.16,-0.97,-10.66,0
0,1.0,0.575,39.9,-2.869,36.463,-1.983,-1.435,18,4,1,1,3,0.0981,0.4,-0.91,-5.71,0
0,1.0,1.028,53.8,-0.332,24.909,0.493,0.293,8,5,0,0,1,0.0621,0.77,-0.78,-9.03,0
0,1.0,0.729,51.7,-0.455,41.922,1.011,-0.497,10,5,1,0,2,0.0994,5.25,-0.46,4.23,1
1,0.634,1.258,45.0,-0.202,25.327,-0.933,0.895,12,5,0,1,2,0.0654,0.24,-0.99,-8.57,0
1,0.794,0.717,55.3,0.262,34.408,2.164,0.304,16,5,1,2,2,0.0699,0.97,-0.5,12.02,1
0,0.562,0.678,59.9,2.543,72.546,4.613,-1.232,19,5,0,2,3,0.129,0.11,-0.98,-4.35,0
0,1.0,1.14,64.6,2.209,34.923,3.295,0.924,8,1,0,0,1,0.0535,0.04,-0.86,-10.47,0
0,0.701,0.854,60.7,2.931,43.845,3.498,0.298,9,1,1,0,2,0.064,0.37,-0.84,-8.75,0
0,0.848,0.771,55.8,3.835,51.485,2.729,0.197,10,1,2,0,3,0.0743,-0.01,-0.9,-7.54,0
1,1.0,0.92,51.4,4.309,52.553,1.503,-0.717,12,1,3,1,3,0.0752,0.2,-0.71,-7.45,0
1,0.704,1.437,46.7,2.494,29.174,-0.18,1.675,12,1,4,2,3,0.0435,4.97,-0.92,9.65,1
0,1.0,0.924,55.5,3.443,49.166,2.586,0.512,11,2,0,0,1,0.0513,4.89,-0.16,1.98,1
0,1.0,1.003,52.7,3.771,47.328,1.071,0.612,13,2,0,0,2,0.0493,1.01,-0.29,8.51,1
1,1.0,1.421,43.5,2.287,27.349,-0.727,-0.396,14,2,0,1,2,0.0302,0.71,-0.59,-18.57,0
0,0.999,1.003,43.8,2.783,37.536,-0.963,-0.85,16,2,1,1,3,0.0418,0.0,-0.78,-13.39,0
0,0.933,1.119,48.7,1.733,49.031,0.712,-0.228,7,3,0,0,1,0.0611,0.1,-0.97,-9.17,0
0,0.559,1.071,53.1,2.153,55.244,1.361,-1.13,8,3,1,0,2,0.0668,4.27,-0.28,6.29,1
1,0.463,0.943,60.9,1.897,59.996,0.821,1.071,12,3,0,1,2,0.0759,0.56,-0.86,-8.43,0
1,0.626,1.342,41.3,0.468,23.696,-1.37,0.184,15,3,1,2,2,0.0332,0.1,-0.96,-16.88,0
1,0.538,0.978,57.3,-1.179,30.681,-0.502,2.531,20,3,2,3,2,0.0531,3.87,-0.1,7.91,1
1,1.0,1.423,42.6,0.028,13.022,-1.47,-0.398,14,4,0,1,0,0.0246,0.77,-0.91,-0.43,0
0,0.656,0.901,52.7,-0.608,25.841,0.365,-0.227,18,4,1,1,1,0.046,0.21,-0.99,-12.18,0
1,0.45,0.918,60.4,0.26,45.584,1.558,2.983,11,5,0,1,0,0.0789,0.3,-0.97,-8.11,0
1,1.0,0.914,59.9,0.563,29.674,2.642,0.634,15,5,1,2,0,0.0413,0.89,-0.85,3.41,1
0,1.0,1.14,60.2,2.079,31.194,2.56,0.089,7,1,0,0,1,0.0379,4.3,-0.46,5.09,1
1,0.93,0.927,49.9,2.518,35.622,0.933,0.149,8,1,0,1,1,0.045,4.39,-0.38,4.5,1
0,0.662,0.688,44.7,3.883,52.16,0.379,-1.932,9,1,0,1,2,0.065,4.69,-0.25,2.16,1
0,0.848,1.143,59.7,2.697,40.869,1.894,-0.593,12,1,0,1,3,0.047,5.05,-0.17,8.94,1
1,1.0,0.609,43.6,3.991,61.56,-0.292,-2.025,17,1,0,2,3,0.0699,4.16,-0.8,1.0,1
1,1.0,0.937,48.0,3.292,49.7,-0.073,-0.918,18,1,0,3,3,0.0562,4.18,-0.92,4.45,1
1,0.825,0.881,43.1,1.062,20.933,-3.018,1.674,10,2,0,1,0,0.0305,3.8,-0.52,4.63,1
0,1.0,0.796,45.7,0.347,28.176,-1.355,-1.071,12,2,0,1,1,0.04,0.04,-0.74,-14.02,0
0,1.0,1.377,49.6,0.385,18.562,0.758,-1.926,15,2,1,1,2,0.0219,0.35,-1.0,-25.52,0
0,0.588,0.561,47.7,1.817,53.57,1.041,-1.866,17,2,2,1,3,0.0604,0.69,-0.85,-9.28,0
1,0.742,1.105,48.3,1.87,41.69,-0.276,0.033,7,3,0,1,0,0.0466,4.9,-0.18,9.01,1
1,1.0,0.916,58.4,2.34,50.853,2.772,0.035,9,3,0,2,0,0.0484,0.46,-0.94,-11.57,0
1,0.528,0.837,44.0,3.172,57.483,-0.061,-0.539,11,3,1,3,0,0.0565,0.49,-0.38,14.87,1
0,0.679,0.516,37.0,2.317,66.656,-2.682,-2.736,17,3,0,3,1,0.0731,0.9,-0.26,11.49,1
0,0.65,0.943,41.1,1.267,51.327,-1.689,-2.757,20,3,0,3,2,0.0573,0.08,-0.79,-9.77,0
0,1.0,0.824,58.4,1.217,56.387,2.099,1.529,10,4,0,0,1,0.0616,0.22,-0.95,-9.09,0
0,1.0,0.873,61.5,1.464,61.374,2.395,0.114,11,4,1,0,2,0.0654,0.19,-0.9,-8.57,0
0,0.736,1.162,58.7,1.265,44.695,1.684,0.001,12,4,2,0,3,0.047,0.95,-0.96,-11.92,0
0,0.799,0.829,55.3,-0.286,53.887,1.878,-0.574,8,5,0,0,1,0.0734,0.38,-0.91,-7.62,0
0,0.454,0.899,45.6,0.12,52.394,0.115,0.423,9,5,1,0,2,0.0726,-0.03,-0.94,-8.82,0
0,1.0,0.931,52.4,0.491,55.363,0.974,-0.71,10,5,2,0,3,0.0749,0.13,-0.91,-7.47,0
0,0.718,1.036,51.2,2.529,35.932,0.995,-1.937,8,1,0,0,1,0.036,0.43,-0.74,-15.58,0
1,1.0,0.984,42.3,2.954,42.63,-0.571,-1.515,11,1,1,1,1,0.0431,0.66,-0.96,-12.98,0
0,0.594,1.107,56.5,1.797,31.427,1.31,-1.187,15,1,2,1,2,0.0294,0.32,-0.89,-19.05,0
0,0.815,0.695,51.8,3.008,50.416,1.062,0.289,17,1,3,1,3,0.0462,0.62,-0.99,-12.11,0
1,0.948,0.9,56.2,5.132,85.712,1.435,0.797,20,1,4,2,3,0.0761,4.48,-0.82,5.51,1
1,0.797,1.174,41.0,1.694,34.2,-1.842,0.325,8,2,0,1,0,0.0362,4.03,-0.26,11.6,1
0,0.56,0.787,53.0,1.802,59.509,0.602,-1.043,11,2,0,1,1,0.0592,0.69,-0.99,-9.46,0
0,0.813,1.17,54.9,1.346,43.506,1.098,-1.17,12,2,1,1,2,0.0419,0.1,-0.94,-13.37,0
0,0.869,1.256,51.7,1.331,36.995,1.186,-2.243,13,2,2,1,3,0.0341,0.61,-0.93,-16.45,0
0,1.0,0.817,57.5,4.438,73.284,2.336,-0.474,8,3,0,0,1,0.055,4.79,-0.45,2.36,1
1,0.896,1.174,44.9,3.439,53.628,0.092,-1.903,10,3,0,1,1,0.0404,3.95,-0.75,4.54,1
0,0.705,0.696,53.5,3.747,70.792,1.524,-1.055,17,3,0,1,2,0.0499,4.08,-0.17,8.42,1
1,0.884,0.817,47.7,3.214,59.86,0.385,-1.085,17,3,0,2,2,0.0428,0.58,-0.93,-13.08,0
1,0.801,1.093,48.7,2.53,47.034,0.098,0.26,18,3,1,3,2,0.0338,0.71,-0.33,-16.58,0
1,0.627,1.216,44.5,1.164,43.951,-0.377,-0.009,7,4,0,1,0,0.0373,4.36,-0.79,11.25,1
0,0.757,1.534,45.2,1.153,36.175,-0.039,-2.245,13,4,0,1,1,0.0289,4.99,-0.04,16.6,1
1,1.0,1.016,42.5,0.669,25.421,-1.8,-1.034,15,4,0,2,1,0.0234,0.59,-0.65,-23.96,0
1,0.8,1.109,42.7,-1.09,20.567,-1.237,-0.802,7,5,0,1,0,0.0293,4.96,-0.21,14.33,1
0,1.0,1.034,57.9,-0.64,28.164,2.162,-0.391,10,5,0,1,1,0.0316,4.42,-0.51,4.83,1
1,0.617,1.151,48.1,-0.163,23.771,-0.244,0.274,13,5,0,2,1,0.0281,1.02,-0.8,-9.97,0
1,1.0,1.318,47.7,-0.183,18.174,-0.397,0.493,14,5,1,3,1,0.0219,5.6,-0.38,19.14,1
0,0.994,0.754,54.4,-0.201,24.663,0.756,0.571,18,5,0,3,2,0.0276,0.32,-0.93,-20.32,0
0,1.0,0.985,52.7,2.669,45.271,1.408,0.458,8,1,0,0,1,0.0401,0.28,-0.95,-13.95,0
1,1.0,0.766,47.3,3.686,59.473,0.561,-1.328,9,1,1,1,1,0.0525,4.56,-0.08,2.85,1
0,0.818,0.946,55.2,3.569,56.364,1.404,0.265,11,1,0,1,2,0.0482,-0.03,-0.73,-11.62,0
1,0.832,0.952,53.0,3.709,59.934,0.829,1.062,12,1,1,2,2,0.0514,4.75,-0.23,2.68,1
0,0.704,1.343,57.7,2.216,37.665,1.21,-0.176,13,1,0,2,3,0.031,-0.0,-0.89,-18.06,0
1,0.765,0.946,47.8,3.421,53.104,-0.081,-0.096,19,1,1,3,3,0.0409,5.0,-0.05,10.27,1
0,0.537,0.627,52.5,2.192,34.702,0.124,-1.055,8,2,0,0,1,0.026,0.04,-0.8,-21.57,0
1,1.0,0.705,46.5,1.925,40.205,-0.502,0.562,10,2,1,1,1,0.0303,5.01,-0.03,5.82,1
1,1.0,1.369,53.0,1.137,24.743,-0.292,0.868,13,2,0,2,1,0.0196,4.9,-0.43,21.48,1
1,0.605,0.697,54.0,2.431,59.78,1.589,-0.264,18,2,0,3,1,0.0421,0.49,-0.72,-13.3,0
0,0.802,1.071,51.7,3.379,59.532,1.697,-1.588,9,3,0,0,1,0.0367,4.77,-0.53,11.44,1
0,0.749,1.2,32.0,2.807,46.682,-1.601,-4.296,9,3,0,0,2,0.0305,0.57,-0.11,27.53,1
1,0.6,0.991,45.0,2.321,39.75,-0.996,1.197,12,3,0,1,2,0.0263,5.53,-0.56,15.97,1
0,0.752,1.204,53.6,1.622,34.87,0.558,-0.703,14,3,0,1,3,0.0221,4.35,-0.21,6.22,1
1,1.0,1.068,45.4,1.442,33.171,-0.511,-0.038,16,3,0,2,3,0.0217,1.02,-0.77,12.1,1
1,1.0,0.96,62.2,2.319,53.748,1.561,2.446,7,4,0,1,0,0.0335,0.39,-0.81,-16.71,0
0,0.595,0.908,61.3,3.177,78.442,2.16,0.209,11,4,1,1,1,0.0471,1.18,-0.79,-5.95,0
0,1.0,0.907,45.6,2.521,50.113,0.616,-2.009,18,4,1,1,2,0.0267,0.06,-0.97,-20.99,0
1,0.896,0.949,50.5,2.338,47.144,1.091,-0.886,18,4,2,2,2,0.0247,3.9,-0.04,16.97,1
1,0.584,1.395,42.9,1.807,26.165,-0.879,0.192,8,5,0,1,0,0.0131,0.23,-0.89,-21.41,0
0,1.0,1.234,42.8,1.891,26.777,-1.218,0.977,8,5,1,1,1,0.0137,1.45,-0.75,26.55,1
1,0.625,1.468,48.0,0.968,22.74,-0.922,0.623,12,5,0,2,1,0.0123,0.01,-0.99,-22.75,0
0,0.545,1.305,43.7,0.935,24.162,-1.528,-0.501,13,5,1,2,2,0.0136,0.64,-0.74,30.88,1
1,0.623,1.217,37.5,0.848,20.527,-2.366,-2.142,13,5,0,3,2,0.0123,0.38,-0.67,-22.69,0
1,0.743,1.339,54.6,-0.21,24.559,0.126,1.877,7,1,0,1,0,0.0202,4.09,-0.14,10.08,1
0,1.0,0.783,48.7,-0.349,42.76,0.091,-1.023,8,1,0,1,1,0.0345,0.44,-0.81,-16.23,0
1,0.926,0.892,52.7,-0.408,42.159,0.546,-0.722,10,1,1,2,1,0.0335,4.25,-0.79,12.52,1
0,1.0,1.348,57.8,0.45,24.995,2.186,1.029,14,1,0,2,2,0.0155,0.19,-0.93,-18.1,0
0,0.831,1.23,49.3,1.217,39.102,-0.575,-0.704,7,2,0,0,1,0.0259,5.2,-0.15,16.22,1
1,0.703,0.795,44.5,-0.074,24.698,-2.657,0.352,10,2,0,1,1,0.022,0.61,-1.0,-25.46,0
1,0.824,0.687,43.5,-2.093,5.034,-2.951,0.563,16,2,1,2,1,0.0155,0.02,-0.99,-18.05,0
1,0.626,0.778,45.2,-2.24,3.694,-2.343,0.439,17,2,2,3,1,0.0137,0.7,-0.66,14.22,1
1,1.0,1.053,48.2,-2.213,8.49,0.648,-2.612,7,3,0,1,0,0.0211,0.63,-0.76,-26.53,0
1,0.45,1.011,43.4,-1.563,0.541,-1.841,0.977,10,3,1,2,0,0.0134,0.63,-0.6,-23.94,0
0,1.0,0.898,44.1,-2.049,-2.66,-2.116,0.263,12,3,2,2,1,0.0126,0.07,-0.89,-22.26,0
0,1.0,0.842,48.5,-2.317,-2.239,-1.363,0.851,12,3,3,2,2,0.0142,0.89,-0.69,-19.69,0
0,0.865,0.855,51.4,-2.39,-1.877,0.035,-1.083,17,3,4,2,3,0.0152,0.14,-0.32,-8.82,0
1,1.0,1.317,58.1,-0.955,5.861,1.934,0.308,7,4,0,1,0,0.021,0.02,-0.69,-26.7,0
1,1.0,1.237,50.3,-0.818,4.338,0.481,1.089,8,4,1,2,0,0.02,3.97,-0.14,8.55,1
0,1.0,0.817,56.9,-0.665,8.358,1.638,0.56,10,4,0,2,1,0.0285,5.43,-0.14,14.75,1
0,1.0,0.918,49.6,-0.614,6.811,0.401,-0.857,10,4,0,2,2,0.0263,5.37,-0.18,4.59,1
1,0.508,1.052,53.1,-0.519,6.104,0.636,0.228,11,4,0,3,2,0.0228,0.1,-0.92,-24.58,0
0,0.909,0.752,48.7,0.589,14.453,-0.029,-0.848,18,4,1,3,3,0.0383,4.17,-0.19,10.96,1
1,0.813,0.947,48.6,-1.645,-2.174,-1.148,-0.014,11,5,0,1,0,0.0254,0.48,-0.51,33.1,1
0,1.0,1.217,56.7,-1.409,0.037,0.915,1.594,12,5,0,1,1,0.0202,0.08,-1.0,-27.77,0
0,0.88,1.118,58.1,-0.86,4.094,2.062,-0.434,14,5,1,1,2,0.0164,0.36,-0.98,-17.09,0
1,0.527,0.955,37.2,-1.435,-3.306,-2.096,-1.072,8,1,0,1,0,0.0381,-0.02,-0.96,-14.69,0
1,0.813,1.065,48.3,-1.377,-5.214,-1.141,2.026,12,1,1,2,0,0.0204,4.49,-0.29,7.36,1
0,0.627,0.859,52.5,-1.879,-5.703,-0.122,-0.883,13,1,0,2,1,0.0266,4.78,-0.43,15.78,1
1,1.0,1.137,38.2,-1.3,-8.051,-2.414,0.632,15,1,0,3,1,0.0157,1.3,-0.42,21.34,1
0,1.0,0.692,55.6,-3.506,-14.248,0.569,-0.624,18,1,0,3,2,0.0352,3.91,-0.31,1.99,1
0,0.724,0.877,45.4,-3.295,-14.337,-0.667,-1.513,19,1,0,3,3,0.0325,4.78,-0.02,12.91,1
1,0.744,1.08,36.7,-2.113,-16.97,-3.052,0.256,7,2,0,1,0,0.0223,0.02,-0.97,-25.07,0
0,1.0,1.105,42.4,-2.642,-18.391,-2.356,-0.733,10,2,1,1,1,0.0196,0.26,-0.89,-28.59,0
0,0.799,0.988,53.3,-2.955,-18.341,-0.481,0.123,11,2,2,1,2,0.0212,0.85,-1.0,-26.43,0
1,0.939,1.165,50.0,-2.842,-17.138,0.02,-1.26,13,2,3,2,2,0.0206,4.7,-0.24,20.4,1
1,1.0,0.913,53.7,-2.556,-17.41,1.462,-0.93,16,2,0,3,2,0.0275,4.73,-0.18,3.75,1
0,0.437,0.845,45.2,-1.935,-23.541,-0.265,-0.413,20,2,0,3,3,0.0361,0.57,-0.77,26.63,1
1,0.59,1.054,47.1,1.125,-6.963,0.114,-1.328,13,3,0,1,0,0.0295,0.16,-0.97,-18.99,0
1,0.93,1.16,41.9,0.953,-6.966,-0.795,-1.262,13,3,1,2,0,0.025,4.13,-0.12,2.8,1
1,1.0,0.954,37.1,0.631,-10.11,-1.984,-1.068,16,3,0,3,0,0.029,0.28,-0.94,-19.33,0
0,0.663,1.04,54.9,-0.68,-9.921,1.128,0.338,7,4,0,0,1,0.0217,1.0,-0.97,-25.82,0
1,0.704,0.998,48.5,-0.09,-9.274,0.661,-0.209,10,4,1,1,1,0.0257,0.08,-0.84,-21.79,0
1,1.0,0.977,40.3,0.045,-11.571,-1.018,-0.684,11,4,2,2,1,0.0267,4.22,-0.33,2.62,1
0,1.0,1.348,53.5,0.086,-5.054,0.73,-1.866,14,4,0,2,2,0.0154,0.25,-0.94,-14.23,0
0,0.851,0.722,49.0,0.871,-9.46,0.636,-0.93,18,4,1,2,3,0.0345,0.1,-1.0,-16.23,0
0,0.837,1.07,52.5,0.438,-6.306,0.265,-0.182,7,5,0,0,1,0.0283,0.15,-0.85,-19.78,0
0,0.917,0.921,53.8,0.584,-5.583,1.088,-1.432,8,5,1,0,2,0.0338,5.45,-0.83,12.44,1
0,0.983,0.846,43.2,0.747,-8.85,-1.021,-1.203,10,5,0,0,3,0.0374,0.65,-0.96,-14.98,0
1,0.62,1.319,55.9,0.429,-2.928,1.102,0.885,14,5,1,1,3,0.0227,0.12,-0.9,-24.68,0
1,1.0,1.152,48.4,0.478,-4.011,-0.086,0.389,15,5,2,2,3,0.0226,0.44,-0.51,-24.74,0
1,0.705,0.742,49.9,0.086,-10.022,-0.324,1.554,19,5,3,3,3,0.0359,0.95,-0.42,-16.73,0
0,0.744,1.016,52.0,0.506,-4.746,1.053,-0.358,7,1,0,0,1,0.0372,0.22,-0.9,-15.06,0
0,0.67,0.966,51.6,0.735,-4.135,1.129,-0.909,8,1,1,0,2,0.0402,4.44,-0.13,1.97,1
1,1.0,0.851,40.6,0.566,-9.106,-1.989,0.152,11,1,0,1,2,0.0412,4.67,-0.71,3.92,1
0,1.0,1.016,59.5,0.254,-5.1,1.345,0.062,14,1,0,1,3,0.041,5.83,-0.73,10.23,1
1,1.0,1.219,49.4,0.196,-4.555,0.214,-0.641,14,1,0,2,3,0.0316,5.54,-0.02,13.31,1
1,0.754,1.168,49.1,0.302,-3.784,-0.311,1.451,16,1,0,3,3,0.0227,0.27,-0.74,-24.62,0
1,1.0,1.146,59.0,-0.621,-8.278,0.497,1.443,7,2,0,1,0,0.0304,4.33,-0.2,6.76,1
0,1.0,0.819,50.0,-0.445,-11.262,0.266,0.342,11,2,0,1,2,0.0488,0.92,-0.91,0.25,1
1,1.0,0.759,53.2,-0.359,-12.562,0.752,0.165,12,2,1,2,2,0.0571,0.45,-0.9,-9.81,0
1,1.0,1.226,46.9,-0.293,-8.799,-0.432,1.124,13,2,2,3,2,0.0351,-0.02,-0.87,-15.95,0
0,0.759,1.142,47.1,-0.605,-9.067,-1.35,-0.068,16,2,3,3,3,0.0208,-0.0,-0.8,-26.98,0
0,0.644,1.154,47.4,-0.669,-12.372,0.592,-1.249,7,3,0,0,1,0.0374,0.33,-0.88,-14.96,0
1,0.456,0.955,45.6,-0.234,-13.833,-0.638,0.347,10,3,1,1,1,0.0425,0.41,-0.97,-15.06,0
1,0.971,0.904,46.8,-0.236,-15.17,-0.922,0.571,11,3,2,2,1,0.0436,3.8,-0.16,1.61,1
0,1.0,0.853,53.6,-0.281,-16.209,0.338,1.076,13,3,0,2,2,0.0502,0.12,-0.98,-11.16,0
0,0.513,1.167,51.9,-0.209,-8.951,0.788,-0.797,14,3,1,2,3,0.0328,5.2,-0.28,3.08,1
1,0.525,0.783,51.0,1.836,-4.108,1.152,0.931,10,4,0,1,0,0.0642,5.0,-0.4,6.53,1
0,0.864,1.089,54.4,1.932,-1.869,1.384,-0.831,12,4,0,1,1,0.0511,4.86,-0.27,8.21,1
1,1.0,1.328,34.7,0.712,-5.443,-2.483,-0.843,15,4,0,2,1,0.0251,0.42,-0.75,-22.33,0
0,0.712,0.728,56.3,-0.039,-7.857,0.878,0.135,19,4,1,2,2,0.0483,5.33,-0.12,3.55,1
0,0.419,0.685,42.0,-0.154,-11.587,-1.243,-0.565,20,4,0,2,3,0.057,1.26,-0.56,8.43,1
0,0.682,0.925,57.7,1.042,-2.055,1.811,-0.073,9,5,0,0,1,0.0546,4.4,-0.28,1.28,1
0,0.923,1.296,52.3,0.735,-2.238,0.243,0.977,12,5,0,0,2,0.0353,4.55,-0.09,11.89,1
1,0.668,1.079,46.5,0.67,-4.023,-0.815,0.374,13,5,0,1,2,0.0392,4.68,-1.0,2.42,1
0,0.641,0.949,53.0,0.185,-4.179,0.047,1.015,16,5,0,1,3,0.0357,0.08,-0.94,-15.67,0
1,0.668,0.849,49.0,0.517,-3.249,-0.071,-0.618,20,5,1,2,3,0.0404,0.45,-0.62,3.01,1
0,1.0,1.096,56.3,3.109,14.707,2.456,0.132,8,1,0,0,1,0.0422,0.0,-0.9,-13.26,0
0,1.0,1.075,57.6,3.041,15.317,2.648,0.512,8,1,1,0,2,0.0413,1.31,-0.85,-1.73,0
0,0.681,1.144,62.6,3.246,18.953,2.695,-1.178,13,1,1,0,3,0.0394,5.23,-0.31,10.66,1
1,0.897,1.4,42.1,2.202,10.486,-0.645,-0.443,14,1,0,1,3,0.027,3.64,-0.04,2.59,1
0,1.0,1.174,42.7,3.601,23.613,-1.156,-0.254,7,2,0,0,1,0.0398,0.7,-0.91,-14.08,0
1,1.0,0.876,53.1,4.075,35.457,0.95,-0.91,10,2,1,1,1,0.054,0.62,-0.93,-10.37,0
1,0.904,1.016,47.2,3.926,34.136,-0.324,-1.008,13,2,2,2,1,0.0534,4.01,-0.04,1.31,1
0,1.0,1.182,52.2,3.263,29.267,0.445,0.131,13,2,0,2,2,0.0444,5.54,-0.63,9.46,1
0,1.0,0.669,47.8,2.131,24.005,-1.624,0.314,17,2,0,2,3,0.0476,4.74,-0.38,2.51,1
0,0.931,0.964,55.8,0.634,21.051,0.848,-0.746,7,3,0,0,1,0.0448,4.37,-0.13,1.56,1
0,1.0,0.972,53.6,1.194,25.962,1.14,-1.358,12,3,0,0,2,0.048,4.22,-0.09,8.75,1
0,0.989,1.182,52.4,0.889,19.175,0.565,-0.365,14,3,0,0,3,0.0355,0.83,-0.93,-15.78,0
1,1.0,0.83,46.6,3.657,33.639,0.703,-0.388,20,3,1,1,3,0.0373,4.09,-0.61,11.25,1
0,0.996,0.775,57.6,3.898,46.325,1.562,-0.142,7,4,0,0,1,0.0501,0.34,-0.88,-11.18,0
1,1.0,1.123,55.3,2.666,32.603,1.84,-0.371,9,4,1,1,1,0.0319,0.91,-0.69,-17.58,0
1,0.948,1.063,43.2,2.802,32.079,-0.34,-0.825,11,4,2,2,1,0.0325,4.22,-0.15,5.62,1
1,0.525,1.059,45.9,2.973,33.573,-0.094,-1.445,13,4,0,3,1,0.0331,0.83,-0.88,-16.92,0
0,0.536,0.855,44.2,1.594,20.727,-1.545,-1.501,16,4,1,3,2,0.0246,4.38,-0.73,17.1,1
1,1.0,1.252,34.3,0.661,18.288,-2.293,-1.16,7,5,0,1,0,0.0288,0.09,-0.97,-19.46,0
1,0.945,1.226,34.9,0.638,16.456,-2.589,-0.493,7,5,1,2,0,0.0278,5.04,-0.18,4.48,1
1,0.961,1.147,54.4,0.417,17.752,-0.11,0.146,8,5,0,3,0,0.0266,0.47,-0.82,-21.06,0
0,0.602,0.645,53.5,-2.315,4.738,0.479,-1.599,17,5,1,3,1,0.0239,5.15,-1.0,17.56,1
0,0.815,0.945,53.1,-2.542,3.339,0.796,-0.399,10,1,0,0,1,0.0375,5.92,-0.3,11.21,1
0,0.953,1.071,46.7,-1.394,0.31,-0.561,-0.556,15,1,0,0,2,0.0244,5.06,-0.58,17.21,1
1,0.836,1.044,42.4,-1.364,-0.88,-1.279,-0.877,16,1,0,1,2,0.0242,4.2,-0.27,17.35,1
0,0.777,0.712,50.2,-2.152,0.884,0.095,-1.104,17,1,0,1,3,0.0383,4.37,-0.49,10.98,1
1,1.0,1.041,52.1,-2.694,-9.295,-0.4,0.637,7,2,0,1,0,0.0304,5.63,-0.2,13.8,1
0,0.642,1.181,61.6,-1.941,-4.496,1.984,-1.13,9,2,0,1,1,0.0252,0.34,-0.79,-22.19,0
0,1.0,0.951,59.2,-1.803,-3.8,2.12,0.783,11,2,1,1,2,0.0312,5.27,-0.7,5.26,1
1,0.915,1.21,56.4,-1.13,-3.274,1.101,0.944,13,2,0,2,2,0.0271,0.95,-0.56,30.97,1
0,0.518,1.271,61.9,-0.747,0.967,2.646,-1.004,14,2,0,2,3,0.0226,4.63,-0.36,18.59,1
1,1.0,1.113,45.3,-0.432,-1.338,-0.268,-0.579,16,2,0,3,3,0.0193,4.33,-0.15,7.32,1
1,0.644,0.942,51.7,0.621,5.584,1.258,-0.321,7,3,0,1,0,0.0426,1.05,-0.89,-6.56,0
0,0.743,1.328,48.8,1.053,6.267,0.321,-1.418,15,3,1,1,1,0.0223,1.02,-0.4,18.83,1
1,1.0,1.223,31.9,0.524,-0.071,-2.869,-1.189,17,3,0,2,1,0.0168,1.46,-0.18,25.07,1
0,0.703,0.72,51.2,0.43,2.719,-0.593,0.253,19,3,0,2,2,0.0292,5.07,-0.21,4.62,1
1,0.574,1.084,48.3,-0.423,-0.313,-0.63,1.143,7,4,0,1,0,0.0296,0.86,-0.9,-18.91,0
1,0.652,0.825,51.0,-0.702,-1.798,-0.104,0.7,12,4,1,3,0,0.0332,0.69,-0.96,-5.9,0
0,1.0,1.631,48.3,-0.154,0.476,0.195,-1.582,14,4,0,3,1,0.015,0.18,-0.92,-21.38,0
0,0.847,1.218,52.8,-0.045,1.718,0.89,-0.015,15,4,1,3,2,0.0166,1.35,-0.61,25.33,1
1,0.877,1.226,36.7,-0.673,-5.302,-2.398,-0.647,7,5,0,1,0,0.0241,4.04,-0.87,4.39,1
0,0.951,0.946,57.9,-0.887,-2.511,1.071,-0.775,9,5,0,1,1,0.025,4.95,-0.25,16.83,1
0,0.615,0.923,57.5,-0.441,-0.031,2.168,-1.234,14,5,0,1,2,0.028,1.02,-0.61,14.98,1
1,0.607,1.024,50.3,-0.234,-0.504,0.563,-0.248,15,5,0,2,2,0.0236,4.19,-0.39,17.83,1
0,0.761,0.894,53.8,-1.025,-4.175,0.552,0.178,7,1,0,0,1,0.0433,0.32,-0.9,-12.93,0
0,0.772,1.113,56.3,-0.625,-1.956,1.08,0.159,8,1,1,0,2,0.0334,0.12,-0.77,-16.76,0
0,1.0,0.942,60.8,-0.585,-0.563,2.149,1.288,9,1,2,0,3,0.0395,0.42,-0.78,-14.17,0
1,0.635,0.9,52.1,-0.121,-0.624,0.867,0.782,11,1,3,1,3,0.043,4.59,-0.47,9.76,1
1,1.0,1.12,39.1,2.296,11.879,-1.378,-0.296,8,2,0,1,0,0.0373,0.66,-0.73,-15.01,0
0,1.0,1.194,44.7,1.508,7.779,-1.16,0.216,9,2,1,1,1,0.0287,-0.02,-0.97,-19.5,0
0,1.0,0.881,53.6,1.871,12.295,0.1,0.439,10,2,2,1,2,0.0395,0.76,-0.82,21.27,1
1,0.69,1.156,51.7,1.075,9.439,0.11,-0.7,13,2,0,2,2,0.0307,4.57,-0.03,13.67,1
0,0.718,0.985,52.5,0.889,9.714,0.9,-0.73,17,2,0,2,3,0.0256,4.09,-0.54,6.29,1
1,1.0,1.169,40.0,2.053,15.871,-1.21,0.864,7,3,0,1,0,0.0407,3.9,-0.43,10.32,1
0,0.759,1.098,56.8,1.958,18.556,1.085,-0.752,8,3,0,1,1,0.0413,4.25,-0.03,1.69,1
0,0.893,0.803,51.1,2.307,23.855,0.476,-0.382,10,3,0,1,2,0.0539,1.03,-0.69,-5.19,0
0,0.835,1.033,59.3,0.901,12.392,0.855,0.902,15,3,1,1,3,0.0283,0.29,-0.96,-19.81,0
0,0.513,1.053,43.0,0.799,20.134,-0.142,-1.739,9,4,0,0,1,0.0531,1.04,-0.12,7.92,1
0,1.0,0.773,52.3,1.29,27.369,0.464,-0.092,11,4,0,0,2,0.0717,4.43,-0.32,5.86,1
1,1.0,1.124,52.6,0.807,19.658,0.046,1.959,13,4,0,1,2,0.0533,0.99,-0.99,-3.84,0
1,0.557,0.766,50.7,0.805,29.469,-0.003,1.591,16,4,1,2,2,0.0796,3.94,-0.6,1.97,1
0,0.759,0.507,44.1,3.765,48.292,-0.486,-2.283,7,5,0,0,1,0.0994,4.77,-0.23,4.23,1
0,0.711,0.776,53.1,0.668,25.697,0.569,0.688,13,5,0,0,2,0.0589,0.62,-0.82,-9.5,0
0,1.0,0.835,59.5,2.605,33.325,2.879,-1.23,19,5,1,0,3,0.0486,0.5,-0.39,-1.98,0
0,0.773,0.911,50.2,2.767,26.851,0.069,-1.174,7,1,0,0,1,0.0416,0.36,-0.85,-13.47,0
0,0.843,0.845,54.6,2.82,30.849,1.486,-1.34,8,1,1,0,2,0.0436,1.03,-0.93,-6.41,0
0,0.75,1.082,58.6,2.378,29.202,2.034,1.15,10,1,1,0,3,0.0384,4.95,-0.52,3.54,1
1,0.853,1.563,45.2,1.247,13.44,-0.839,-0.696,14,1,0,1,3,0.0197,0.24,-0.98,-16.25,0
1,1.0,1.3,43.7,1.164,12.465,-1.286,0.356,15,1,1,2,3,0.0199,0.96,-0.57,15.22,1
1,0.785,0.826,50.2,1.216,25.825,-0.026,-0.994,20,1,0,3,3,0.039,0.54,-1.02,-14.38,0
0,1.0,0.894,45.7,0.154,24.856,-1.125,-0.764,8,2,0,0,1,0.0532,5.69,-0.79,7.9,1
0,0.999,0.924,57.5,-0.695,17.324,0.553,-0.574,12,2,0,0,2,0.043,0.08,-0.85,-13.01,0
0,1.0,1.334,53.1,-0.218,12.999,1.007,-0.838,15,2,1,0,3,0.0265,5.81,-0.08,15.83,1
1,1.0,1.457,29.8,-0.223,4.727,-2.844,-1.656,16,2,0,1,3,0.0188,4.31,-0.27,15.09,1
1,0.64,1.001,43.6,0.454,18.828,-1.573,0.763,7,3,0,1,0,0.0492,0.73,-0.88,-11.38,0
0,0.58,0.88,57.1,-0.364,23.001,0.728,0.003,12,3,1,1,1,0.0598,0.23,-0.78,-9.36,0
0,0.62,1.604,55.8,0.087,11.805,1.325,-1.352,14,3,2,1,2,0.0242,0.07,-0.79,-26.43,0
1,1.0,0.899,40.9,0.192,10.252,-1.422,-2.045,17,3,3,2,2,0.0261,0.69,-0.89,-21.5,0
1,0.799,0.843,42.0,-0.127,12.404,-1.832,-0.587,19,3,4,3,2,0.0349,4.21,-0.22,6.87,1
1,1.0,0.977,53.2,-0.791,15.975,0.977,-0.738,11,4,0,1,0,0.0511,0.07,-0.88,-10.97,0
1,0.664,1.209,53.6,-0.522,11.536,0.247,0.996,13,4,1,2,0,0.0399,-0.02,-0.02,-14.03,0
0,0.608,1.344,50.8,-0.26,8.7,0.351,-0.511,14,4,2,2,1,0.0281,0.83,-0.93,-19.96,0
0,0.619,0.874,53.6,-0.198,12.874,1.242,-0.078,16,4,3,2,2,0.0348,3.53,-0.93,5.75,1
0,0.783,1.148,61.7,0.694,23.1,2.391,-0.823,7,5,0,0,1,0.0554,-0.03,-0.87,-10.11,0
1,0.796,0.999,46.6,1.035,22.539,-0.015,0.137,9,5,1,1,1,0.0566,4.18,-0.35,2.91,1
1,1.0,0.886,45.1,1.355,28.686,-0.371,0.041,11,5,0,2,1,0.0713,4.28,-0.41,5.9,1
0,0.698,1.091,51.1,1.067,24.645,0.371,-0.653,12,5,0,2,2,0.0591,0.33,-0.93,-9.49,0
0,1.0,1.359,60.7,0.664,14.862,2.114,0.715,15,5,1,2,3,0.0266,5.46,-0.02,15.77,1
1,1.0,0.664,44.3,0.31,17.512,-2.174,-0.403,20,5,0,3,3,0.0555,-0.01,-0.94,-10.09,0
0,1.0,1.067,54.8,0.043,17.988,1.164,-0.768,7,1,0,0,1,0.0568,4.46,-0.21,7.4,1
1,1.0,1.08,47.4,0.013,12.734,-0.344,-0.056,9,1,0,1,1,0.045,0.47,-0.69,-12.44,0
1,0.597,0.952,42.0,-0.167,13.372,-1.222,-0.212,11,1,1,2,1,0.0529,5.57,-0.18,7.94,1
0,1.0,0.993,50.0,-0.256,13.684,-0.125,-0.489,12,1,0,2,2,0.0497,-0.02,-0.95,-11.27,0
1,0.624,1.339,42.4,-0.16,7.407,-1.004,-1.798,14,1,1,3,2,0.031,0.98,-0.73,-18.05,0
0,1.0,0.826,45.9,-0.452,6.104,-1.403,-1.226,16,1,2,3,3,0.0362,0.67,-0.83,5.89,1
1,0.682,0.759,55.0,-0.634,15.371,2.142,0.358,11,2,0,1,0,0.0666,0.59,-0.93,-8.4,0
1,0.64,0.789,48.7,-0.268,14.759,0.634,1.227,12,2,1,2,0,0.0669,4.73,-0.15,1.63,1
1,1.0,1.375,44.4,0.057,7.974,-0.271,-1.428,13,2,0,3,0,0.0377,0.37,-0.84,-14.86,0
0,0.837,0.891,51.0,0.271,9.039,0.742,-1.338,17,2,1,3,1,0.033,4.22,-0.04,4.01,1
0,0.814,0.633,51.2,0.556,15.645,0.401,-0.094,19,2,0,3,2,0.0606,0.27,-0.82,-9.24,0
0,0.777,0.771,51.2,0.662,16.66,0.585,-0.796,20,2,1,3,3,0.062,0.71,-0.75,3.61,1
0,0.878,1.116,50.4,0.399,13.306,-0.206,0.532,7,3,0,0,1,0.0587,4.0,-0.32,7.16,1
1,0.864,0.992,41.9,-0.403,9.003,-1.984,0.44,11,3,0,1,1,0.0619,4.35,-0.18,6.78,1
0,0.488,0.913,48.2,-0.648,12.216,-0.48,-0.392,12,3,0,1,2,0.0742,0.85,-0.86,-8.62,0
0,0.857,0.965,48.6,0.368,10.699,-0.885,-0.369,7,4,0,0,1,0.0493,0.26,-0.95,-11.37,0
0,1.0,1.042,44.5,0.268,11.128,-0.708,-1.657,9,4,1,0,2,0.0503,0.42,-0.95,-11.13,0
1,0.7,0.957,51.3,0.408,13.01,-0.051,0.785,12,4,2,1,2,0.0558,5.32,-0.06,3.42,1
1,0.67,1.15,43.0,0.36,9.657,-0.886,-2.33,13,4,0,2,2,0.0446,5.54,-0.47,9.41,1
0,0.587,0.699,59.1,1.937,23.908,3.839,-1.342,18,4,0,2,3,0.0405,0.99,-0.68,20.76,1
1,0.634,0.929,47.3,1.798,17.257,1.075,-1.697,19,4,0,3,3,0.0312,1.35,-0.81,22.81,1
1,0.588,1.026,56.3,3.44,30.957,2.07,0.498,13,5,0,1,0,0.0368,5.67,-0.11,11.43,1
0,1.0,0.524,52.1,1.275,25.125,-0.289,0.219,20,5,0,2,1,0.0393,0.88,-0.46,14.31,1
0,0.536,0.968,58.5,3.764,44.045,2.805,-1.307,7,1,0,0,1,0.0569,4.75,-0.65,7.38,1
0,0.77,1.086,58.1,3.266,38.574,1.888,0.797,8,1,0,0,2,0.0489,0.15,-0.97,-11.44,0
0,0.535,0.918,52.7,3.857,44.321,1.463,-0.63,9,1,1,0,3,0.0559,0.07,-0.89,-10.02,0
1,0.712,1.026,52.0,3.844,43.288,0.927,0.642,10,1,2,1,3,0.0547,0.6,-0.85,-10.24,0
1,1.0,1.019,40.6,3.472,39.395,-0.831,-0.662,11,1,3,2,3,0.0521,4.5,-0.06,8.06,1
1,1.0,0.804,54.5,4.782,59.213,0.93,0.263,12,1,0,3,3,0.075,0.65,-0.86,-7.47,0
0,1.0,0.779,52.9,-0.834,21.871,-0.278,-0.416,7,2,0,0,1,0.0517,5.04,-0.16,8.13,1
0,0.699,1.061,51.5,-0.647,16.042,-0.296,1.452,8,2,0,0,2,0.0403,4.02,-0.25,3.69,1
1,1.0,0.91,45.0,-0.925,18.486,-1.287,0.477,10,2,0,1,2,0.0503,0.44,-0.99,-11.14,0
1,0.551,0.863,47.0,-1.02,18.795,-1.084,0.341,11,2,1,2,2,0.0527,5.36,-0.4,7.96,1
0,1.0,1.09,63.4,-0.881,20.509,2.037,0.731,13,2,0,2,3,0.047,-0.01,-0.83,-11.92,0
1,1.0,1.091,37.7,1.068,20.77,-1.824,-0.503,8,3,0,1,0,0.0396,1.0,-0.9,-7.07,0
1,1.0,0.916,51.2,0.785,26.671,-0.233,2.183,11,3,1,2,0,0.0494,4.2,-0.72,8.51,1
0,1.0,0.72,57.1,0.864,20.96,1.199,0.67,17,3,0,2,1,0.0321,3.6,-0.9,2.18,1
1,0.743,0.74,49.5,1.047,22.936,0.263,-0.031,19,3,0,3,1,0.0358,4.06,-0.81,4.6,1
0,1.0,0.801,49.5,0.545,39.446,-0.583,0.344,11,4,0,0,1,0.076,4.3,-0.33,1.34,1
1,0.523,0.949,46.2,0.339,35.36,-1.08,-0.406,12,4,0,1,1,0.0704,0.24,-0.9,-7.96,0
1,1.0,1.378,46.1,0.094,22.315,-0.875,0.036,13,4,1,2,1,0.0456,-0.04,-0.04,18.4,1
1,0.966,1.622,53.8,0.109,11.003,0.464,0.47,15,4,0,3,1,0.0199,1.17,-0.07,24.15,1
0,1.0,1.256,35.2,0.286,9.276,-1.375,-3.993,17,4,0,3,2,0.0172,0.48,-0.75,-3.76,0
0,0.974,0.669,50.1,0.639,23.043,-0.234,0.204,20,4,1,3,3,0.0413,0.65,-0.59,-7.55,0
0,0.858,1.094,54.3,-0.305,27.705,0.84,-0.231,7,5,0,0,1,0.0591,4.42,-0.05,1.65,1
0,0.752,1.063,52.0,-0.078,26.644,0.444,-0.285,9,5,0,0,2,0.0573,0.32,-0.95,-9.78,0
0,0.739,0.906,57.4,0.02,33.422,1.275,0.739,10,5,1,0,3,0.0693,3.68,-0.69,6.05,1
1,0.947,1.114,48.8,0.016,25.271,0.16,-0.916,10,5,0,1,3,0.0537,0.48,-0.9,-10.42,0
1,0.645,1.038,52.8,0.055,28.494,0.301,1.213,12,5,1,2,3,0.0605,1.0,-0.94,6.94,1
1,0.631,0.7,45.6,1.827,41.053,-0.363,0.906,20,5,0,3,3,0.0716,-0.04,-0.87,-7.82,0
0,0.628,1.17,61.2,2.769,31.979,2.807,-0.707,7,1,0,0,1,0.0379,0.77,-0.86,-4.69,0
0,1.0,0.662,50.9,5.858,63.548,1.288,0.641,10,1,1,0,2,0.0751,5.12,-0.24,5.6,1
1,1.0,0.722,44.1,5.359,57.302,0.25,-1.734,10,1,0,1,2,0.0687,0.29,-0.95,-8.15,0
1,0.648,0.821,44.3,5.168,55.634,-0.105,0.174,11,1,1,2,2,0.0671,5.04,-0.81,6.26,1
1,1.0,0.683,58.3,3.758,47.104,2.249,1.634,18,1,0,3,2,0.0474,0.06,-0.9,-11.81,0
1,0.984,1.112,55.4,4.39,48.393,0.58,1.467,7,2,0,1,0,0.0428,4.31,-0.49,5.19,1
0,0.864,0.901,52.9,5.621,74.567,0.847,-0.418,12,2,0,1,1,0.064,0.91,-0.92,-8.74,0
0,0.621,1.267,51.4,3.779,52.581,0.54,-1.094,13,2,1,1,2,0.0448,0.69,-0.58,18.74,1
1,0.739,1.309,49.7,1.052,18.152,-0.855,1.226,16,2,0,2,2,0.0181,1.35,-0.16,26.46,1
0,0.803,0.701,60.5,3.074,67.439,3.222,0.241,20,2,0,2,3,0.0567,1.68,-1.66,-4.94,0
1,0.999,0.94,39.9,2.08,46.354,-1.904,-0.675,8,3,0,1,0,0.0449,4.41,-0.45,1.56,1
0,1.0,1.067,47.7,1.561,38.86,-0.643,0.16,9,3,0,1,1,0.0373,0.04,-0.82,-15.01,0
0,0.58,0.965,55.4,1.679,46.589,0.8,-1.389,10,3,1,1,2,0.043,5.07,-0.1,9.77,1
1,1.0,1.086,49.4,1.481,40.045,-0.205,-1.157,10,3,0,2,2,0.0379,0.87,-0.97,-14.77,0
1,0.566,1.271,44.9,1.175,33.537,-0.795,-0.157,13,3,1,3,2,0.0326,0.55,-0.75,-17.16,0
0,0.712,0.986,52.5,1.964,46.01,0.917,1.034,7,5,0,0,1,0.0459,0.99,-0.77,-12.2,0
1,0.798,0.833,55.9,2.732,64.403,1.181,1.168,10,5,1,1,1,0.0632,5.67,-0.18,6.65,1
0,0.573,0.883,50.2,2.151,52.702,-0.131,-0.054,12,5,0,1,2,0.0532,1.45,-0.87,-5.26,0
0,0.702,1.292,57.8,0.965,26.663,1.166,1.437,15,5,1,1,3,0.0248,0.08,-0.74,-22.62,0
0,0.524,0.618,44.2,-0.907,18.14,-2.006,-1.027,10,1,0,0,1,0.0335,4.74,-0.17,4.61,1
1,0.789,0.73,48.3,-1.29,18.25,-1.428,0.903,11,1,0,1,1,0.0346,0.35,-0.69,-16.17,0
0,0.634,0.846,38.8,-1.727,-3.325,-3.721,0.612,16,1,1,1,2,0.0161,1.15,-0.74,4.34,1
1,0.595,1.228,52.8,-2.358,-0.06,0.698,0.595,7,2,0,1,0,0.0295,5.47,-0.32,14.24,1
0,0.878,1.213,45.5,-2.092,-0.434,-0.167,-1.361,8,2,0,1,1,0.0281,5.75,-0.79,14.93,1
1,0.575,1.24,42.2,-1.823,-1.337,-0.909,-0.284,8,2,0,2,1,0.0245,4.73,-0.09,8.74,1
0,1.0,1.175,62.0,-1.423,5.483,2.412,-0.433,13,2,0,2,2,0.0319,4.75,-0.02,13.15,1
0,0.895,0.747,52.8,-1.156,0.691,-0.045,0.918,17,2,0,2,3,0.0286,4.12,-0.57,14.71,1
1,0.819,0.633,51.0,-2.582,-7.661,-0.352,-0.909,8,3,0,1,0,0.0345,0.05,-0.76,-16.21,0
1,1.0,0.751,43.3,-2.326,-8.056,-1.549,-0.27,9,3,1,2,0,0.0284,4.72,-0.54,14.81,1
0,0.674,0.921,52.2,-1.969,-5.555,0.096,0.226,10,3,0,2,1,0.0245,5.58,-0.5,17.17,1
0,0.768,1.37,47.7,-1.075,-3.728,0.352,-1.431,15,3,0,2,2,0.0195,4.05,-0.67,5.59,1
0,0.774,0.693,47.4,-1.476,-8.496,-0.504,0.735,17,3,0,2,3,0.0362,4.34,-0.97,1.93,1
1,0.593,1.0,54.0,1.121,4.744,1.596,0.375,7,5,0,1,0,0.0503,5.12,-0.94,8.35,1
0,0.982,1.157,56.4,1.156,6.2,2.011,-0.419,9,5,0,1,1,0.041,0.52,-0.97,-13.66,0
0,0.712,0.945,52.6,1.582,8.976,1.363,-0.556,11,5,1,1,2,0.0483,4.87,-0.9,3.24,1
1,0.708,1.416,40.3,0.373,-1.39,-2.069,0.734,15,5,0,2,2,0.0173,0.05,-0.81,-16.22,0
1,0.905,0.952,47.0,-0.231,-3.467,-1.961,1.328,17,5,1,3,2,0.0217,0.1,-0.9,-25.8,0
0,0.74,0.687,47.5,-1.727,-10.097,-1.939,0.362,19,5,2,3,3,0.0442,0.41,-0.88,-12.68,0
0,0.536,0.873,55.0,2.692,16.18,2.03,-0.276,8,1,0,0,1,0.0461,0.24,-0.72,-12.16,0
0,0.877,0.928,58.1,2.565,16.378,2.298,1.193,8,1,1,0,2,0.0439,0.07,-0.94,-12.77,0
0,0.767,0.916,58.5,2.742,16.869,2.346,0.625,9,1,2,0,3,0.0431,0.33,-1.0,-12.99,0
1,0.531,1.088,44.1,2.257,11.406,-1.336,0.031,13,1,3,1,3,0.0358,0.43,-0.7,-15.65,0
1,1.0,1.035,48.9,2.794,23.617,0.165,-0.492,8,2,0,1,0,0.0434,4.99,-0.47,9.67,1
0,0.923,1.025,54.1,2.636,23.175,0.851,1.262,8,2,0,1,1,0.041,4.24,-0.4,10.25,1
0,1.0,0.798,42.4,2.632,24.026,-1.648,-0.118,11,2,0,1,2,0.0506,0.33,-0.95,-11.07,0
0,0.742,1.379,59.3,1.334,15.626,1.721,-0.289,15,2,1,1,3,0.0244,6.0,-0.29,5.75,1
1,0.825,0.884,50.2,3.057,31.135,0.313,0.519,20,2,0,2,3,0.047,4.68,-0.37,8.93,1
1,1.0,1.096,42.3,0.533,12.941,-1.94,0.819,7,3,0,1,0,0.032,5.05,-0.24,13.12,1
0,1.0,0.91,51.2,0.388,17.554,0.244,-0.958,9,3,0,1,1,0.0364,4.56,-0.51,11.53,1
1,0.538,1.47,45.5,0.178,8.291,-1.082,1.405,13,3,0,2,1,0.0227,0.85,-0.93,-24.72,0
1,0.991,1.271,49.7,-0.013,6.534,-0.463,0.053,15,3,1,3,1,0.0183,1.36,-0.11,22.92,1
0,1.0,1.028,43.2,-0.727,7.198,-1.334,-0.772,8,4,0,0,1,0.0327,0.68,-0.85,-17.12,0
1,0.607,0.843,46.5,-0.942,11.04,-0.69,-0.298,11,4,1,1,1,0.0482,0.11,-0.94,-11.61,0
1,0.688,1.187,44.6,-0.712,6.318,-1.168,0.735,12,4,2,2,1,0.0334,4.84,-0.06,2.9,1
0,1.0,1.261,53.9,-0.622,6.944,0.418,1.539,13,4,0,2,2,0.0292,1.03,-0.94,-9.59,0
0,0.577,0.716,59.8,-0.182,15.3,2.713,0.281,17,4,1,2,3,0.0369,4.06,-0.54,3.68,1
1,0.645,0.785,47.1,0.494,17.571,0.014,1.095,19,4,0,3,3,0.0487,4.34,-0.24,8.63,1
0,0.968,0.997,52.2,1.017,21.848,0.763,-1.32,7,5,0,0,1,0.0509,0.85,-1.0,-11.0,0
1,1.0,1.002,51.0,0.938,20.28,0.24,1.13,9,5,1,1,1,0.0476,4.16,-0.1,1.74,1
1,0.891,0.833,47.7,1.411,28.938,-0.206,-0.641,11,5,0,2,1,0.0679,4.76,-0.53,6.19,1
1,1.0,0.857,42.2,1.246,15.628,-0.71,-0.857,18,5,0,3,1,0.0283,4.69,-0.34,2.47,1
0,0.726,1.113,56.1,3.881,34.449,1.46,0.022,8,1,0,0,1,0.0369,0.56,-0.79,-15.16,0
0,0.752,0.984,49.6,4.462,40.248,1.074,-1.667,9,1,1,0,2,0.0416,4.48,-0.81,3.33,1
0,1.0,0.822,54.1,3.014,33.032,1.772,-0.633,16,1,0,0,3,0.029,4.93,-0.37,3.72,1
1,0.841,1.266,44.6,1.644,29.484,-1.07,1.864,7,2,0,1,0,0.0351,4.07,-0.9,11.95,1
0,1.0,0.899,56.0,1.712,37.906,0.668,-1.107,9,2,0,1,1,0.0432,4.89,-0.74,9.72,1
1,0.812,0.839,44.4,1.889,44.746,-0.854,0.484,10,2,0,2,1,0.0532,4.84,-0.59,2.83,1
0,0.559,1.331,49.4,0.946,17.641,0.441,0.355,16,2,0,2,2,0.0177,1.09,-0.11,4.53,1
1,0.596,0.974,48.4,1.163,21.204,0.088,-0.106,16,2,0,3,2,0.0217,0.55,-0.92,-25.79,0
0,0.51,0.975,44.8,1.055,24.28,-1.129,-1.01,20,2,1,3,3,0.0275,4.51,-0.31,15.29,1
0,1.0,1.404,54.2,1.467,27.961,1.04,0.873,7,3,0,0,1,0.027,3.42,-0.5,6.62,1
0,0.725,0.93,56.2,2.082,39.259,1.16,1.759,8,3,0,0,2,0.0378,4.08,-0.61,3.35,1
1,1.0,1.115,38.6,1.93,38.96,-1.132,-1.802,13,3,0,1,2,0.0389,4.73,-0.62,1.8,1
1,0.555,0.888,47.7,0.853,23.723,-0.862,0.186,17,3,0,2,2,0.0261,4.44,-0.05,16.12,1
0,1.0,0.799,58.8,-0.372,32.547,1.622,0.023,7,4,0,0,1,0.0405,5.0,-0.07,10.36,1
0,1.0,0.859,51.2,-0.235,31.716,0.348,0.306,9,4,0,0,2,0.0409,0.5,-0.95,-13.71,0
0,0.723,0.803,53.1,0.33,50.801,1.657,-0.905,11,4,1,0,3,0.06,5.13,-0.92,1.73,1
1,0.744,1.691,56.8,0.123,16.767,0.241,1.63,14,4,0,1,3,0.021,1.09,-0.52,3.81,1
1,0.729,1.408,47.9,-0.281,24.394,-0.231,-0.97,7,5,0,1,0,0.0359,5.56,-0.02,4.1,1
1,1.0,0.785,48.7,-0.133,35.376,-0.179,-0.077,9,5,0,2,0,0.051,4.21,-0.58,3.35,1
0,0.872,0.58,44.2,-0.675,18.121,-1.192,-2.231,19,5,0,2,1,0.0314,0.19,-0.93,-17.82,0
1,1.0,0.715,44.4,-1.084,25.759,-0.86,-2.133,20,5,1,3,1,0.0435,2.01,-0.63,18.18,1
0,0.518,1.083,39.4,2.928,38.972,-0.748,-3.325,7,1,0,0,1,0.0443,0.39,-1.0,-12.64,0
0,0.536,1.171,54.5,2.569,36.623,0.868,1.477,8,1,1,0,2,0.04,4.29,-0.47,3.48,1
1,1.0,0.839,49.5,3.542,51.653,0.108,-0.079,10,1,0,1,2,0.0574,0.09,-0.92,-9.76,0
1,1.0,0.969,47.8,3.048,46.464,-0.472,0.785,11,1,1,2,2,0.0527,0.21,-0.78,-10.63,0
0,0.489,0.971,46.0,2.457,46.256,-0.479,-0.735,15,1,2,2,3,0.0521,0.26,-0.96,-12.29,0
0,0.995,0.929,59.9,2.668,42.878,2.883,1.001,8,2,0,0,1,0.0386,0.56,-0.89,-14.51,0
0,0.807,0.908,54.3,3.074,44.097,2.109,-1.311,9,2,1,0,2,0.0392,0.2,-0.93,-14.29,0
0,1.0,0.956,49.3,3.437,46.929,1.475,-1.213,10,2,2,0,3,0.0407,0.9,-0.97,-13.77,0
1,1.0,0.918,42.0,4.266,56.91,-0.392,-0.249,13,2,3,1,3,0.05,0.21,-0.65,-11.19,0
1,0.701,1.053,48.9,3.193,45.591,0.236,1.047,20,2,4,2,3,0.0348,3.38,-0.14,3.44,1
0,0.658,1.166,34.8,3.337,33.809,-0.88,-4.165,7,3,0,0,1,0.0199,1.06,-0.89,-14.04,0
0,0.534,0.844,52.0,4.408,48.83,0.83,-0.849,9,3,1,0,2,0.0274,0.8,-0.79,9.16,1
0,1.0,1.067,47.0,4.499,56.422,-0.248,-1.07,13,3,0,0,3,0.0318,0.08,-0.99,-17.59,0
1,1.0,1.367,46.3,1.56,19.451,-0.824,1.915,15,3,1,1,3,0.0116,0.49,-0.62,-24.09,0
1,0.508,0.838,44.9,1.686,23.198,-1.526,0.007,17,3,2,2,3,0.015,1.29,-0.11,27.99,1
0,0.664,0.782,48.4,2.31,70.056,0.35,-1.005,11,4,0,0,1,0.0483,0.27,-0.94,-11.59,0
1,0.682,0.961,49.6,1.749,60.389,0.064,-0.34,13,4,1,1,1,0.0416,4.97,-0.16,1.92,1
0,0.805,0.776,60.9,3.054,61.577,4.168,-1.108,19,4,0,1,2,0.0316,0.99,-0.99,-17.75,0
1,0.521,1.28,37.3,2.099,33.349,-2.482,0.044,9,5,0,1,0,0.0193,4.63,-0.06,11.51,1
1,0.64,0.782,51.2,2.608,55.684,-0.625,0.626,11,5,0,2,0,0.0311,4.58,-0.63,13.51,1
0,1.0,1.28,55.8,1.621,42.209,0.853,0.223,14,5,0,2,1,0.0224,0.61,-0.91,-25.03,0
1,1.0,1.062,52.4,2.077,44.602,0.927,0.655,19,5,1,3,1,0.0214,3.16,-0.36,3.27,1
0,0.507,0.867,53.9,3.056,62.465,1.279,-1.425,20,5,0,3,2,0.0295,0.53,-0.87,-18.97,0
1,1.0,1.177,42.3,3.7,55.989,-0.974,-0.55,13,1,0,1,0,0.0248,0.26,-0.93,-22.58,0
1,0.701,1.34,40.6,2.936,43.404,-1.424,-0.736,13,1,1,2,0,0.0197,5.35,-0.9,21.34,1
0,0.553,1.25,44.1,2.355,38.522,-0.587,-1.448,15,1,0,2,1,0.0172,0.24,-0.77,-16.31,0
0,1.0,1.136,54.2,1.885,34.738,0.54,1.333,17,1,1,2,2,0.015,1.42,-0.73,28.08,1
1,1.0,1.296,40.6,1.439,25.385,-1.516,-1.36,19,1,0,3,2,0.0118,0.04,-0.94,-23.67,0
0,0.877,0.978,59.2,2.156,58.262,1.847,0.444,7,2,0,0,1,0.0278,0.39,-0.9,-20.12,0
0,0.964,1.152,50.6,1.784,48.084,0.809,-1.424,8,2,1,0,2,0.0229,3.54,-0.2,3.05,1
1,1.0,0.904,45.4,2.197,58.3,-0.087,0.505,8,2,0,1,2,0.0283,4.23,-0.27,6.55,1
0,1.0,0.913,51.3,2.421,64.137,0.77,-1.666,10,2,0,1,3,0.0303,4.53,-0.13,13.87,1
1,1.0,1.176,51.9,1.866,56.346,0.179,-0.393,13,2,0,2,3,0.027,0.75,-0.97,-20.76,0
1,0.886,1.638,51.0,0.583,22.302,-0.196,0.527,15,2,1,3,3,0.0111,1.11,-0.13,7.22,1
0,0.84,1.114,51.3,4.161,59.344,1.681,-1.02,8,3,0,0,1,0.02,4.53,-0.93,21.03,1
0,0.72,1.254,38.5,3.472,46.474,-0.714,-1.115,9,3,0,0,2,0.0162,-0.01,-0.99,-17.3,0
1,1.0,0.815,45.5,5.499,74.89,-0.108,-0.456,10,3,1,1,2,0.0257,0.53,-0.93,-21.8,0
1,0.642,1.067,40.2,3.694,49.958,-1.629,-1.546,11,3,2,2,2,0.0178,1.46,-0.29,23.63,1
0,0.653,1.049,51.9,3.544,55.174,0.405,-0.755,13,3,0,2,3,0.0189,4.6,-0.03,22.18,1
1,1.0,1.123,46.6,2.847,46.848,-0.473,0.448,14,3,0,3,3,0.0164,1.5,-0.04,25.55,1
0,0.721,0.909,44.2,4.439,51.983,-1.319,-0.138,9,4,0,0,1,0.0134,1.38,-0.52,31.23,1
1,0.692,0.928,48.5,3.765,52.336,-0.956,0.056,11,4,0,1,1,0.0137,1.08,-0.08,30.66,1
0,0.711,0.787,56.5,4.638,72.213,1.04,-0.451,12,4,0,1,2,0.0182,1.31,-0.7,23.05,1
0,0.532,1.32,48.2,2.429,40.879,-0.211,-1.092,14,4,0,1,3,0.0105,1.09,-0.64,6.68,1
0,0.457,0.844,50.9,0.551,4.038,1.363,-0.3,10,2,0,0,1,0.0144,1.13,-0.41,5.57,1
0,1.0,1.12,49.7,0.775,3.357,0.408,0.691,12,2,0,0,2,0.0187,0.92,-0.9,-22.51,0
0,1.0,1.017,57.2,0.83,5.181,1.433,0.16,13,2,1,0,3,0.0211,0.05,-0.8,-19.91,0
0,0.709,1.148,52.9,3.137,18.888,1.055,0.8,8,3,0,0,1,0.0243,1.21,-0.52,25.95,1
1,0.866,1.017,43.9,2.999,16.824,-0.757,0.418,9,3,0,1,1,0.0237,0.18,-0.81,-17.7,0
1,0.959,1.042,37.3,2.525,14.044,-2.135,-1.428,11,3,1,2,1,0.0233,1.21,-0.2,4.5,1
0,0.805,0.94,53.2,2.672,18.23,0.101,0.641,12,3,0,2,2,0.0269,1.49,-0.12,23.44,1
0,1.0,1.235,50.0,1.497,12.266,-0.153,-0.01,14,3,0,2,3,0.0187,1.17,-0.35,33.7,1
0,1.0,0.811,54.7,-0.799,2.325,0.892,0.914,8,4,0,0,1,0.0122,0.31,-0.97,-22.97,0
1,1.0,1.038,44.1,-0.572,-0.702,-1.272,-0.518,10,4,1,1,1,0.0104,0.13,-0.82,-27.02,0
1,1.0,0.985,41.9,-0.622,-1.304,-1.579,-0.596,10,4,2,2,1,0.0113,1.15,-0.01,6.21,1
1,1.0,1.175,48.8,-0.51,-1.375,0.59,-0.07,7,5,0,1,0,0.0124,1.36,-0.59,6.78,1
0,0.432,1.007,44.9,-0.374,-1.508,-0.069,-1.003,9,5,0,1,1,0.022,0.35,-0.97,-26.16,0
0,0.82,0.941,48.6,-0.149,0.851,0.571,-0.786,12,5,1,1,2,0.0184,0.41,-0.94,-18.3,0
0,1.0,1.199,59.3,0.062,3.67,2.143,1.059,13,5,2,1,3,0.0144,1.22,-0.43,5.85,1
1,1.0,1.08,55.2,0.589,4.525,1.357,-0.794,16,5,0,2,3,0.0129,1.07,-0.84,6.51,1
1,0.793,0.651,47.5,2.583,14.926,0.564,0.6,20,5,0,3,3,0.0306,0.38,-0.79,-18.32,0
0,1.0,1.09,52.4,2.169,13.649,0.824,0.492,7,1,0,0,1,0.0263,1.48,-0.02,23.95,1
1,0.952,1.123,49.5,1.984,11.699,-0.135,0.728,8,1,0,1,1,0.0251,1.42,-0.23,4.18,1
0,1.0,0.89,43.6,2.415,14.61,-0.479,-1.21,9,1,0,1,2,0.0311,5.0,-0.08,20.29,1
1,0.909,1.172,42.3,1.452,8.991,-1.186,0.727,11,1,0,2,2,0.0228,1.44,-0.44,4.6,1
1,0.913,0.932,46.6,2.277,19.019,0.516,-0.877,18,1,0,3,2,0.031,3.97,-0.92,20.3,1
0,0.685,1.001,48.0,1.206,15.997,-0.314,-0.163,7,2,0,0,1,0.0347,0.77,-0.97,-24.23,0
0,1.0,1.015,55.2,1.176,17.97,0.968,0.501,9,2,1,0,2,0.0353,0.07,-0.86,-23.79,0
0,1.0,1.082,57.0,1.035,16.607,1.372,0.129,9,2,2,0,3,0.0311,0.82,-0.75,-0.74,0
1,0.985,1.388,42.5,0.58,7.669,-1.181,-1.427,15,2,3,1,3,0.0171,0.57,-0.87,-14.03,0
1,1.0,0.814,44.9,1.457,26.738,-0.554,-0.263,9,3,0,1,0,0.0538,4.51,-0.18,11.72,1
0,1.0,0.961,62.1,1.353,26.606,1.932,0.64,10,3,0,1,1,0.0471,0.09,-0.61,-17.82,0
0,0.764,1.311,43.7,1.04,15.929,0.089,-1.577,12,3,1,1,2,0.0256,0.29,-0.16,24.62,1
0,1.0,0.709,60.3,0.896,20.856,1.906,0.813,18,3,0,1,3,0.0325,5.02,-0.02,19.36,1
1,0.742,1.194,46.4,0.452,17.421,-0.581,1.034,7,4,0,1,0,0.0365,3.85,-0.27,6.03,1
0,0.403,0.887,48.5,0.564,23.731,-0.246,-0.926,8,4,0,1,1,0.0488,0.14,-0.96,-19.68,0
1,0.574,0.889,45.0,-0.473,0.447,-2.262,0.401,18,4,1,2,1,0.0099,0.61,-0.68,-28.34,0
0,0.742,1.207,46.5,-0.963,2.654,-0.719,0.375,7,5,0,0,1,0.0263,0.46,-0.91,-15.95,0
1,0.803,1.195,58.1,-0.932,4.1,0.911,1.953,7,5,1,1,1,0.0255,0.91,-0.78,-7.9,0
0,1.0,0.957,47.8,-1.075,4.485,-0.2,-0.166,10,5,2,1,2,0.0304,4.53,-0.07,20.7,1
1,1.0,1.174,36.6,-0.825,1.148,-1.942,-0.745,11,5,0,2,2,0.0165,1.45,-0.28,25.47,1
0,0.802,1.291,54.4,-0.558,3.99,0.904,-0.789,14,5,0,2,3,0.0176,0.06,-0.86,-23.83,0
0,0.921,0.749,50.8,-0.827,9.481,-0.354,-1.414,7,1,0,0,1,0.06,0.36,-0.91,-14.0,0
0,0.727,1.067,49.5,-0.515,8.414,0.219,-1.901,8,1,1,0,2,0.0461,0.25,-0.99,-18.24,0
0,0.776,0.872,57.7,-0.463,14.327,1.962,-0.139,9,1,2,0,3,0.0624,0.26,-0.83,-13.46,0
1,1.0,0.933,46.7,0.074,12.003,-0.146,0.185,11,1,3,1,3,0.0579,0.42,-0.97,-14.5,0
1,1.0,0.972,46.7,-2.089,-5.08,-0.496,-1.155,11,2,0,1,0,0.0261,4.33,-0.06,2.68,1
0,0.792,0.798,47.6,-1.415,-6.556,-1.035,-0.72,16,2,0,1,1,0.0152,1.49,-0.32,4.59,1
1,0.88,0.749,46.5,-2.51,-10.859,-0.43,-0.846,20,2,0,2,1,0.026,0.66,-0.62,-21.56,0
0,1.0,1.065,50.4,-0.432,-2.987,1.404,0.866,7,3,0,0,1,0.0377,0.06,-0.65,-14.86,0
0,0.959,1.167,56.3,-0.38,-1.419,1.825,-0.248,7,3,1,0,2,0.0364,4.28,-0.02,12.7,1
1,0.695,1.052,58.0,2.301,15.673,2.638,-0.433,8,4,0,1,0,0.0634,4.67,-0.47,2.73,1
1,1.0,1.388,37.8,1.497,6.216,-1.426,0.345,10,4,0,2,0,0.0366,0.33,-0.96,-22.95,0
0,0.597,1.163,58.8,0.635,6.56,1.453,-0.718,15,4,1,2,1,0.028,1.22,-0.31,3.76,1
1,1.0,0.909,46.1,0.865,6.363,-0.134,-0.637,17,4,0,3,1,0.0334,0.23,-0.99,-25.15,0
1,0.555,1.081,53.1,0.947,11.891,1.384,-0.952,7,5,0,1,0,0.0474,-0.03,-0.88,-17.72,0
1,1.0,1.302,48.2,0.835,9.186,0.213,-0.317,8,5,1,2,0,0.0401,4.63,-0.11,15.72,1
1,0.745,0.871,48.8,1.607,15.033,0.731,0.32,10,5,0,3,0,0.0532,5.21,-0.03,4.48,1
0,1.0,0.928,51.0,1.501,14.625,0.991,0.706,10,5,0,3,1,0.0498,4.2,-0.9,12.66,1
0,0.837,1.501,39.6,0.819,6.346,-0.697,-1.853,15,5,0,3,2,0.0222,0.65,-0.07,32.42,1
0,1.0,0.704,51.4,1.348,12.272,1.056,-1.361,17,5,0,3,3,0.0311,0.08,-0.91,-26.99,0
0,0.883,0.786,53.6,3.895,32.157,0.594,0.285,10,1,0,0,1,0.0781,0.46,-0.97,-16.14,0
1,0.542,1.129,43.1,3.128,26.892,-0.5,-1.917,13,1,1,1,1,0.0651,5.04,-0.94,14.52,1
1,0.657,0.854,57.7,2.856,28.763,2.477,-0.1,17,1,0,2,1,0.051,0.24,-0.74,-24.69,0
0,1.0,0.833,44.7,2.899,27.548,0.549,-1.026,17,1,1,2,2,0.0518,0.03,-0.96,-24.32,0
1,1.0,0.753,51.4,3.331,31.61,1.318,-0.573,18,1,2,3,2,0.0569,4.29,-0.08,16.61,1
0,0.815,1.155,46.3,1.371,21.693,-0.957,-0.386,7,2,0,0,1,0.0392,0.52,-0.78,-23.56,0
1,0.477,0.749,54.2,1.706,32.248,0.285,1.199,10,2,1,1,1,0.0513,0.57,-0.94,-18.71,0
1,0.816,1.457,40.8,0.709,16.761,-1.551,-0.234,13,2,2,2,1,0.0458,0.45,-0.39,-27.52,0
1,0.912,0.705,50.1,-0.131,17.258,-0.289,0.63,17,2,3,3,1,0.0345,4.52,-0.04,18.24,1
0,0.745,0.552,56.0,-0.082,32.377,1.896,0.169,18,2,0,3,2,0.0569,5.45,-0.43,3.39,1
1,0.71,0.872,42.6,1.599,31.511,-0.763,-1.588,9,3,0,1,0,0.0515,4.64,-0.42,2.95,1
1,0.939,1.183,39.3,1.067,22.685,-1.98,-0.452,11,3,0,2,0,0.0617,4.19,-0.21,15.33,1
1,0.857,1.032,63.4,1.083,29.486,1.336,1.065,12,3,0,3,0,0.0713,0.04,-0.86,-17.68,0
0,0.699,0.907,51.7,1.086,32.262,0.415,-0.622,14,3,1,3,1,0.0788,4.91,-0.85,3.99,1
0,1.0,0.809,65.7,1.168,32.2,3.073,0.276,17,3,0,3,2,0.067,4.92,-0.28,14.11,1
1,0.586,1.191,50.7,0.7,25.176,-0.124,1.286,8,4,0,1,0,0.0652,0.11,-0.8,-19.31,0
1,0.43,0.941,56.6,0.633,27.196,0.373,1.105,9,4,1,2,0,0.0717,0.3,-0.82,-20.08,0
0,1.0,0.775,40.1,0.693,31.756,-1.778,-2.798,10,4,2,2,1,0.0596,5.1,-0.33,10.57,1
1,1.0,1.238,45.4,0.054,18.323,-0.789,-0.643,13,4,0,3,1,0.036,0.13,-0.93,-23.34,0
0,1.0,0.817,58.5,-0.018,40.456,1.236,-0.887,12,5,0,0,1,0.0793,0.34,-0.76,-10.59,0
1,0.592,0.649,47.2,1.658,29.434,0.353,-1.061,18,5,1,1,1,0.0649,4.58,-0.41,14.57,1
1,1.0,1.137,57.6,3.425,33.712,2.413,0.474,8,1,0,1,0,0.0436,-0.02,-0.72,-28.92,0
1,1.0,1.012,45.3,3.481,32.902,-0.611,-1.49,12,1,1,2,0,0.0462,4.16,-0.49,20.47,1
0,0.613,1.377,48.8,2.204,22.67,0.007,0.016,13,1,0,2,1,0.0309,1.44,-0.27,30.54,1
0,0.986,0.709,46.7,1.081,14.944,-1.703,0.666,17,1,0,2,2,0.0293,0.68,-0.84,-21.5,0
0,0.749,0.846,56.1,0.618,23.941,1.08,0.248,20,1,1,2,3,0.0411,0.76,-0.9,-3.42,0
1,0.982,0.673,50.1,-2.531,-2.096,-0.933,1.161,18,2,0,1,0,0.0168,1.26,-0.08,37.42,1
0,0.633,0.872,54.6,-1.341,4.944,0.983,0.122,8,3,0,0,1,0.0303,5.51,-0.29,6.66,1
0,0.522,0.806,58.8,-1.32,8.33,2.191,0.427,10,3,0,0,2,0.0523,0.72,-0.85,-24.09,0
1,1.0,1.392,44.5,-0.403,1.328,-1.027,-0.458,15,3,1,1,2,0.022,0.47,-0.96,-28.64,0
1,1.0,0.809,40.4,-0.934,1.024,-1.827,-1.154,17,3,2,2,2,0.0365,0.63,-0.89,-17.24,0
1,0.537,0.777,39.3,-1.077,0.087,-2.05,-0.59,18,3,3,3,2,0.0387,0.25,-0.54,-16.29,0
0,1.0,0.631,47.9,-2.02,0.973,-1.227,0.003,20,3,4,3,3,0.049,0.71,-0.99,-18.86,0
0,0.773,0.74,44.2,-0.724,5.319,-0.757,-1.428,11,4,0,0,1,0.0738,0.02,-0.96,-17.08,0
0,0.991,0.717,52.0,-0.795,7.263,0.43,0.236,12,4,1,0,2,0.0806,4.21,-0.45,11.72,1
1,0.527,0.717,46.6,-1.651,-5.354,-1.569,0.57,18,4,0,1,2,0.0251,1.34,-0.98,4.19,1
0,1.0,0.953,52.8,-1.995,-5.258,-0.101,1.065,20,4,0,1,3,0.0403,0.27,-0.99,-15.65,0
1,0.843,0.983,43.3,-0.776,-1.91,-1.031,-1.215,7,5,0,1,0,0.0729,0.96,-0.85,-17.29,0
0,1.0,1.088,41.8,-0.946,-4.9,-1.825,-0.477,11,5,1,1,1,0.0491,0.35,-0.83,-25.67,0
1,0.441,0.979,54.2,-1.036,-3.938,-0.287,0.683,11,5,2,2,1,0.0538,0.28,-0.92,-26.79,0
1,0.504,1.065,47.9,-1.021,-4.335,-0.904,0.629,12,5,3,3,1,0.0449,0.71,-0.64,-28.08,0
0,1.0,0.797,53.9,-0.507,1.419,1.44,0.094,16,5,4,3,2,0.0337,0.01,0.01,-2.9,0
0,0.946,0.863,45.9,-0.624,-3.077,-0.4,0.386,8,1,0,0,1,0.0497,0.96,-0.99,-25.33,0
1,0.802,0.982,45.1,-0.599,-3.826,-0.931,0.103,11,1,1,1,1,0.0459,5.0,-0.54,20.6,1
1,0.967,0.848,49.5,-0.763,-3.74,-0.131,-1.786,13,1,0,2,1,0.0565,0.04,-0.92,-22.3,0
1,1.0,1.564,45.2,-0.393,-2.836,-0.797,0.411,14,1,1,3,1,0.0255,1.27,-0.11,7.07,1
0,1.0,0.558,52.9,-0.777,-3.625,0.829,-0.842,17,1,0,3,2,0.0664,4.66,-0.16,5.49,1
0,1.0,1.208,64.6,-0.269,0.874,2.959,1.378,19,1,0,3,3,0.0502,0.45,-0.88,-25.12,0
0,0.908,0.878,54.4,2.172,11.092,1.39,-0.153,7,2,0,0,1,0.0896,6.0,-0.6,10.55,1
1,0.8,1.25,51.4,1.507,7.366,0.564,-0.283,7,2,0,1,1,0.0622,4.36,-0.04,15.21,1
0,0.598,1.128,53.7,1.68,9.126,1.23,-0.245,9,2,0,1,2,0.0628,5.35,-0.6,15.04,1
1,1.0,0.684,55.7,2.698,19.228,2.202,-0.267,17,2,0,2,2,0.0726,0.13,-0.85,-17.35,0
1,0.431,1.783,43.1,0.918,4.507,-0.875,-0.217,19,2,1,3,2,0.0248,0.31,-0.66,-8.75,0
1,0.859,1.173,45.5,1.381,11.787,-0.772,0.681,7,3,0,1,0,0.0709,0.08,-0.84,-17.78,0
0,1.0,1.007,52.3,0.944,10.037,-0.295,1.03,9,3,1,1,1,0.0673,4.11,-0.4,14.04,1
1,0.92,1.019,48.3,0.644,9.235,-0.594,0.086,11,3,0,2,1,0.0666,0.3,-0.91,-18.93,0
1,0.679,1.357,49.5,0.177,5.238,-0.382,0.607,13,3,1,3,1,0.0428,-0.01,-0.92,-29.45,0
0,1.0,0.58,50.9,-0.045,11.555,-0.083,-1.149,18,3,2,3,2,0.1104,0.82,-0.83,-11.41,0
0,0.804,1.127,62.9,-0.357,7.972,2.367,-0.656,8,4,0,0,1,0.0693,0.39,-0.96,-18.19,0
0,1.0,0.995,66.0,0.226,11.018,2.52,0.789,10,4,1,0,2,0.0804,5.54,-0.06,4.1,1
1,0.82,0.908,46.6,0.511,10.357,0.259,-0.873,11,4,0,1,2,0.0894,0.33,-0.68,-14.09,0
0,0.421,1.295,45.1,0.384,6.05,-0.486,-1.561,13,4,1,1,3,0.0583,4.8,-0.08,18.54,1
1,1.0,1.315,29.8,-0.058,-0.303,-2.708,-1.373,15,4,0,2,3,0.0362,0.47,-0.97,-17.38,0
1,0.583,1.013,38.9,-1.372,-5.328,-3.107,-0.27,19,4,1,3,3,0.0353,0.33,-0.98,-23.8,0
1,1.0,1.243,40.1,-1.376,-6.361,-1.789,-0.912,8,5,0,1,0,0.0569,-0.03,-0.69,-22.13,0
1,0.566,1.298,44.1,-1.142,-6.158,-1.677,0.626,8,5,1,2,0,0.0315,4.85,-0.14,7.26,1
0,0.657,0.754,51.4,-1.978,-7.41,-0.059,0.277,10,5,0,2,1,0.0737,1.07,-0.99,-8.55,0
0,0.926,0.958,64.8,-1.473,-3.282,2.395,2.514,12,5,1,2,2,0.0624,0.35,-0.94,-20.18,0
0,1.0,1.17,59.2,-1.013,-1.988,1.831,0.382,13,5,2,2,3,0.0533,4.52,-0.1,17.74,1
1,0.617,0.609,45.8,-2.458,-13.436,-1.687,0.449,18,5,0,3,3,0.0419,0.55,-0.77,-20.06,0
1,0.809,1.297,47.3,-1.83,-12.273,-0.822,0.786,8,1,0,1,0,0.0307,0.11,-0.98,-27.37,0
1,1.0,1.19,45.3,-1.875,-13.292,-1.181,-0.219,8,1,1,2,0,0.0314,-0.01,-0.93,-26.71,0
1,1.0,1.118,40.3,-1.992,-14.586,-1.819,-1.07,9,1,2,3,0,0.0322,0.28,-0.75,-26.06,0
0,0.86,1.164,38.8,-1.432,-10.274,-0.508,-2.569,14,1,3,3,1,0.0283,4.07,-0.19,22.29,1
0,1.0,0.882,43.5,-2.367,-20.578,-0.285,-1.81,20,1,0,3,2,0.0629,0.16,-0.77,-15.58,0
0,0.572,0.996,50.9,-0.609,-14.165,-0.14,0.804,7,2,0,0,1,0.0559,0.06,-0.86,-17.54,0
1,1.0,0.904,38.7,-0.864,-17.917,-1.871,-0.65,10,2,1,1,1,0.0611,0.19,-0.84,-16.05,0
1,0.938,1.095,40.0,-0.69,-15.009,-1.682,-0.076,10,2,2,2,1,0.0488,4.74,-0.69,15.07,1
1,0.789,1.294,49.7,-0.657,-10.046,-0.011,0.101,14,2,0,3,1,0.0366,0.41,-0.99,-26.79,0
0,0.828,0.842,46.6,-0.806,-14.974,-0.961,-0.47,16,2,1,3,2,0.0333,0.22,-0.99,-5.7,0
0,1.0,0.847,49.0,-1.702,-28.08,-0.296,0.681,20,2,2,3,3,0.0904,4.25,-0.66,8.12,1
1,1.0,1.122,40.5,-0.846,-17.635,-1.403,-0.101,8,3,0,1,0,0.0559,0.03,-0.85,-17.54,0
0,1.0,0.764,42.7,-1.183,-27.794,-1.579,-1.281,10,3,1,1,1,0.0859,5.0,-0.44,8.56,1
0,1.0,1.141,41.4,-1.116,-13.86,-2.455,0.1,14,3,0,1,2,0.0142,0.66,-0.71,-16.7,0
0,0.513,0.765,57.2,-3.985,-29.643,0.754,-0.862,17,3,1,1,3,0.0331,4.45,-0.76,2.64,1
1,0.966,1.097,36.3,-2.406,-24.973,-2.987,0.375,20,3,0,2,3,0.0209,0.67,-0.95,-16.73,0
1,0.737,1.093,45.4,-1.804,-18.962,-2.007,0.223,9,4,0,1,0,0.0119,0.19,-0.88,-29.3,0
1,1.0,0.939,44.6,-2.217,-21.042,-2.139,-0.891,10,4,1,2,0,0.0178,-0.01,-0.87,-27.58,0
1,0.9,0.932,42.8,-2.645,-23.003,-2.086,0.591,11,4,2,3,0,0.0188,0.32,-0.72,-26.07,0
0,1.0,0.753,54.4,-3.511,-28.029,0.108,1.893,17,4,3,3,1,0.0189,0.23,-0.55,-23.66,0
0,0.831,0.826,54.0,-1.787,-34.63,0.321,-0.11,12,5,0,0,1,0.0309,1.02,-0.25,3.96,1
0,0.645,0.993,49.1,-1.572,-25.217,-1.17,0.578,16,5,0,0,2,0.0176,0.95,-0.73,41.85,1
0,0.941,1.115,37.9,-2.212,-29.878,-2.577,0.22,20,5,0,0,3,0.0177,0.84,-0.48,23.34,1
0,1.0,0.766,51.6,-1.199,-28.259,0.175,0.573,17,1,0,0,1,0.022,0.21,-1.0,-29.0,0
1,1.0,0.854,47.9,-1.383,-31.074,-0.071,0.802,19,1,1,1,1,0.0245,0.41,-0.76,-25.97,0
1,1.0,0.901,44.2,-1.537,-32.697,-0.733,-1.042,20,1,2,2,1,0.0252,0.66,-0.88,-25.31,0
0,0.829,0.943,59.6,-1.563,-33.872,2.146,0.291,8,2,0,0,1,0.0291,0.96,-0.95,-21.87,0
0,0.52,1.203,47.4,-0.539,-28.877,0.23,-0.966,11,2,1,0,2,0.0249,1.37,-0.73,38.4,1
1,0.819,1.053,56.8,-0.578,-26.874,0.346,2.478,14,2,0,1,2,0.0223,1.3,-0.43,7.13,1
1,0.549,0.895,41.6,-0.74,-38.816,-1.169,0.496,18,2,0,2,2,0.0318,1.15,-0.25,30.07,1
0,0.815,0.918,60.7,-0.772,-38.377,1.111,2.587,18,2,0,2,3,0.0332,1.48,-0.46,28.81,1
1,1.0,1.181,52.5,2.547,-34.147,-0.025,1.234,7,3,0,1,0,0.0471,0.47,-0.93,-27.03,0
0,0.548,0.961,42.0,2.105,-35.531,-0.834,-1.687,9,3,1,1,1,0.037,0.97,-0.07,39.77,1
1,1.0,1.257,41.5,1.162,-21.945,-1.047,-1.799,13,3,0,2,1,0.0225,1.49,-0.64,5.45,1
0,0.935,0.897,49.9,1.342,-26.046,-0.055,0.856,15,3,0,2,2,0.0278,0.88,-0.62,7.88,1
0,0.615,1.063,45.4,0.868,-28.902,-1.286,-0.657,20,3,0,2,3,0.0276,1.15,-0.15,26.65,1
0,1.0,1.019,44.9,-0.416,-34.05,-1.815,0.568,7,4,0,0,1,0.0292,1.47,-0.34,25.19,1
1,0.824,0.886,43.2,-0.848,-32.223,-1.867,-0.636,9,4,0,1,1,0.0256,1.18,-0.44,4.79,1
0,0.861,0.942,50.0,-1.212,-32.204,-0.286,0.902,12,4,0,1,2,0.0264,0.88,-0.93,-18.59,0
1,1.0,0.782,43.3,-1.017,-36.206,-0.707,-0.375,16,4,1,2,2,0.0299,-0.02,-0.36,-16.39,0
1,1.0,1.147,36.7,-0.68,-24.616,-1.825,0.459,17,4,2,3,2,0.0182,0.04,-0.7,-26.95,0
0,0.584,1.18,53.4,-0.248,-37.224,1.52,-0.45,7,5,0,0,1,0.0364,4.32,-0.26,20.19,1
1,0.822,1.066,39.6,-0.545,-47.306,-1.798,0.789,11,5,0,1,1,0.0406,0.97,-0.25,36.21,1
0,0.719,1.198,57.3,-0.657,-37.985,0.62,-0.007,13,5,0,1,2,0.0343,5.33,-0.6,6.49,1
1,1.0,1.284,55.3,-0.547,-31.59,0.553,0.659,13,5,0,2,2,0.0286,1.41,-0.75,25.72,1
1,1.0,0.765,43.3,0.88,-27.543,-0.15,0.303,18,5,0,3,2,0.0302,1.37,-0.32,24.32,1
0,0.759,0.842,50.5,1.253,-27.062,0.793,-1.056,19,5,0,3,3,0.0314,0.09,-0.97,-15.61,0
0,1.0,1.158,51.9,0.946,-20.961,1.509,-1.4,7,1,0,0,1,0.0331,0.58,-0.95,-29.63,0
0,1.0,0.847,59.6,1.722,-26.392,2.319,0.839,9,1,1,0,2,0.0447,4.97,-0.23,4.5,1
0,0.502,0.894,49.6,1.893,-27.551,0.612,-0.117,10,1,0,0,3,0.0451,0.56,-0.91,-21.71,0
1,0.538,1.244,49.3,0.968,-12.943,-0.287,1.495,14,1,1,1,3,0.022,0.82,-0.96,-22.32,0
1,1.0,0.924,39.4,1.038,-22.562,-1.807,-0.758,18,1,2,2,3,0.0345,0.23,-0.8,-28.44,0
1,1.0,0.967,42.6,1.59,-19.79,-1.078,-1.052,7,2,0,1,0,0.0412,4.63,-0.05,17.83,1
1,0.579,1.074,42.9,1.378,-20.012,-1.415,-1.754,10,2,0,2,0,0.0406,5.94,-0.63,18.09,1
1,1.0,1.116,55.5,0.92,-11.076,1.059,0.211,13,2,0,3,0,0.0287,1.31,-0.77,25.65,1
0,1.0,1.174,53.2,0.798,-7.042,1.044,-0.864,14,2,0,3,1,0.022,0.3,-0.86,-22.28,0
0,1.0,0.856,56.1,1.323,-8.872,1.959,-0.365,15,2,1,3,2,0.0323,0.57,-0.76,-15.16,0
0,1.0,0.899,62.0,1.958,-3.945,2.794,-0.401,18,2,2,3,3,0.031,0.1,-0.92,-15.79,0
0,1.0,1.38,59.2,2.37,1.548,1.985,-1.013,7,3,0,0,1,0.032,0.14,-0.97,-15.3,0
0,1.0,1.446,56.3,2.007,1.943,1.681,0.274,7,3,1,0,2,0.0271,0.71,-1.0,-14.71,0
0,0.664,1.043,57.5,3.343,6.05,2.151,-1.21,12,3,2,0,3,0.0393,5.17,-0.11,18.71,1
1,1.0,1.444,52.1,1.995,3.013,0.498,0.674,13,3,0,1,3,0.0239,1.44,-0.74,30.74,1
1,0.798,0.84,43.2,4.06,9.992,-0.068,-1.405,18,3,0,2,3,0.0437,0.03,-0.91,-22.43,0
1,0.686,0.727,49.9,-1.102,-8.52,-0.609,0.521,9,4,0,1,0,0.0318,0.6,-0.97,-15.39,0
0,0.436,0.952,48.0,-1.244,-8.73,-0.696,0.24,10,4,1,1,1,0.0309,1.36,-0.56,27.22,1
1,1.0,1.029,48.1,-0.991,-9.173,-0.786,0.891,12,4,0,2,1,0.0296,1.05,-0.2,4.14,1
1,0.526,0.771,50.6,-0.438,-4.249,0.741,0.018,16,4,0,3,1,0.0262,1.24,-0.69,4.68,1
0,1.0,1.149,51.2,-0.065,-4.533,0.666,0.549,7,1,0,0,1,0.0376,4.15,-0.11,3.35,1
0,0.512,0.736,53.5,0.618,-0.435,2.465,-1.667,9,1,0,0,2,0.0559,5.22,-0.44,13.14,1
1,0.729,1.27,43.8,0.794,-2.435,-0.795,0.503,12,1,0,1,2,0.0379,0.36,-0.44,-25.87,0
0,0.429,1.278,44.4,0.348,-1.985,-0.607,-1.101,15,1,1,1,3,0.0252,1.17,-0.04,19.04,1
1,1.0,0.884,44.9,0.045,-7.963,-1.309,0.708,19,1,0,2,3,0.0552,5.61,-0.3,13.32,1
0,0.868,1.064,58.4,-0.278,-5.909,0.962,1.568,7,2,0,0,1,0.0465,4.82,-0.4,15.82,1
0,0.404,1.074,45.8,-0.265,-6.992,-0.536,-1.237,7,2,0,0,2,0.0443,0.34,-0.5,-25.3,0
0,1.0,0.897,51.4,0.081,-3.617,0.063,0.637,12,2,1,0,3,0.0354,4.75,-0.3,20.79,1
1,1.0,1.315,44.8,-0.156,-3.868,-0.979,-0.976,15,2,0,1,3,0.0203,1.42,-0.11,36.24,1
1,1.0,1.029,45.6,2.837,11.589,-0.834,1.108,9,3,0,1,0,0.048,0.34,-0.87,-26.26,0
1,0.706,1.015,39.4,2.538,9.633,-1.825,-0.79,10,3,1,2,0,0.0361,0.04,-0.64,-27.12,0
1,1.0,1.129,38.6,2.306,8.107,-1.899,-0.712,10,3,2,3,0,0.0328,4.14,-0.33,22.39,1
0,0.693,0.631,45.9,1.281,7.539,-1.424,-0.938,17,3,0,3,1,0.0473,5.28,-0.19,15.56,1
1,0.608,1.232,48.9,-0.326,1.099,-0.229,0.061,7,4,0,1,0,0.0402,4.76,-0.09,3.4,1
0,1.0,1.343,50.3,-0.26,1.179,0.055,0.57,7,4,0,1,1,0.0321,0.41,-0.99,-15.28,0
0,1.0,0.717,50.7,-0.277,3.778,0.621,-0.771,9,4,1,1,2,0.0587,0.38,-0.83,-16.7,0
0,1.0,1.314,60.9,0.345,6.629,2.149,1.415,13,4,2,1,3,0.0363,4.62,-0.96,3.37,1
1,1.0,0.702,42.8,2.408,13.999,-1.609,-0.54,20,4,0,2,3,0.0711,-0.03,-0.47,20.69,1
1,0.909,1.128,44.8,0.19,5.18,-1.225,-0.922,9,5,0,1,0,0.0501,0.97,-0.33,29.32,1
0,1.0,1.216,59.2,0.176,8.084,1.819,0.648,12,5,0,1,1,0.0415,0.76,-0.68,-23.63,0
0,0.613,1.24,54.5,0.397,7.49,1.115,-0.82,14,5,1,1,2,0.0338,0.78,-0.45,43.49,1
1,0.676,0.976,41.3,0.505,5.364,-1.065,-0.177,16,5,0,2,2,0.0345,0.86,-0.72,13.15,1
0,1.0,1.187,53.7,-0.628,2.623,1.127,1.159,7,1,0,0,1,0.0485,0.1,-0.83,-20.18,0
1,0.822,1.155,47.4,-0.614,0.407,-0.626,1.091,12,1,1,1,1,0.047,0.55,-0.83,-20.83,0
1,0.497,0.973,50.4,-0.424,0.508,-0.236,1.112,15,1,2,2,1,0.0374,3.64,-0.46,22.44,1
0,0.816,1.036,53.1,-0.267,1.885,0.677,-1.4,17,1,0,2,2,0.0342,-0.02,-0.9,-28.66,0
0,0.826,0.948,56.1,-0.292,3.269,1.354,-0.774,17,1,1,2,3,0.0374,4.17,-0.15,6.04,1
0,1.0,1.183,52.1,1.023,9.692,0.653,0.064,8,2,0,0,1,0.0488,-0.02,-0.99,-20.09,0
1,1.0,0.945,52.5,1.266,12.031,0.679,1.218,10,2,1,1,1,0.0564,0.66,-0.83,-17.38,0
0,0.952,0.868,48.1,1.4,11.847,-0.307,-0.609,11,2,2,1,2,0.0616,5.31,-0.96,11.94,1
1,1.0,1.047,51.1,0.997,9.134,-0.045,0.036,12,2,0,2,2,0.0478,0.1,-0.92,-20.53,0
1,0.953,1.217,54.2,0.738,7.599,0.368,0.561,13,2,1,3,2,0.0383,4.27,-0.31,3.2,1
0,0.862,0.766,57.1,2.332,23.132,2.918,-0.28,18,2,0,3,3,0.0604,0.41,-0.9,-16.23,0
1,1.0,1.148,46.5,1.336,14.839,-1.069,-0.813,7,3,0,1,0,0.0521,0.02,-0.76,-18.8,0
1,0.684,0.922,61.3,1.226,17.037,0.485,1.82,9,3,1,2,0,0.0581,0.1,-0.74,-16.86,0
0,0.855,0.894,45.1,0.716,12.503,-1.308,0.409,11,3,2,2,1,0.0546,0.02,-0.97,-17.93,0
0,1.0,0.851,60.9,0.765,16.548,1.121,0.631,12,3,3,2,2,0.0602,0.49,-0.95,-16.29,0
0,0.574,1.184,49.4,0.608,13.557,0.526,-0.94,14,3,4,2,3,0.0458,5.06,-0.31,16.04,1
1,0.794,1.002,38.5,0.971,14.548,-1.84,0.06,8,4,0,1,0,0.0598,4.05,-0.88,5.33,1
0,0.705,1.157,47.4,0.544,15.68,-0.28,-0.456,12,4,0,1,1,0.0619,0.13,-0.88,-15.83,0
1,1.0,1.685,36.7,0.128,4.733,-1.476,-0.726,14,4,1,2,1,0.0267,1.01,-0.3,5.24,1
1,0.681,0.726,43.4,-0.227,8.584,-1.636,-0.771,17,4,0,3,1,0.0513,3.3,-0.66,4.15,1
0,0.619,0.752,46.7,-0.621,14.556,-0.818,-1.956,20,4,0,3,2,0.0832,0.74,-0.68,-11.78,0
0,0.633,1.014,53.6,-0.319,9.998,0.503,-0.069,9,5,0,0,1,0.0604,4.9,-0.74,4.98,1
1,0.824,0.618,46.1,2.519,21.869,0.323,-0.009,17,5,0,1,1,0.0566,0.73,-0.93,-17.33,0
0,1.0,1.164,51.7,-0.602,6.981,0.305,-0.298,7,1,0,0,1,0.05,3.16,-0.46,3.67,1
0,0.438,0.863,41.3,-0.717,9.385,-0.995,-1.77,11,1,0,0,2,0.0752,0.39,-0.92,-14.9,0
0,0.791,1.328,51.1,-0.06,7.564,0.76,-1.271,14,1,1,0,3,0.0378,0.44,-0.85,-25.91,0
1,0.781,1.379,45.2,-0.544,3.469,-1.36,0.149,7,2,0,1,0,0.0456,4.02,-0.64,3.24,1
0,0.44,0.949,47.5,-0.905,5.07,-0.593,-1.14,9,2,0,1,1,0.0589,0.93,-0.94,-19.02,0
1,0.499,1.434,48.7,-0.407,2.381,-0.28,-0.451,14,2,1,2,1,0.0326,0.12,-0.87,-17.18,0
1,0.881,0.783,41.6,-1.896,-7.768,-3.072,1.057,18,2,2,3,1,0.0439,4.26,-0.39,2.79,1
0,0.623,0.963,61.8,-0.663,3.384,2.4,1.171,7,3,0,0,1,0.0814,4.7,-0.63,9.04,1
1,0.711,0.889,43.8,-0.594,0.347,-0.708,0.84,8,3,0,1,1,0.0834,0.88,-0.87,-11.75,0
0,0.908,1.262,52.6,-0.458,0.356,0.072,0.065,11,3,1,1,2,0.0604,4.2,-0.43,4.46,1
1,0.448,1.401,44.8,-0.433,-1.183,-0.704,-1.217,14,3,0,2,2,0.0371,0.28,-0.87,-15.11,0
1,1.0,1.049,39.5,-0.626,-3.023,-1.526,-0.105,15,3,1,3,2,0.0449,0.02,-0.99,-21.82,0
0,1.0,0.69,52.8,-1.783,-5.641,-0.161,-0.231,18,3,2,3,3,0.0875,1.04,-0.71,-5.6,0
1,0.874,1.261,50.5,-1.528,-6.714,-0.05,0.117,7,4,0,1,0,0.0489,5.29,-0.26,4.53,1
1,1.0,0.992,39.7,-1.364,-10.256,-1.908,0.137,10,4,0,2,0,0.0521,4.54,-0.33,14.12,1
0,0.626,1.296,64.1,-0.779,-2.293,2.262,-0.367,13,4,0,2,1,0.0363,4.77,-0.6,5.88,1
1,1.0,1.065,54.9,-0.72,-3.01,1.253,0.85,14,4,0,3,1,0.0407,0.87,-0.9,-24.06,0
0,1.0,0.84,58.9,-0.443,-3.438,1.447,2.104,16,4,1,3,2,0.0549,4.67,-0.25,13.4,1
0,0.63,1.042,57.2,-1.763,-11.262,1.341,0.459,8,5,0,0,1,0.0605,4.61,-0.82,4.2,1
1,1.0,0.964,48.6,-1.637,-12.84,0.206,-1.945,9,5,0,1,1,0.0645,0.04,-0.95,-15.2,0
1,0.558,0.92,43.0,-1.599,-15.068,-0.895,-0.891,10,5,1,2,1,0.0686,0.6,-0.48,21.42,1
1,1.0,1.038,51.2,-0.767,-7.19,0.819,-0.896,13,5,0,3,1,0.0474,0.44,-0.98,-20.66,0
0,0.864,0.682,52.5,0.283,-5.263,1.047,0.436,17,5,1,3,3,0.071,0.74,-0.51,1.44,1
1,0.77,1.126,49.9,0.315,-5.379,0.14,0.453,7,1,0,1,0,0.0728,0.44,-0.86,-13.45,0
0,0.536,1.005,48.4,0.277,-6.619,-0.308,0.259,8,1,1,1,1,0.0798,4.96,-0.06,9.21,1
0,0.581,1.03,38.7,-0.169,-8.945,-1.396,-0.605,11,1,0,1,2,0.0771,0.3,-0.7,-12.71,0
1,1.0,1.338,45.5,-0.265,-6.287,-0.731,-0.421,13,1,1,2,2,0.052,0.24,-0.99,-18.86,0
1,0.915,1.297,41.5,-0.254,-6.984,-1.307,-0.973,13,1,2,3,2,0.0498,0.26,-0.88,-19.67,0
0,0.799,0.656,44.7,-1.173,-15.912,-2.315,0.051,16,1,3,3,3,0.0792,1.23,-0.87,-6.19,0
1,0.845,1.471,48.6,-1.142,-11.449,-1.46,0.979,7,2,0,1,0,0.0374,0.02,-0.92,-26.19,0
1,0.937,1.137,48.1,-1.463,-13.814,-1.459,0.937,8,2,1,2,0,0.0425,0.01,-0.72,-23.04,0
1,0.807,0.922,38.8,-2.111,-18.319,-2.697,-0.607,10,2,2,3,0,0.0458,0.56,-0.9,-21.39,0
0,0.597,1.213,52.1,-1.613,-12.974,-0.525,1.001,13,2,3,3,1,0.0273,1.45,-0.25,26.91,1
0,0.59,0.704,57.9,-3.471,-27.726,1.635,-0.177,18,2,0,3,2,0.0619,0.43,-0.78,-7.91,0
1,1.0,1.171,40.3,-1.688,-24.83,-2.103,-0.244,8,3,0,1,0,0.0505,4.55,-0.03,4.86,1
1,1.0,1.077,46.7,-1.96,-24.16,-1.364,1.034,10,3,0,2,0,0.0482,4.36,-0.17,2.68,1
1,0.699,0.883,47.1,-2.722,-31.417,-0.922,0.278,12,3,0,3,0,0.0624,0.51,-0.71,-15.71,0
0,0.768,1.239,45.3,-1.805,-21.598,-1.563,-0.43,14,3,1,3,1,0.0357,0.06,-0.96,-27.47,0
0,0.898,1.01,51.2,-1.966,-20.744,0.231,-1.422,16,3,2,3,2,0.0378,4.8,-0.31,19.43,1
0,0.483,0.848,60.6,-0.235,-15.112,3.563,0.479,9,4,0,0,1,0.0544,0.11,-0.99,-20.57,0
1,0.805,1.01,55.7,0.969,-9.511,1.847,0.973,12,4,1,1,1,0.0423,0.88,-0.97,-23.19,0
1,1.0,0.739,44.5,1.118,-16.866,-1.254,-0.193,16,4,2,2,1,0.0564,5.29,-0.91,13.04,1
0,0.711,0.737,52.7,1.096,-22.276,0.564,-0.505,19,4,0,2,2,0.0826,4.6,-0.33,1.54,1
1,1.0,0.863,47.8,0.946,-21.521,-0.242,0.354,20,4,0,3,2,0.0766,1.42,-0.51,9.59,1
1,0.702,0.8,37.8,-0.772,-31.845,-3.668,-0.298,9,5,0,1,0,0.0765,0.14,-0.47,-12.81,0
0,1.0,0.837,57.2,0.404,-7.714,2.445,-0.663,16,5,1,1,1,0.0407,4.55,-0.94,18.04,1
1,0.666,0.82,40.5,1.311,-13.919,-0.933,-0.288,18,5,0,2,1,0.0579,0.51,-0.85,-16.93,0
0,1.0,1.048,38.9,-0.173,-15.624,-1.781,-0.146,7,1,0,0,1,0.0512,4.23,-0.31,6.8,1
1,0.614,0.794,46.0,-0.799,-21.832,-1.668,0.388,9,1,0,1,1,0.0663,0.49,-0.82,-14.78,0
0,0.724,0.963,52.1,-1.086,-17.343,-0.316,0.918,12,1,1,1,2,0.0461,4.6,-0.95,2.65,1
1,0.68,1.278,37.8,-0.671,-11.626,-2.119,0.598,16,1,0,2,2,0.0219,0.61,-0.48,4.87,1
1,0.688,0.775,46.2,-2.893,-30.284,-1.291,-1.034,20,1,0,3,2,0.0569,0.74,-0.73,-1.31,0
0,1.0,1.005,55.6,-1.159,-23.168,1.27,0.336,8,2,0,0,1,0.0621,0.39,-0.88,-15.79,0
0,0.586,0.976,54.3,-0.915,-22.767,1.249,-0.62,9,2,1,0,2,0.0626,4.48,-0.55,11.75,1
1,0.605,1.108,55.6,-0.62,-21.052,0.857,2.147,11,2,0,1,2,0.0577,4.61,-0.11,3.1,1
0,1.0,1.133,57.2,-0.249,-14.067,1.865,-0.707,13,2,0,1,3,0.047,0.8,-0.99,-20.84,0
1,1.0,1.154,53.5,-0.084,-11.378,1.167,-0.76,14,2,1,2,3,0.0399,0.41,-0.96,-24.57,0
1,0.681,0.775,45.0,0.351,-32.127,-1.303,-1.485,18,2,2,3,3,0.0927,4.3,-0.47,1.32,1
0,0.565,1.08,57.2,2.928,1.01,2.324,-0.231,7,3,0,0,1,0.054,0.27,-0.94,-18.14,0
0,0.756,1.03,57.9,3.007,6.919,2.725,0.242,11,3,1,0,2,0.041,4.98,-0.29,17.92,1
0,0.819,1.003,58.4,2.304,4.975,1.285,-0.013,14,3,0,0,3,0.0336,4.0,-0.6,21.88,1
1,1.0,0.664,49.4,4.419,6.743,-0.859,1.335,18,3,0,1,3,0.0825,4.24,-0.16,8.91,1
1,1.0,1.063,55.1,2.229,11.649,2.156,-1.605,8,4,0,1,0,0.0472,0.13,-0.9,-20.76,0
0,0.948,0.841,52.6,3.086,13.727,0.859,0.702,10,4,1,1,1,0.0588,1.06,-0.93,-8.33,0
0,0.89,1.296,47.4,2.16,10.022,0.141,-1.068,13,4,1,1,2,0.0412,0.63,-0.79,-23.78,0
0,0.802,1.039,45.2,2.226,10.929,-0.013,-2.191,15,4,2,1,3,0.0404,4.54,-0.09,18.18,1
0,0.596,1.275,47.8,0.91,7.763,0.197,-1.027,7,5,0,0,1,0.0437,5.55,-0.04,16.83,1
0,0.649,0.813,50.2,1.184,9.772,-0.081,-0.04,8,5,0,0,2,0.0615,4.33,-0.82,2.0,1
1,1.0,0.986,43.9,0.984,10.125,-0.479,-1.584,11,5,0,1,2,0.0633,0.38,-0.94,-15.49,0
0,0.882,1.29,48.0,0.649,6.378,0.197,-1.354,14,5,1,1,3,0.0333,5.59,-0.51,22.05,1
1,0.616,0.969,50.7,-1.13,-0.348,-0.306,0.852,8,1,0,1,0,0.0556,0.72,-0.96,-17.63,0
1,0.981,0.791,44.1,-1.399,-2.394,-1.569,-0.539,9,1,1,2,0,0.0663,4.55,-0.95,11.09,1
0,0.614,0.916,54.6,-1.395,-0.605,0.604,-0.967,12,1,0,2,1,0.0708,0.51,-0.7,-13.85,0
0,0.934,0.849,55.4,0.252,8.235,2.386,0.318,15,1,1,2,2,0.0453,4.39,-0.3,16.24,1
0,0.736,0.71,52.7,2.04,16.665,1.119,-0.541,19,1,0,2,3,0.1009,0.53,-0.92,-9.71,0
1,0.946,0.962,53.9,-0.022,3.919,-0.656,0.953,8,2,0,1,0,0.055,0.16,-0.93,-17.81,0
1,1.0,0.865,47.7,-0.297,3.343,-0.933,-0.687,10,2,1,2,0,0.063,4.54,-0.15,1.95,1
1,0.754,1.394,50.7,-0.14,1.471,-0.093,0.957,13,2,0,3,0,0.0302,0.21,-0.73,-16.21,0
0,0.454,1.113,41.8,-0.196,2.651,-0.801,-2.399,7,3,0,0,1,0.0585,3.93,-0.91,8.81,1
1,0.769,1.031,56.9,-0.049,3.069,0.366,2.845,10,3,0,1,1,0.0649,3.48,-0.33,1.89,1
0,1.0,1.198,51.1,-0.041,2.412,0.002,0.188,10,3,0,1,2,0.0546,4.05,-0.71,13.47,1
1,0.803,1.321,44.9,-0.228,0.231,-0.941,1.331,13,3,0,2,2,0.0434,0.6,-0.76,-22.6,0
1,0.702,1.3,46.0,-0.297,-0.597,-0.994,1.125,14,3,1,3,2,0.0371,4.17,-0.59,19.8,1
0,0.725,0.763,56.7,-0.594,2.709,1.423,0.107,16,3,0,3,3,0.0594,4.52,-0.23,12.38,1
1,0.659,0.911,53.2,-0.245,1.975,0.617,-0.4,7,4,0,1,0,0.0574,5.57,-0.34,12.79,1
0,1.0,1.125,56.3,-0.194,2.567,1.139,0.79,7,4,0,1,1,0.0456,4.57,-0.03,2.69,1
1,1.0,0.863,55.4,-0.025,2.538,0.717,1.455,9,4,0,2,1,0.0603,0.6,-0.91,-16.26,0
1,1.0,0.797,49.6,0.013,2.035,-0.153,-0.438,11,4,1,3,1,0.0744,4.86,-0.16,2.76,1
0,0.5,1.371,47.2,0.044,1.42,-0.162,-1.3,13,4,0,3,2,0.0418,4.53,-0.56,20.08,1
0,0.913,1.4,46.6,-0.029,0.122,-0.586,0.313,14,4,0,3,3,0.0314,1.15,-0.27,8.91,1
0,0.619,0.921,49.3,-2.508,-14.569,-1.343,0.493,7,5,0,0,1,0.0431,4.95,-0.32,17.06,1
1,1.0,0.922,40.7,-2.706,-16.623,-2.342,-0.635,9,5,0,1,1,0.0394,0.17,-0.88,-24.86,0
0,1.0,1.058,54.4,-2.583,-14.443,-0.045,1.233,11,5,1,1,2,0.0367,3.8,-0.56,8.4,1
0,1.0,1.124,51.2,-1.911,-12.334,0.09,0.129,15,5,0,1,3,0.029,1.34,-0.13,4.22,1
1,0.759,0.82,50.7,-3.931,-29.877,0.352,1.035,19,5,0,2,3,0.0716,0.08,-0.96,-13.7,0
0,1.0,0.784,56.1,-2.084,-17.268,1.374,1.238,7,1,0,0,1,0.0494,3.99,-0.82,6.58,1
1,0.513,0.955,46.9,-1.827,-21.875,-0.513,1.471,11,1,0,1,1,0.0577,0.14,-0.99,-16.99,0
0,0.705,0.822,60.4,-1.575,-21.644,2.214,0.191,20,1,1,1,2,0.0708,0.02,-0.63,-13.85,0
1,1.0,1.14,54.1,-0.897,-15.461,0.17,-0.67,7,2,0,1,0,0.0468,2.88,-0.67,2.62,1
0,0.567,1.124,46.5,-0.75,-15.065,-0.485,0.345,8,2,0,1,1,0.0441,1.11,-0.41,16.67,1
1,1.0,0.976,43.6,-0.85,-19.674,-1.222,-0.88,10,2,0,2,1,0.0529,4.88,-0.04,3.85,1
1,0.772,1.073,51.0,-0.714,-16.899,-0.108,1.02,11,2,0,3,1,0.0479,0.2,-0.99,-20.44,0
0,1.0,0.673,46.6,-1.45,-21.304,-1.413,-0.524,16,2,1,3,2,0.0435,0.21,-0.99,-22.54,0
0,0.682,0.567,53.0,-1.749,-24.435,-0.257,1.085,16,2,2,3,3,0.0524,3.98,-0.59,6.84,1
0,1.0,0.846,56.4,-1.891,-31.081,1.776,0.777,11,3,0,0,1,0.0688,0.61,-0.85,-14.24,0
0,0.86,0.936,52.1,-1.318,-29.84,1.139,-1.37,13,3,1,0,2,0.0674,0.1,-0.71,-14.55,0
0,1.0,1.118,60.8,-0.394,-10.995,2.532,0.482,15,3,2,0,3,0.0336,0.63,-0.71,-17.57,0
1,0.725,1.219,42.9,-0.171,-14.355,-1.429,0.261,13,4,0,1,0,0.0352,5.99,-0.05,8.92,1
1,0.633,1.067,49.5,0.043,-12.317,0.809,-1.296,19,4,0,2,0,0.0424,0.81,-0.22,8.16,1
1,0.531,0.963,46.6,-0.138,-21.242,-0.801,-1.075,7,5,0,1,0,0.0751,4.52,-0.12,2.07,1
1,0.602,0.879,44.6,-0.202,-20.945,-0.906,-0.617,9,5,0,2,0,0.0658,4.31,-0.16,11.17,1
0,1.0,0.823,49.7,-0.196,-25.17,-0.376,-0.476,12,5,0,2,1,0.0795,-0.02,-0.46,-12.32,0
0,0.769,1.302,53.1,-0.067,-13.667,0.321,0.968,13,5,1,2,2,0.0451,4.99,-0.98,16.31,1
0,0.405,0.879,53.9,-0.378,-18.512,0.704,0.084,17,5,0,2,3,0.0587,4.01,-0.47,14.31,1
0,1.0,1.055,58.6,1.756,-11.398,0.828,1.781,7,1,0,0,1,0.0849,5.43,-0.47,8.65,1
1,1.0,1.141,43.8,1.551,-11.633,-0.872,-1.816,7,1,0,1,1,0.075,5.06,-0.31,3.14,1
0,0.718,0.974,43.6,1.693,-12.735,-0.834,-1.456,8,1,0,1,2,0.0832,0.46,-0.88,-11.78,0
0,1.0,1.006,54.2,2.018,-10.45,1.588,-0.225,11,1,1,1,3,0.1106,4.98,-0.21,7.31,1
0,0.56,1.118,48.9,-0.762,-15.853,-0.726,0.053,7,2,0,0,1,0.0719,4.76,-0.46,2.39,1
1,1.0,1.132,45.1,-0.54,-13.742,-1.063,-0.932,8,2,0,1,1,0.0575,0.22,-0.87,-17.06,0
1,1.0,1.023,43.5,-0.699,-15.611,-1.565,-1.308,9,2,1,2,1,0.06,5.25,-0.23,12.25,1
1,1.0,1.169,35.3,-0.624,-13.749,-2.231,0.035,12,2,0,3,1,0.0479,5.13,-0.99,15.34,1
1,0.757,0.934,53.6,-1.31,-20.015,-0.501,2.215,8,3,0,1,0,0.0606,4.34,-0.46,2.25,1
0,1.0,0.886,52.5,-1.319,-20.553,-0.096,-0.131,9,3,0,1,1,0.0638,4.15,-0.45,11.52,1
1,0.847,1.44,46.4,-0.985,-12.924,-1.258,-0.862,12,3,0,2,1,0.0274,-0.01,-0.96,-17.86,0
1,1.0,1.298,53.7,-1.109,-11.272,-0.424,1.622,14,3,1,3,1,0.0227,0.8,-0.47,10.75,1
0,0.779,0.712,52.7,-3.307,-33.929,0.73,-0.612,18,3,0,3,2,0.0731,-0.01,-0.78,-13.4,0
0,0.637,0.88,52.1,-3.692,-34.223,-0.107,-1.244,7,4,0,0,1,0.0557,0.59,-0.83,-17.59,0
0,0.528,0.98,55.4,-3.249,-34.688,0.854,0.485,10,4,1,0,2,0.059,5.4,-0.87,12.46,1
1,0.869,1.198,46.4,-2.44,-27.818,-0.391,-1.505,11,4,0,1,2,0.0455,4.33,-0.86,16.15,1
0,0.778,0.62,62.4,1.209,-13.925,4.836,-0.108,18,4,0,1,3,0.0614,4.1,-0.68,11.97,1
1,0.629,0.634,49.3,3.592,-28.787,1.721,1.321,20,4,0,2,3,0.1131,0.28,-0.91,-8.67,0
0,1.0,1.229,52.8,1.584,-9.501,0.979,-0.209,7,5,0,0,1,0.0548,0.6,-0.56,-17.87,0
0,0.812,0.953,58.4,2.211,-7.007,2.258,-1.252,11,5,1,0,2,0.0635,4.87,-0.18,3.18,1
0,0.528,0.873,48.1,2.467,-9.371,0.541,-0.557,11,5,0,0,3,0.0709,0.22,-0.94,-13.82,0
1,0.739,1.207,46.5,1.52,-6.849,-0.403,0.902,13,5,1,1,3,0.0449,4.65,-0.75,16.37,1
1,0.68,0.594,46.3,3.133,-2.553,0.155,0.506,18,5,0,2,3,0.0669,0.45,-0.38,-14.65,0
1,1.0,0.624,48.3,4.308,-3.673,0.059,1.158,19,5,1,3,3,0.091,0.04,-0.99,-10.76,0
1,1.0,1.172,43.9,0.159,-9.405,-1.492,0.574,7,1,0,1,0,0.051,0.23,-0.83,-19.2,0
1,0.478,1.114,48.2,0.019,-10.342,-1.1,0.851,8,1,1,2,0,0.0495,4.04,-0.98,6.14,1
0,0.542,0.979,54.2,-0.378,-10.701,0.621,-0.487,11,1,0,2,1,0.0579,3.65,-0.37,2.12,1
1,0.578,1.111,46.2,-0.294,-10.611,-0.4,0.28,13,1,0,3,1,0.0527,0.14,-0.93,-18.6,0
0,0.939,0.773,49.1,-0.967,-14.734,-0.987,-0.62,16,1,1,3,2,0.0476,0.55,-0.78,-20.6,0
0,1.0,0.66,53.4,-1.339,-17.014,-0.038,1.109,17,1,2,3,3,0.0578,0.11,-0.44,-16.94,0
0,0.906,1.105,68.4,0.582,-3.9,3.746,0.235,7,2,0,0,1,0.0596,2.84,-0.11,2.06,1
1,0.519,0.859,57.6,1.547,-5.931,2.127,1.251,9,2,0,1,1,0.0792,0.28,-0.97,-12.38,0
1,0.824,0.935,52.5,1.41,-6.202,0.97,0.899,9,2,1,2,1,0.0794,0.6,-1.0,-13.58,0
0,0.478,1.092,48.1,1.461,-6.858,-0.027,0.117,12,2,2,2,2,0.0732,5.51,-0.79,11.48,1
1,1.0,1.29,35.0,0.547,-8.248,-2.399,-0.564,14,2,0,3,2,0.0444,0.81,-0.97,-22.08,0
0,1.0,0.945,48.7,-0.435,-17.017,-1.425,-0.236,18,2,1,3,3,0.0761,0.59,-0.62,-7.28,0
1,1.0,1.387,45.9,-0.833,-12.68,-1.09,0.559,7,3,0,1,0,0.0455,0.84,-0.97,-21.54,0
1,1.0,1.037,46.5,-1.313,-14.824,-1.204,0.155,10,3,1,2,0,0.0453,1.02,-0.13,16.24,1
0,1.0,1.087,54.2,-1.21,-12.408,0.106,2.068,10,3,0,2,1,0.0417,0.83,-0.96,13.19,1
1,0.576,1.38,44.1,-0.759,-10.829,-0.985,-0.306,14,3,0,3,1,0.0325,0.87,-0.85,-4.68,0
0,0.81,0.674,44.4,-1.644,-24.207,-1.38,-1.363,17,3,1,3,2,0.0681,0.59,-0.65,-14.38,0
0,0.499,0.919,42.1,-2.306,-30.372,-0.843,-1.813,20,3,2,3,3,0.0871,4.52,-0.16,9.64,1
1,1.0,1.121,48.3,0.013,-12.518,0.056,-0.562,7,4,0,1,0,0.055,0.03,-0.98,-17.8,0
1,0.729,0.938,46.7,-0.101,-15.589,-0.609,0.612,8,4,1,2,0,0.0634,5.75,-0.76,4.45,1
0,1.0,0.971,55.1,-0.181,-13.597,0.649,0.56,10,4,0,2,1,0.0598,0.68,-0.88,-16.39,0
1,1.0,0.558,50.9,0.748,-17.784,-0.324,0.082,17,4,1,3,1,0.0912,0.15,-0.88,-10.74,0
1,0.428,0.933,54.2,-0.338,-18.248,1.109,0.54,11,5,0,1,0,0.0843,5.36,-0.47,4.11,1
0,1.0,1.244,56.5,-0.087,-12.92,1.183,0.528,12,5,0,1,1,0.0628,0.92,-0.91,23.42,1
1,0.793,0.684,36.6,-2.138,-26.593,-4.661,0.795,16,5,0,2,1,0.0384,3.78,-0.08,2.96,1
1,0.771,0.862,46.2,-4.394,-37.357,-2.136,0.24,20,5,0,3,1,0.0543,4.36,-0.15,4.59,1
1,0.535,1.083,48.8,-2.634,-24.573,-0.612,-0.388,10,1,0,1,0,0.0368,4.31,-0.12,19.96,1
0,0.756,0.95,61.7,-2.539,-22.986,2.409,-0.296,12,1,0,1,1,0.0421,0.6,-0.97,-23.26,0
0,0.914,1.052,55.8,-1.909,-19.351,1.491,0.106,13,1,1,1,2,0.0364,4.71,-0.51,6.11,1
0,0.525,0.724,51.8,-1.804,-29.81,1.231,-0.6,16,1,0,1,3,0.058,4.15,-0.94,12.67,1
1,1.0,0.85,41.2,-2.116,-48.023,-1.491,0.194,20,1,0,2,3,0.0811,0.9,-0.85,-4.12,0
1,1.0,1.013,43.6,-0.878,-28.071,-1.004,-0.505,7,2,0,1,0,0.0573,0.96,-0.9,12.42,1
0,1.0,1.096,52.1,-0.705,-27.406,0.587,-0.176,13,2,0,1,1,0.0604,5.18,-0.61,12.17,1
1,0.888,0.65,50.7,-1.897,-29.383,-1.561,0.311,18,2,0,2,1,0.0396,0.64,-0.97,-23.01,0
1,0.984,0.695,49.3,-3.047,-39.308,-1.329,1.367,20,2,1,3,1,0.0515,0.15,-0.73,-17.68,0
1,1.0,0.968,44.0,-2.899,-37.081,-1.527,-1.175,10,3,0,1,0,0.0371,0.18,-0.51,-24.52,0
1,1.0,1.066,42.5,-2.65,-34.404,-1.634,-0.26,10,3,1,2,0,0.0339,3.87,-0.14,3.36,1
1,0.515,1.368,42.4,-1.929,-23.665,-1.204,-1.315,13,3,0,3,0,0.022,1.33,-0.7,30.99,1
0,0.639,0.922,47.3,-3.193,-48.948,0.523,-1.501,8,4,0,0,1,0.0441,4.69,-0.22,15.49,1
1,0.723,0.98,43.4,-2.971,-55.3,-0.9,-0.384,11,4,0,1,1,0.0479,0.29,-0.95,-19.01,0
1,0.663,1.383,42.3,-1.842,-35.641,-1.202,-0.254,12,4,1,2,1,0.0298,1.26,-0.42,3.81,1
0,1.0,1.292,48.4,-1.542,-30.047,-0.348,0.511,14,4,0,2,2,0.0255,1.38,-0.02,4.46,1
0,0.721,0.801,48.5,-1.972,-39.114,-0.017,-2.561,16,4,0,2,3,0.0337,0.8,-0.2,-27.03,0
1,0.572,1.043,52.4,0.794,-34.302,-0.359,1.139,7,5,0,1,0,0.0461,0.08,-0.92,-19.75,0
0,0.516,0.971,66.3,0.788,-24.7,2.895,-0.121,9,5,1,1,1,0.0401,4.59,-0.64,17.03,1
1,1.0,0.861,50.6,1.069,-28.587,1.035,0.401,10,5,0,2,1,0.0451,0.04,-0.7,-20.19,0
1,0.559,0.737,49.2,1.513,-34.841,0.233,0.747,11,5,1,3,1,0.0532,0.65,-0.98,-17.12,0
0,0.498,0.736,44.8,1.455,-34.157,-0.042,-2.425,19,5,2,3,2,0.0544,4.37,-0.18,14.34,1
0,1.0,0.676,52.9,6.516,-10.397,1.662,0.309,11,1,0,0,1,0.0858,0.25,-0.77,-10.61,0
0,0.913,1.244,62.3,3.331,-2.212,2.235,0.749,13,1,1,0,2,0.046,0.35,-0.67,-21.3,0
1,1.0,1.267,57.6,2.701,-1.32,1.593,0.585,14,1,2,1,2,0.0373,0.12,-0.99,-26.29,0
1,1.0,1.07,58.4,2.004,-9.786,0.879,1.366,7,2,0,1,0,0.0697,5.21,-0.22,10.55,1
0,1.0,0.894,55.5,2.749,-6.1,2.16,-1.05,10,2,0,1,1,0.0833,1.0,-0.95,17.65,1
1,1.0,1.008,45.3,2.807,-6.859,-0.008,-0.584,11,2,0,2,1,0.0772,5.27,-0.41,9.52,1
0,0.929,1.285,47.6,2.171,-4.348,0.148,-1.223,13,2,0,2,2,0.0563,5.23,-0.36,13.06,1
1,0.699,1.108,41.8,1.511,-6.696,-1.415,0.077,15,2,0,3,2,0.0458,4.83,-0.49,14.89,1
0,1.0,0.82,54.1,1.655,-6.207,0.717,0.191,18,2,0,3,3,0.0656,4.22,-0.48,5.05,1
0,1.0,1.065,55.9,0.807,-7.766,0.307,1.221,7,3,0,0,1,0.0722,5.45,-0.37,10.18,1
1,0.649,0.994,48.4,0.735,-9.516,-0.584,0.234,8,3,0,1,1,0.0748,4.33,-0.55,9.84,1
1,0.503,1.003,50.7,0.604,-9.95,-0.095,0.966,12,3,0,2,1,0.0829,5.4,-0.59,2.65,1
0,0.913,1.444,64.9,0.416,-1.608,2.131,1.509,14,3,0,2,2,0.0388,0.05,-0.3,35.22,1
0,1.0,1.036,44.0,-0.093,-9.531,-1.003,0.605,7,4,0,0,1,0.0574,4.62,-0.69,12.81,1
0,1.0,1.042,34.2,-0.915,-14.324,-2.995,0.114,10,4,0,0,2,0.0471,4.4,-0.53,14.5,1
1,0.683,1.352,58.6,-1.29,-10.771,0.078,1.817,13,4,0,1,2,0.0321,4.66,-0.46,6.17,1
0,0.887,1.176,53.2,-1.396,-11.578,-0.008,0.328,13,4,0,1,3,0.0347,4.9,-0.3,19.65,1
0,0.637,0.99,56.0,-3.633,-28.218,1.293,-0.606,9,5,0,0,1,0.0466,4.0,-0.3,14.64,1
1,0.854,0.894,30.0,-4.119,-42.431,-2.097,-0.633,11,5,0,1,1,0.0633,4.77,-0.77,10.77,1
1,0.708,0.988,58.8,-3.541,-36.352,0.666,2.214,12,5,0,2,1,0.0573,0.37,-0.82,-15.88,0
1,0.528,0.817,52.5,-1.162,-28.493,0.68,0.649,8,1,0,1,0,0.0742,4.93,-0.38,9.21,1
0,0.859,0.985,62.7,-0.424,-20.777,2.238,0.342,10,1,0,1,1,0.0631,3.8,-0.78,1.81,1
1,0.541,1.058,58.9,-0.194,-19.735,1.419,1.004,12,1,0,2,1,0.0602,0.12,-0.97,-15.13,0
1,0.899,0.981,43.8,-0.203,-22.074,-0.203,-0.864,12,1,1,3,1,0.0629,0.09,-0.97,-14.46,0
0,0.754,0.663,39.9,-0.593,-28.734,-2.368,-2.096,17,1,2,3,2,0.0657,0.28,-0.94,-13.85,0
0,0.952,0.878,53.9,-1.168,-38.994,0.676,0.286,20,1,3,3,3,0.0985,0.58,-0.95,0.34,1
0,1.0,0.876,51.7,-2.964,-32.066,0.452,-1.628,10,2,0,0,1,0.0538,0.56,-0.93,-16.93,0
1,0.816,1.199,48.5,-1.759,-23.751,-0.348,0.454,13,2,1,1,1,0.0385,4.35,-0.56,17.72,1
0,0.653,0.624,46.2,-1.871,-35.77,0.146,-2.273,17,2,0,1,2,0.0638,0.36,-0.84,-14.26,0
1,1.0,0.859,35.0,-2.37,-51.401,-2.996,0.134,20,2,1,2,2,0.0807,0.74,-0.86,-11.27,0
1,1.0,0.871,53.1,-2.923,-35.561,0.849,-0.086,7,3,0,1,0,0.0536,0.08,-0.75,-16.97,0
0,0.633,0.929,40.5,-2.529,-35.024,-0.95,-1.13,8,3,1,1,1,0.0503,0.17,-0.67,-18.11,0
1,0.663,0.978,52.6,-2.43,-32.442,0.457,1.484,8,3,2,2,1,0.0483,0.26,-0.92,-18.84,0
1,0.813,0.971,46.0,-2.431,-39.952,-1.289,1.213,10,3,3,3,1,0.0547,0.07,-0.72,-16.65,0
0,0.676,0.863,55.6,-3.708,-43.682,0.16,0.429,20,3,4,3,2,0.0445,0.02,-0.84,-20.45,0
1,0.892,1.087,56.0,-2.027,-33.57,0.477,0.637,8,4,0,1,0,0.0368,4.54,-0.3,3.89,1
0,1.0,1.021,53.8,-2.131,-34.623,0.7,-0.669,8,4,0,1,1,0.0386,4.45,-0.45,10.88,1
1,1.0,0.85,45.2,-3.098,-56.328,-0.837,-0.246,11,4,0,2,1,0.0604,0.7,-0.51,22.59,1
0,0.832,1.012,53.6,-0.902,-20.781,1.149,0.558,15,4,0,2,2,0.0242,-0.0,-1.0,-17.35,0
0,1.0,0.643,52.2,-0.702,-43.599,1.231,0.226,18,4,1,2,3,0.0531,-0.0,-0.88,-15.81,0
1,1.0,1.018,47.3,-0.214,-37.516,0.036,-0.642,20,4,2,3,3,0.0455,0.0,-0.8,-18.48,0
0,0.425,0.98,51.6,-0.555,-35.866,1.095,-1.865,8,5,0,0,1,0.0473,0.07,-0.96,-20.28,0
0,0.99,1.086,53.8,-0.032,-29.972,1.56,-1.156,10,5,1,0,2,0.0434,0.21,-0.97,-19.37,0
0,0.566,1.028,56.3,0.336,-32.192,1.994,-0.587,11,5,2,0,3,0.0486,4.55,-0.47,3.33,1
1,1.0,0.956,49.7,0.461,-35.444,0.427,-0.136,12,5,0,1,3,0.0517,4.27,-0.03,12.17,1
1,0.706,1.003,60.1,0.83,-18.772,2.349,-0.804,15,5,0,2,3,0.0342,4.3,-0.18,3.83,1
1,1.0,0.808,56.0,1.163,-20.979,2.009,-0.197,16,5,0,3,3,0.0399,0.03,-0.78,-21.05,0
0,1.0,0.983,53.9,0.456,-26.664,0.274,0.27,7,1,0,0,1,0.0509,4.37,-1.0,12.38,1
1,1.0,0.94,40.7,0.201,-28.17,-1.308,-0.604,9,1,0,1,1,0.0508,0.09,-0.98,-16.54,0
0,0.881,1.111,43.4,-0.39,-22.669,-1.378,-0.535,15,1,1,1,2,0.0338,0.43,-0.8,-4.95,0
1,0.942,0.819,49.2,-0.727,-28.839,1.207,-0.068,9,2,0,1,0,0.0468,4.06,-0.77,6.98,1
0,1.0,0.588,49.6,0.363,-54.949,-0.022,-1.084,18,2,0,1,1,0.0956,4.96,-0.58,6.58,1
0,0.452,0.966,50.0,-1.662,-36.552,-0.095,-0.665,9,3,0,0,1,0.0506,-0.03,-0.95,-18.99,0
1,0.703,1.218,57.0,-0.234,-19.288,2.064,-0.187,13,3,1,1,1,0.0363,4.96,-0.03,17.36,1
1,0.612,0.817,47.1,3.103,-25.145,-0.461,0.662,19,3,0,2,1,0.067,0.32,-0.85,-12.53,0
1,0.797,1.089,48.1,1.267,-14.662,0.091,-0.934,8,4,0,1,0,0.0447,4.68,-0.06,6.64,1
0,0.805,0.89,48.9,1.432,-15.658,0.418,-0.822,9,4,0,1,1,0.0508,4.39,-0.32,3.13,1
0,0.556,1.351,60.8,0.895,-1.87,2.751,-0.441,14,4,0,1,2,0.0219,1.47,-0.33,28.75,1
1,0.507,0.713,47.9,2.28,-5.291,0.306,0.054,16,4,0,2,2,0.0395,0.24,-0.98,-21.29,0
0,0.636,0.829,49.9,2.807,-6.617,0.327,-1.302,19,4,1,2,3,0.0509,4.6,-0.21,4.26,1
1,0.732,1.122,55.2,3.884,5.087,0.848,-0.825,7,5,0,1,0,0.052,4.57,-0.22,4.22,1
0,0.537,0.986,47.2,3.865,5.512,0.153,-1.322,8,5,0,1,1,0.0546,4.52,-0.71,2.23,1
0,1.0,0.807,52.8,5.385,9.923,0.891,-0.59,11,5,0,1,2,0.0849,4.83,-0.44,7.41,1
1,1.0,1.248,42.5,3.322,4.428,-1.024,-0.468,13,5,0,2,2,0.0557,-0.03,-0.92,-15.07,0
1,0.841,1.173,47.9,2.883,3.246,-0.843,0.755,14,5,1,3,2,0.0528,4.07,-0.56,10.2,1
1,0.634,1.128,45.8,1.035,-0.496,-1.228,-0.619,7,1,0,1,0,0.0481,5.03,-0.67,13.1,1
0,0.829,0.99,50.6,1.086,0.514,-0.224,-1.823,8,1,0,1,1,0.0568,4.58,-0.09,11.09,1
1,1.0,1.351,45.7,0.39,-1.832,-0.866,0.894,13,1,0,2,1,0.0439,0.58,-0.88,-19.15,0
1,1.0,1.325,44.2,0.222,-2.414,-1.05,-0.202,14,1,1,3,1,0.0319,4.48,-0.14,6.91,1
0,1.0,0.751,56.1,1.505,2.646,2.05,1.074,20,1,0,3,2,0.101,0.47,-0.93,-8.32,0
0,0.411,0.9,43.5,-0.791,-7.227,-1.178,-0.746,8,2,0,0,1,0.0617,0.04,-0.99,-15.57,0
0,0.789,0.701,49.3,-0.799,-7.335,0.216,-1.11,11,2,1,0,2,0.0831,0.03,-0.96,-10.1,0
1,0.809,0.716,44.5,0.601,-2.281,-1.148,1.292,16,2,2,1,2,0.0513,0.49,-0.76,-16.38,0
1,0.582,0.928,36.1,-1.133,-13.877,-4.418,0.45,10,3,0,1,0,0.0369,4.62,-0.85,17.06,1
0,0.96,1.157,55.0,-1.705,-8.72,0.539,-0.48,13,3,0,1,1,0.0303,5.07,-0.45,20.77,1
0,1.0,0.959,51.7,-2.041,-12.431,1.458,-1.507,19,3,0,1,2,0.0464,0.82,-0.5,0.19,1
0,0.534,1.031,64.2,-0.757,-7.07,3.256,-0.308,7,4,0,0,1,0.0449,-0.03,-0.91,-18.72,0
0,0.64,0.881,60.5,-0.477,-6.377,3.055,0.214,8,4,1,0,2,0.0515,4.37,-0.59,12.23,1
1,0.734,0.924,51.3,0.521,-9.618,0.643,1.055,11,4,0,1,2,0.0663,0.35,-0.97,-12.66,0
0,0.869,1.419,56.2,0.299,-4.442,1.168,0.856,12,4,1,1,3,0.0393,0.56,-0.8,-21.39,0
1,0.819,1.005,42.4,0.267,-8.081,-1.515,-1.227,8,5,0,1,0,0.0657,0.06,-0.93,-12.79,0
1,0.86,0.943,39.9,0.02,-10.335,-2.177,1.319,9,5,1,2,0,0.0672,4.87,-0.39,9.37,1
0,0.636,0.924,52.9,-0.113,-9.693,-0.11,0.206,10,5,0,2,1,0.0742,5.45,-0.45,8.48,1
1,1.0,1.12,48.6,-0.299,-8.713,-0.462,-0.675,12,5,0,3,1,0.0616,0.11,-0.26,20.45,1
0,1.0,1.392,51.8,-0.218,-5.83,0.13,0.863,12,5,0,3,2,0.0449,4.81,-0.07,14.02,1
0,0.522,1.353,50.8,-0.155,-4.236,-0.046,-0.455,14,5,0,3,3,0.0282,0.68,-0.95,-4.94,0
1,0.753,1.091,45.7,-1.484,-13.262,-1.025,-0.743,7,1,0,1,0,0.0446,4.35,-0.72,14.11,1
1,1.0,1.056,37.5,-1.343,-14.66,-1.714,-1.518,10,1,0,2,0,0.0511,4.78,-0.05,2.31,1
1,0.731,0.853,35.2,-1.903,-20.232,-3.432,-0.44,17,1,0,3,0,0.0394,0.37,-0.95,-21.33,0
0,1.0,0.897,42.5,-3.588,-29.79,-2.111,-0.697,19,1,1,3,1,0.0568,0.03,-0.96,-14.78,0
0,0.67,1.073,50.3,-1.767,-23.513,0.793,-0.912,7,2,0,0,1,0.065,4.62,-0.68,9.69,1
1,0.775,1.079,47.6,-1.498,-22.808,-0.058,0.687,8,2,0,1,1,0.0606,0.29,-0.86,-13.85,0
0,0.642,0.98,56.5,-0.031,-4.659,2.057,0.041,14,2,1,1,2,0.0291,0.09,-0.61,-28.82,0
0,1.0,0.994,58.4,0.248,-3.457,2.117,0.529,15,2,2,1,3,0.0266,1.41,-0.23,23.67,1
1,0.874,0.596,45.3,1.328,-14.601,-0.709,0.212,17,2,0,2,3,0.0646,0.33,-0.82,-13.0,0
1,0.872,0.81,37.5,1.023,-15.367,-2.245,-1.671,18,2,1,3,3,0.0583,0.78,-0.61,1.58,1
1,1.0,1.148,55.6,-0.731,-16.794,0.077,0.874,7,3,0,1,0,0.0543,-0.01,-1.0,-15.46,0
1,0.704,1.031,44.9,-0.819,-20.534,-1.149,0.374,7,3,1,2,0,0.0609,0.14,-0.83,-13.8,0
0,1.0,0.885,50.3,-0.977,-22.422,0.002,-0.214,10,3,2,2,1,0.0694,0.42,-0.82,-12.1,0
0,1.0,1.045,51.8,0.205,-9.151,1.12,-0.496,15,3,3,2,2,0.0436,4.64,-0.04,14.45,1
1,0.795,0.939,45.7,0.213,-11.039,-0.185,0.294,15,3,0,3,2,0.0454,-0.02,-0.95,-18.52,0
0,0.71,0.944,63.4,0.26,-8.663,2.654,-0.369,18,3,1,3,3,0.0487,4.6,-0.14,12.94,1
0,1.0,1.085,47.5,-0.852,-20.349,-0.884,0.741,7,4,0,0,1,0.0672,0.97,-1.0,-12.51,0
0,1.0,0.796,48.7,-1.04,-25.426,-0.065,-1.63,9,4,1,0,2,0.0867,4.56,-1.0,7.27,1
1,0.583,1.267,53.3,-0.593,-15.756,0.242,1.638,11,4,0,1,2,0.0541,5.53,-0.46,3.05,1
0,1.0,0.788,46.1,-1.071,-15.154,-0.952,-2.16,16,4,0,1,3,0.0366,4.95,-0.14,17.2,1
1,0.672,0.732,42.8,-2.046,-26.872,-2.088,0.733,18,4,0,2,3,0.0575,0.65,-0.96,-14.6,0
1,1.0,1.006,46.5,-1.934,-25.374,-1.328,1.033,20,4,1,3,3,0.0519,0.03,-0.96,-16.18,0
1,0.659,0.961,54.7,-1.285,-19.582,1.169,-0.405,7,5,0,1,0,0.0517,0.29,-0.98,-16.24,0
1,0.683,1.012,52.7,-0.986,-18.663,0.527,0.553,9,5,1,2,0,0.0487,0.73,-0.94,-10.58,0
0,1.0,0.692,57.8,-0.509,-13.542,2.191,-0.296,16,5,2,2,1,0.044,4.28,-0.49,9.61,1
1,0.862,0.824,44.9,0.155,-25.587,-0.546,0.206,19,5,0,3,1,0.0745,4.68,-0.14,8.46,1
1,0.662,0.969,50.0,0.38,-19.876,-0.551,1.331,7,1,0,1,0,0.0725,4.18,-0.93,8.68,1
0,0.635,1.279,56.6,0.201,-10.485,1.211,-0.654,8,1,0,1,1,0.0468,0.75,-0.66,-17.96,0
0,1.0,0.985,52.4,0.095,-11.504,0.063,0.779,15,1,1,1,2,0.0444,1.14,-0.68,4.28,1
1,1.0,0.83,48.4,-0.222,-21.333,-0.59,0.874,18,1,0,2,2,0.0771,0.88,-0.73,16.35,1
0,1.0,0.996,55.4,-0.183,-18.926,0.489,1.904,19,1,0,2,3,0.0717,0.97,-0.04,5.91,1
1,0.597,0.877,50.1,2.775,-2.26,0.87,0.992,9,2,0,1,0,0.0714,0.69,-0.89,-11.76,0
1,0.415,0.896,46.1,2.669,-4.621,-0.812,0.764,12,2,1,2,0,0.0795,3.13,-0.23,1.51,1
0,1.0,1.045,47.6,2.188,-3.647,-0.529,0.254,12,2,0,2,1,0.0652,5.2,-0.05,2.48,1
0,0.697,0.875,56.4,1.375,-0.222,1.607,-1.097,15,2,0,2,2,0.0529,0.81,-0.78,-15.87,0
0,0.754,0.752,56.5,4.011,3.963,2.131,-0.82,20,2,1,2,3,0.1161,4.82,-0.14,5.43,1
1,0.949,1.263,38.8,3.099,8.189,-1.31,-0.323,7,3,0,1,0,0.0526,0.83,-0.92,2.07,1
0,0.702,0.971,48.4,3.169,11.13,-0.303,-0.113,10,3,0,1,1,0.0698,0.24,-0.81,-12.04,0
1,0.63,0.741,44.0,3.044,15.994,0.357,-1.504,16,3,1,2,1,0.0578,0.33,-0.98,-14.52,0
1,0.692,0.826,41.5,4.131,16.991,-1.497,0.163,18,3,2,3,1,0.0721,0.18,-0.85,-11.64,0
1,0.709,0.864,38.7,0.444,2.46,-3.182,-1.957,9,4,0,1,0,0.0608,0.54,-0.97,-13.82,0
1,0.611,1.325,44.2,-0.599,-3.007,-1.78,1.029,14,4,1,2,0,0.0281,0.64,-0.68,-6.82,0
1,0.702,0.756,46.6,-2.913,-10.304,-1.607,0.902,18,4,2,3,0,0.0764,4.0,-0.36,5.81,1
0,0.855,0.881,60.9,-1.205,-5.184,2.647,0.876,11,5,0,0,1,0.0844,4.16,-0.23,7.46,1
0,0.881,1.087,50.3,-0.749,-5.454,0.87,-0.701,12,5,0,0,2,0.0738,5.17,-0.5,8.54,1
0,0.514,1.125,58.2,-0.219,-0.763,1.55,-0.787,15,5,0,0,3,0.0387,4.19,-0.59,16.26,1
1,0.468,0.897,43.1,-0.303,-7.715,-1.758,-0.556,20,5,0,1,3,0.0882,0.38,-0.47,15.19,1
0,0.556,1.097,55.1,1.179,5.993,1.098,-0.777,7,1,0,0,1,0.0706,5.86,-0.06,8.92,1
0,0.964,0.932,52.1,1.121,4.923,0.227,0.953,9,1,0,0,2,0.0727,5.46,-1.0,3.16,1
0,0.631,1.039,41.3,1.048,3.492,-0.869,-1.797,10,1,0,0,3,0.0665,0.2,-0.98,-12.62,0
1,0.819,1.153,41.3,0.414,-0.557,-1.613,0.877,14,1,1,1,3,0.0423,4.03,-0.2,14.91,1
0,0.902,1.009,55.9,-1.84,-8.443,0.331,-0.298,7,2,0,0,1,0.0798,0.41,-0.9,-10.53,0
0,1.0,0.924,46.6,-1.586,-11.561,-1.514,-0.969,11,2,1,0,2,0.0621,0.61,-0.73,-13.54,0
0,1.0,1.104,49.4,-1.488,-8.873,-0.446,0.201,13,2,2,0,3,0.0502,5.11,-0.83,12.55,1
1,1.0,0.681,35.6,-2.525,-22.746,-2.821,-0.509,19,2,0,1,3,0.1138,4.17,-0.2,0.93,1
1,0.846,0.737,47.0,-2.423,-20.742,-1.383,0.912,19,2,0,2,3,0.1092,4.37,-0.97,0.96,1
0,0.967,0.817,62.1,-1.306,-9.893,3.085,-0.788,7,3,0,0,1,0.0979,4.56,-0.15,6.44,1
1,0.744,0.832,44.0,-0.786,-13.551,-0.55,0.351,9,3,0,1,1,0.1001,0.16,-0.96,-8.38,0
1,0.553,1.107,51.7,-0.627,-12.528,-0.354,1.94,11,3,1,2,1,0.085,0.69,-0.97,-9.88,0
1,0.531,1.47,43.0,-0.578,-8.383,-1.499,0.362,14,3,2,3,1,0.0359,-0.0,-0.94,-23.41,0
0,0.876,1.535,50.0,-0.012,0.109,1.068,-1.669,19,3,3,3,2,0.0171,1.08,-0.11,7.02,1
1,0.758,1.064,55.9,-0.039,-4.599,-0.386,1.436,7,4,0,1,0,0.0436,4.85,-0.93,14.44,1
1,0.619,0.789,55.3,0.735,1.336,1.868,0.535,12,4,0,2,0,0.0589,-0.01,-0.94,-14.27,0
0,0.623,0.976,46.2,0.588,0.167,0.407,-1.553,12,4,1,2,1,0.0471,0.95,-0.97,-17.83,0
1,1.0,0.971,52.4,0.912,2.715,1.032,-0.165,15,4,2,3,1,0.0309,4.4,-0.28,20.4,1
0,1.0,0.874,54.0,2.824,10.917,1.432,-1.632,20,4,0,3,2,0.0739,1.02,-0.14,8.53,1
0,0.671,1.263,45.9,0.247,0.401,-0.738,-0.162,7,5,0,0,1,0.06,4.32,-0.24,3.97,1
1,0.937,0.971,41.8,0.012,-4.626,-2.369,0.993,9,5,0,1,1,0.063,0.68,-0.93,-13.32,0
1,0.699,1.455,46.8,-0.615,-4.813,-1.121,0.795,13,5,1,2,1,0.042,0.02,-0.98,-20.02,0
1,1.0,1.46,43.1,-0.676,-5.653,-1.751,1.234,14,5,2,3,1,0.034,4.4,-0.17,18.54,1
0,0.573,1.157,49.0,0.1,-1.83,0.029,0.739,7,1,0,0,1,0.0536,4.5,-0.19,11.75,1
1,0.564,0.857,48.6,0.105,-3.417,-0.439,-0.542,8,1,0,1,1,0.0679,0.35,-0.89,-12.38,0
1,0.872,0.885,45.6,-0.301,-6.0,-1.228,-0.112,11,1,1,2,1,0.0753,0.15,-0.99,-11.16,0
0,1.0,0.807,49.8,-0.854,-8.138,-0.708,0.709,16,1,2,2,2,0.0583,0.89,-0.96,-14.42,0
0,0.782,0.873,64.1,-1.492,-7.046,3.295,0.363,20,1,3,2,3,0.1035,5.21,-0.34,2.03,1
0,0.599,1.055,53.9,0.254,-2.105,0.816,0.903,7,2,0,0,1,0.0705,0.3,-0.89,-11.92,0
0,0.974,1.071,59.9,0.298,-0.741,1.571,1.205,8,2,1,0,2,0.066,4.79,-0.13,9.54,1
0,0.651,1.412,54.6,0.133,-0.076,1.08,-0.854,13,2,0,0,3,0.0377,0.89,-0.45,-22.25,0
1,0.543,0.872,39.7,1.436,2.453,-1.249,0.464,19,2,1,1,3,0.0695,0.65,-1.0,-12.08,0
1,1.0,0.671,40.5,2.003,2.256,-2.112,-1.167,20,2,2,2,3,0.1052,4.29,-0.42,5.99,1
0,1.0,1.269,63.6,2.279,14.141,3.577,-0.69,7,3,0,0,1,0.0376,4.18,-0.19,5.59,1
1,1.0,0.954,62.8,4.185,22.187,1.599,2.269,11,3,0,1,1,0.0635,4.51,-0.23,9.91,1
0,0.794,1.33,52.7,2.014,14.311,1.242,-0.166,13,3,0,1,2,0.0311,0.28,-0.85,-27.02,0
0,0.573,1.006,48.7,3.597,33.528,0.475,-2.233,9,4,0,0,1,0.0492,4.78,-0.54,5.74,1
1,0.963,1.187,45.0,2.992,28.052,-0.885,-0.455,12,4,0,1,1,0.0439,4.09,-0.46,2.39,1
1,0.506,0.908,40.1,1.608,17.975,-2.22,0.289,16,4,0,2,1,0.0331,3.48,-0.3,9.07,1
0,0.549,1.11,55.7,1.401,27.347,0.424,2.053,20,4,0,2,2,0.0465,4.22,-0.08,5.89,1
0,0.658,1.186,62.7,1.749,29.067,2.833,-0.144,7,5,0,0,1,0.0417,0.83,-0.96,-20.14,0
0,0.831,0.833,60.4,3.519,46.446,2.983,0.472,11,5,1,0,2,0.057,5.71,-0.6,11.06,1
1,0.687,1.299,54.7,1.656,19.988,1.349,0.276,14,5,0,1,2,0.0235,0.36,-0.99,-19.39,0
0,0.87,0.883,52.0,3.618,49.291,0.499,-1.268,19,5,1,1,3,0.0598,0.93,-0.65,-9.86,0
0,0.625,1.069,58.0,2.338,40.914,2.027,-1.235,7,1,0,0,1,0.0579,0.05,-0.78,-15.71,0
1,0.826,0.867,48.6,3.078,47.366,0.42,0.816,9,1,1,1,1,0.0676,-0.01,-0.77,-13.46,0
1,1.0,0.767,44.3,3.813,58.807,-0.768,0.676,10,1,2,2,1,0.0866,0.16,-0.99,-10.5,0
1,0.917,0.961,46.3,3.107,50.501,-1.122,1.021,11,1,3,3,1,0.0766,0.29,-0.98,-11.88,0
0,0.585,1.375,45.6,1.409,29.23,-0.849,-0.699,13,1,4,3,2,0.0424,5.57,-0.12,5.28,1
0,0.604,0.856,57.1,1.464,38.931,1.874,-1.467,16,1,0,3,3,0.0538,0.56,-0.99,-16.91,0
1,1.0,0.815,43.6,1.796,35.518,-2.913,0.849,8,2,0,1,0,0.0535,4.74,-0.5,12.76,1
0,0.961,1.025,62.9,1.149,45.281,1.848,0.877,11,2,0,1,1,0.0609,0.43,-0.96,-14.94,0
0,0.518,1.327,55.3,1.125,33.441,1.171,0.335,13,2,1,1,2,0.0437,0.35,-0.94,-20.81,0
0,0.812,0.578,45.5,2.118,56.549,-1.022,-0.517,17,2,2,1,3,0.0779,4.89,-0.62,8.77,1
0,0.462,0.724,44.3,2.361,69.243,0.06,-1.529,9,3,0,0,1,0.0947,-0.03,-0.67,-10.98,0
0,1.0,1.124,57.0,1.396,43.317,1.751,-0.367,9,3,1,0,2,0.056,3.71,-0.91,2.9,1
1,0.565,0.688,52.1,1.434,33.678,0.369,1.172,16,3,0,1,2,0.0417,0.25,-0.99,-21.8,0
1,0.744,0.936,41.3,-0.271,31.795,-2.614,0.002,8,4,0,1,0,0.058,4.52,-0.09,2.47,1
0,0.559,0.962,45.0,-0.6,44.405,-0.237,-2.641,11,4,0,1,1,0.0744,0.15,-0.99,-12.23,0
0,0.751,1.498,58.1,-0.286,26.54,0.879,0.914,12,4,1,1,2,0.0425,5.6,-0.97,16.05,1
1,0.905,0.833,44.1,-0.255,22.046,-1.678,-0.144,16,4,0,2,2,0.0423,0.99,-0.98,-21.51,0
1,0.869,0.855,39.7,-1.155,32.413,-2.542,-1.775,19,4,1,3,2,0.0671,0.94,-0.71,10.94,1
0,0.426,1.022,52.5,-2.524,26.636,0.617,-1.171,7,5,0,0,1,0.0732,0.13,-0.96,-14.21,0
0,0.579,0.896,61.1,-1.563,37.36,2.784,-0.329,10,5,1,0,2,0.0844,0.97,-0.7,-10.79,0
0,1.0,1.392,62.0,-0.479,25.14,2.595,0.095,12,5,2,0,3,0.0493,0.28,-0.93,-18.46,0
1,0.827,1.056,55.3,0.212,26.039,1.792,0.188,15,5,3,1,3,0.0466,0.98,-0.94,-19.52,0
1,1.0,0.713,44.3,1.091,44.742,-0.639,0.686,18,5,4,2,3,0.0837,0.47,-0.74,-10.87,0
1,1.0,0.918,44.4,0.788,37.875,-1.024,-0.118,19,5,5,3,3,0.0727,0.56,-0.83,4.73,1
0,1.0,1.019,49.0,1.064,32.779,0.227,-0.98,7,1,0,0,1,0.0656,0.05,-0.83,-13.87,0
0,1.0,1.014,56.7,1.049,34.017,1.463,-0.148,7,1,1,0,2,0.0646,4.37,-0.29,10.56,1
0,1.0,0.913,50.5,1.296,40.022,0.294,0.418,11,1,0,0,3,0.0783,4.83,-0.28,2.56,1
1,0.704,1.345,41.7,0.527,21.421,-1.224,0.279,13,1,0,1,3,0.0464,4.4,-0.16,14.72,1
1,1.0,0.569,57.9,1.992,52.35,2.848,-0.573,17,1,0,2,3,0.0875,-0.02,-0.94,-10.4,0
0,1.0,0.853,48.8,0.044,38.732,-0.27,-1.241,11,2,0,0,1,0.0893,1.05,-0.65,-5.1,0
0,0.899,1.295,51.5,0.002,24.539,0.088,0.314,12,2,1,0,2,0.0564,0.74,-0.43,24.2,1
1,0.878,0.644,43.1,-1.168,19.954,-2.255,-0.019,18,2,0,1,2,0.0592,0.28,-0.96,-14.18,0
1,0.869,1.262,61.5,-1.082,13.793,1.336,2.122,7,3,0,1,0,0.0513,2.88,-0.67,2.22,1
0,1.0,0.803,55.0,-1.47,20.95,1.522,-0.671,8,3,0,1,1,0.067,0.81,-0.99,-12.54,0
0,1.0,0.803,65.1,-1.04,31.004,3.145,0.063,11,3,1,1,2,0.0933,5.25,-0.22,7.31,1
0,0.731,1.102,54.3,-0.588,22.795,1.19,0.582,12,3,0,1,3,0.0708,0.02,-0.92,-12.86,0
1,0.939,1.095,54.4,3.298,31.823,1.673,0.92,18,3,1,2,3,0.0426,4.75,-0.13,16.04,1
1,0.504,0.996,47.7,3.371,46.61,-0.606,-0.818,7,4,0,1,0,0.0701,5.15,-0.94,3.75,1
0,0.913,1.041,50.0,3.033,44.112,-0.039,-0.374,8,4,0,1,1,0.0656,4.54,-0.67,4.36,1
1,0.841,1.028,51.2,2.575,42.498,-0.072,0.072,10,4,0,2,1,0.0638,0.75,-0.94,-14.26,0
1,0.971,1.472,56.1,0.998,20.395,0.106,1.953,13,4,1,3,1,0.0324,1.45,-0.62,24.06,1
0,0.577,0.724,54.6,3.197,49.678,1.764,0.344,19,4,0,3,2,0.0635,0.09,-0.99,-14.33,0
0,1.0,0.867,45.9,3.417,52.548,0.403,-1.691,20,4,1,3,3,0.0678,0.6,-0.57,-13.42,0
1,0.54,1.278,48.5,2.268,30.703,-0.012,0.69,13,5,0,1,0,0.0335,5.01,-0.76,7.51,1
0,1.0,1.331,46.0,1.761,24.867,-0.334,-0.745,14,5,0,1,1,0.0272,0.09,-0.98,-16.71,0
0,0.875,0.774,54.0,3.163,48.904,1.948,-1.932,17,5,1,1,2,0.0471,0.25,-0.88,-19.32,0
0,0.966,0.73,53.2,4.298,63.801,1.883,-0.855,18,5,2,1,3,0.0606,4.65,-0.51,11.26,1
0,0.549,1.246,50.5,2.313,33.067,0.479,-0.744,7,1,0,0,1,0.0349,4.61,-0.19,5.75,1
1,1.0,0.798,49.6,3.013,46.154,-0.124,0.438,9,1,0,1,1,0.0499,4.73,-0.05,3.82,1
1,1.0,0.849,38.4,1.897,32.377,-1.937,-1.471,17,1,0,2,1,0.0348,0.08,-0.69,-26.18,0
1,1.0,1.048,42.5,1.553,29.316,-1.581,-0.061,18,1,1,3,1,0.032,3.73,-0.79,13.02,1
0,0.578,0.97,47.4,0.87,46.092,-0.419,0.007,7,2,0,0,1,0.0554,5.11,-0.37,12.31,1
1,1.0,1.029,37.6,0.77,39.804,-2.041,-0.696,8,2,0,1,1,0.0507,4.11,-0.17,13.47,1
1,0.55,1.084,56.4,0.584,34.317,0.736,1.649,9,2,0,2,1,0.0414,0.62,-0.98,-0.45,0
1,0.537,1.452,50.8,0.342,21.496,-0.341,0.961,14,2,1,3,1,0.0277,1.17,-0.77,24.64,1
0,0.898,0.864,55.9,0.53,33.634,1.224,-1.702,16,2,0,3,2,0.0398,0.94,-0.91,-22.84,0
1,1.0,1.165,43.4,0.426,41.654,-1.473,0.732,7,3,0,1,0,0.0576,0.65,-0.86,-15.79,0
1,0.869,0.777,41.1,0.029,53.137,-2.339,0.297,9,3,1,2,0,0.078,0.58,-0.88,-11.67,0
1,0.777,0.985,42.7,-0.351,46.249,-1.728,-1.336,11,3,2,3,0,0.0692,5.56,-0.35,9.87,1
0,0.78,0.736,53.1,-1.899,46.055,-0.238,1.397,19,3,0,3,1,0.0773,4.71,-0.23,8.83,1
1,0.944,1.092,38.5,-0.275,31.893,-2.009,-0.167,7,4,0,1,0,0.0578,-0.02,-0.89,-15.75,0
1,1.0,0.796,45.3,-0.901,37.781,-1.478,0.841,9,4,1,2,0,0.0711,0.18,-0.97,-12.8,0
1,1.0,1.068,52.5,-0.933,25.997,-0.787,1.687,10,4,2,3,0,0.052,4.25,-0.23,6.68,1
0,1.0,0.819,58.7,-0.864,27.262,1.721,-1.15,16,4,0,3,1,0.0496,-0.02,-0.69,-18.35,0
0,0.888,0.671,59.1,-0.873,35.247,2.413,-0.264,17,4,1,3,2,0.0614,4.18,-0.6,3.56,1
0,0.8,0.795,56.0,-0.728,36.614,2.29,-1.172,8,5,0,0,1,0.0712,3.94,-0.15,1.6,1
1,0.789,0.999,44.7,0.083,35.358,-0.413,0.413,11,5,0,1,1,0.0723,0.14,-0.87,-12.58,0
1,0.504,1.277,48.8,-0.096,25.782,-0.397,-1.076,12,5,1,2,1,0.0542,5.47,-0.35,12.6,1
0,0.78,0.979,54.2,-4.567,-3.861,0.772,-0.323,7,1,0,0,1,0.0517,0.27,-0.97,-17.59,0
1,0.648,0.798,50.6,-4.79,-4.434,0.321,0.451,9,1,1,1,1,0.0625,4.92,-0.46,10.92,1
0,0.648,0.863,58.4,-4.819,-2.754,1.708,0.602,10,1,0,1,2,0.0684,0.08,-0.78,-13.31,0
0,1.0,0.964,58.0,-4.404,-0.749,2.15,0.522,11,1,1,1,3,0.0667,5.94,-0.8,10.24,1
1,0.87,1.319,48.1,-2.617,-2.0,-0.161,1.326,13,1,0,2,3,0.0438,0.18,-0.85,-20.77,0
1,0.715,1.444,50.0,-1.829,-2.731,-0.519,0.703,14,1,1,3,3,0.0305,0.43,-0.7,-1.49,0
1,0.622,0.995,51.0,-2.286,-5.373,-0.221,0.183,7,2,0,1,0,0.0633,-0.01,-0.91,-14.38,0
1,1.0,0.886,40.4,-2.314,-12.701,-3.49,0.206,10,2,1,2,0,0.0427,4.43,-0.03,4.55,1
1,1.0,0.647,50.4,-3.448,-15.198,-1.518,0.106,11,2,0,3,0,0.0562,0.83,-0.71,-16.19,0
0,1.0,1.31,52.3,-1.911,-8.52,-0.122,-0.45,14,2,1,3,1,0.0265,1.36,-0.54,19.82,1
0,1.0,0.96,39.4,-4.297,-27.076,-2.603,-0.4,20,2,0,3,2,0.0589,0.09,-0.88,-15.46,0
0,1.0,1.1,54.5,-3.001,-18.983,1.014,-0.565,7,3,0,0,1,0.0439,0.17,-0.98,-20.75,0
1,0.847,0.783,41.8,-3.749,-31.863,-1.634,0.0,10,3,1,1,1,0.0616,5.34,-0.52,10.23,1
0,0.58,1.32,56.1,-1.904,-14.78,1.151,-0.513,12,3,0,1,2,0.0368,0.23,-0.93,-24.76,0
1,0.508,0.672,49.1,-0.726,-14.184,1.374,0.303,16,3,1,2,2,0.0539,4.32,-0.71,3.9,1
0,0.57,0.786,54.2,-0.022,-16.307,1.446,-0.752,18,3,0,2,3,0.0651,0.61,-0.98,-13.98,0
1,0.642,1.156,55.6,1.59,-1.435,1.142,1.557,7,4,0,1,0,0.0471,0.0,-0.9,-19.33,0
1,0.54,0.563,54.4,4.092,11.684,1.978,1.176,17,4,1,2,0,0.0657,0.52,-0.96,-13.85,0
1,0.548,1.148,50.7,1.687,5.256,-0.328,0.962,7,5,0,1,0,0.0611,4.84,-0.29,11.17,1
1,0.54,0.835,53.2,2.043,8.806,0.841,-0.079,9,5,0,2,0,0.073,-0.02,-0.78,-12.47,0
1,0.69,0.938,47.9,1.746,6.338,-0.475,0.84,10,5,1,3,0,0.068,0.9,-0.97,-13.39,0
0,0.616,0.663,51.6,-0.365,-0.811,0.032,-0.413,16,5,2,3,1,0.0324,4.03,-0.51,21.06,1
1,0.807,1.221,53.0,-1.191,-6.653,-0.206,0.597,7,1,0,1,0,0.0473,4.45,-0.87,14.44,1
1,0.947,0.961,37.8,-1.288,-10.492,-1.994,-0.268,11,1,0,2,0,0.0644,0.17,-0.92,-14.12,0
1,1.0,1.134,45.7,-1.097,-9.421,-1.347,0.803,12,1,1,3,0,0.0539,3.84,-0.1,12.65,1
0,1.0,1.067,63.6,-1.144,-5.736,2.148,1.764,15,1,0,3,1,0.0603,0.9,-0.63,11.13,1
0,0.531,0.922,43.5,-0.882,-9.878,-1.493,-0.361,10,2,0,0,1,0.0644,0.51,-0.88,-14.14,0
0,1.0,1.041,50.8,-0.974,-7.871,-0.148,-0.2,11,2,1,0,2,0.058,1.2,-0.91,11.76,1
1,0.502,1.241,44.3,-0.72,-7.004,-0.879,-2.022,12,2,0,1,2,0.0457,4.85,-0.12,4.42,1
0,0.48,1.3,47.9,-0.468,-5.124,-0.191,-0.853,13,2,0,1,3,0.0382,5.58,-0.68,10.52,1
1,0.52,0.641,42.5,-1.324,-15.77,-2.017,0.09,18,2,0,2,3,0.0853,0.2,-0.69,-10.66,0
0,0.573,0.958,59.8,-0.3,-6.045,2.948,-0.857,8,3,0,0,1,0.0746,4.91,-0.09,9.16,1
1,0.648,1.316,41.5,0.125,-6.158,-0.706,-2.111,12,3,0,1,1,0.0525,5.17,-0.74,13.01,1
0,0.95,0.503,53.0,0.704,-4.247,1.158,-0.943,18,3,0,1,2,0.0788,5.65,-0.29,8.66,1
1,0.705,0.808,40.4,0.305,-10.064,-2.136,0.12,20,3,0,2,2,0.0869,4.82,-0.1,7.86,1
0,0.69,1.107,47.1,-0.625,-6.144,-1.025,-1.252,14,4,0,0,1,0.0261,0.39,-0.99,-3.53,0
1,0.72,0.748,52.9,-1.371,-10.124,0.018,0.439,17,4,1,1,1,0.0462,0.25,-0.98,-19.7,0
1,0.761,0.821,53.9,-1.588,-14.801,1.286,1.165,8,5,0,1,0,0.0619,2.42,-0.56,1.84,1
1,1.0,0.682,48.8,0.051,-5.881,0.438,0.002,15,5,0,2,0,0.0369,0.55,-0.98,-24.64,0
1,0.667,0.66,46.9,0.207,-6.561,-0.327,-0.442,16,5,1,3,0,0.0361,0.49,-0.95,-25.22,0
1,1.0,0.992,43.1,-1.221,-15.963,-1.399,-0.037,7,1,0,1,0,0.0582,0.01,-0.75,-15.65,0
1,1.0,1.044,40.0,-1.233,-16.059,-1.894,-0.689,8,1,1,2,0,0.0531,0.05,-0.82,-17.15,0
0,0.756,0.903,56.2,-1.743,-14.899,0.789,-0.828,16,1,2,2,1,0.0346,0.16,-0.92,-24.31,0
1,0.545,1.045,46.6,-1.075,-23.227,-0.983,1.648,7,2,0,1,0,0.0679,0.26,-0.95,-13.4,0
0,0.488,1.022,39.8,-1.075,-24.355,-1.836,-1.233,7,2,1,1,1,0.068,3.39,-0.6,1.91,1
1,0.861,0.943,40.0,-1.468,-24.858,-2.769,0.211,9,2,0,2,1,0.0572,5.32,-0.31,4.03,1
0,0.506,0.727,57.2,-2.45,-31.059,0.749,-0.861,11,2,0,2,2,0.0744,0.11,-0.9,-11.29,0
0,0.796,0.844,46.3,-2.22,-28.729,-0.369,-1.394,12,2,1,2,3,0.067,1.0,-0.87,-6.27,0
0,0.504,1.134,47.1,0.989,-11.068,0.636,-1.45,7,3,0,0,1,0.061,0.83,-0.84,-14.92,0
0,0.658,1.092,64.8,1.026,-7.652,2.072,0.857,10,3,1,0,2,0.0557,0.15,-0.97,-16.32,0
0,1.0,0.845,62.9,1.529,-7.865,2.595,0.611,11,3,2,0,3,0.0716,4.61,-0.16,3.23,1
1,0.591,0.565,45.1,2.17,-11.311,-0.519,-0.731,17,3,0,1,3,0.0879,4.73,-0.43,7.77,1
1,1.0,0.917,46.5,0.123,-11.747,0.459,-0.966,9,4,0,1,0,0.06,0.57,-1.0,-15.18,0
1,0.785,0.805,44.2,0.142,-14.594,-0.328,1.08,9,4,1,2,0,0.0695,5.71,-0.94,9.82,1
0,1.0,1.152,56.3,0.577,-0.478,2.184,-0.022,13,4,0,2,1,0.0316,1.04,-0.98,5.85,1
0,0.905,0.747,48.8,2.122,-1.691,0.461,0.502,17,4,0,2,2,0.0557,4.3,-0.47,12.24,1
1,0.956,0.917,41.1,2.218,-5.686,-1.765,1.235,19,4,0,3,2,0.0712,0.22,-0.93,-12.78,0
0,1.0,0.961,58.4,1.942,5.127,2.749,0.29,8,5,0,0,1,0.056,4.23,-0.07,2.78,1
1,0.784,0.846,54.8,2.203,5.12,1.877,1.008,8,5,0,1,1,0.0635,0.87,-0.9,-14.33,0
0,0.618,0.787,65.6,0.961,4.643,3.252,-0.646,18,5,1,1,2,0.0618,5.07,-0.39,5.95,1
0,0.789,0.767,46.6,1.556,3.639,0.624,0.524,19,5,0,1,3,0.0784,4.8,-0.3,2.11,1
1,0.81,0.824,52.7,1.795,3.895,0.818,1.86,20,5,0,2,3,0.0794,0.03,-0.95,-11.47,0
1,1.0,0.929,43.6,1.821,2.682,-0.519,-0.886,20,5,1,3,3,0.0805,0.07,-0.77,-9.77,0
1,1.0,1.089,48.4,0.018,-3.203,-0.804,-0.151,7,1,0,1,0,0.0554,0.3,-0.9,-16.42,0
1,1.0,1.246,44.7,-0.126,-3.525,-1.045,-0.302,8,1,1,2,0,0.0476,0.93,-0.92,-7.67,0
1,0.701,0.767,44.0,-0.449,-6.391,-1.285,-0.799,11,1,2,3,0,0.0766,5.07,-0.26,8.92,1
0,0.561,0.78,49.6,-0.097,-3.771,-0.132,-0.503,16,1,0,3,1,0.0526,4.37,-0.14,5.95,1
0,1.0,0.938,38.0,-0.782,-10.188,-2.728,0.284,7,2,0,0,1,0.0571,4.5,-0.77,2.41,1
0,0.956,0.899,53.1,-0.951,-6.746,0.555,-0.411,10,2,0,0,2,0.0456,4.77,-0.27,14.96,1
1,0.593,0.866,49.5,-0.922,-7.831,-0.215,0.632,11,2,0,1,2,0.0454,0.71,-0.25,30.05,1
1,1.0,0.577,50.3,-0.804,-10.217,0.029,1.113,16,2,0,2,2,0.0721,1.2,-0.3,9.47,1
0,0.853,0.893,63.4,0.213,-1.372,3.57,-1.712,20,2,0,2,3,0.069,0.99,-0.22,2.8,1
1,0.884,1.186,41.4,-0.458,-9.411,-1.775,-0.058,7,3,0,1,0,0.0719,0.2,-0.8,-12.65,0
1,0.648,0.896,40.9,-0.93,-14.693,-2.37,-0.362,9,3,1,2,0,0.0798,-0.04,-0.94,-11.41,0
1,0.591,0.968,41.9,-1.16,-14.121,-2.401,0.001,10,3,2,3,0,0.0736,0.74,-0.92,-12.36,0
