time,equity,realized_pnl,position,close,reward
2026-07-01 00:00:00+00:00,10000.0,0.0,1,4005.593,-0.00010665393903322039
2026-07-01 01:00:00+00:00,9949.566730304834,-50.433269695165606,0,3996.601,-1.0086653939033203
2026-07-01 02:00:00+00:00,9949.566730304834,-50.433269695165606,0,3977.905,0.0
2026-07-01 03:00:00+00:00,9949.566730304834,-50.433269695165606,0,3979.38,0.0
2026-07-01 04:00:00+00:00,9949.566730304834,-50.433269695165606,1,3980.325,-0.0001068740461013694
2026-07-01 05:00:00+00:00,9949.566730304834,-50.433269695165606,1,3976.717,-0.0021964844349915457
2026-07-01 06:00:00+00:00,9899.386717093901,-100.61328290609882,0,3974.15,-1.0086874046101397
2026-07-01 07:00:00+00:00,9899.386717093901,-100.61328290609882,1,3971.963,-0.00011301482931339623
2026-07-01 08:00:00+00:00,9899.386717093901,-100.61328290609882,1,3976.152,0.002484579303977048
2026-07-01 09:00:00+00:00,9899.386717093901,-100.61328290609882,1,3974.36,0.0013733621431137335
2026-07-01 10:00:00+00:00,9899.386717093901,-100.61328290609882,1,3984.283,0.007526603151622068
2026-07-01 11:00:00+00:00,9997.92018938194,-2.079810618058417,0,3998.226,1.9906985170686535
2026-07-01 12:00:00+00:00,9997.92018938194,-2.079810618058417,1,4030.484,-7.662533796454461e-05
2026-07-01 13:00:00+00:00,10072.621522997473,72.62152299747304,0,4022.825,1.4943374662035644
2026-07-01 14:00:00+00:00,10072.621522997473,72.62152299747304,1,4089.424,-6.34756507074604e-05
2026-07-01 15:00:00+00:00,10072.621522997473,72.62152299747304,1,4093.549,0.0011321047437469758
2026-07-01 16:00:00+00:00,10072.621522997473,72.62152299747304,1,4081.176,-0.002454056764273581
2026-07-01 17:00:00+00:00,10072.621522997473,72.62152299747304,1,4070.957,-0.0054159079281353864
2026-07-01 18:00:00+00:00,10072.621522997473,72.62152299747304,1,4068.023,-0.00626629165597272
2026-07-01 19:00:00+00:00,10022.039458494964,22.039458494964556,0,4062.254,-1.0043475650707503
2026-07-01 20:00:00+00:00,10022.039458494964,22.039458494964556,0,4038.822,0.0
2026-07-01 21:00:00+00:00,10022.039458494964,22.039458494964556,0,4031.615,0.0
2026-07-01 23:00:00+00:00,10022.039458494964,22.039458494964556,0,4044.941,0.0
2026-07-02 00:00:00+00:00,10022.039458494964,22.039458494964556,0,4035.169,0.0
2026-07-02 01:00:00+00:00,10022.039458494964,22.039458494964556,0,4052.004,0.0
2026-07-02 02:00:00+00:00,10022.039458494964,22.039458494964556,1,4050.396,-6.882041087090504e-05
2026-07-02 03:00:00+00:00,10022.039458494964,22.039458494964556,1,4057.189,0.0021420932627680316
2026-07-02 04:00:00+00:00,10053.656737531306,53.65673753130544,-1,4070.082,0.6308980793757031
2026-07-02 05:00:00+00:00,10053.656737531306,53.65673753130544,-1,4060.878,0.0022079310284415653
2026-07-02 06:00:00+00:00,10053.656737531306,53.65673753130544,-1,4065.933,0.000964039781614505
2026-07-02 07:00:00+00:00,10053.656737531306,53.65673753130544,-1,4073.031,-0.0007825754646720841
2026-07-02 08:00:00+00:00,10053.656737531306,53.65673753130544,-1,4064.535,0.0013080476872652385
2026-07-02 09:00:00+00:00,10053.656737531306,53.65673753130544,-1,4076.19,-0.001559915217140322
2026-07-02 10:00:00+00:00,10053.656737531306,53.65673753130544,-1,4065.155,0.001155483380038091
2026-07-02 11:00:00+00:00,10053.656737531306,53.65673753130544,-1,4066.186,0.0009017837014072941
2026-07-02 12:00:00+00:00,10003.202909991804,3.2029099918035584,0,4065.375,-1.003691071949042
2026-07-02 13:00:00+00:00,10003.202909991804,3.2029099918035584,1,4117.67,-6.583755352203841e-05
2026-07-02 14:00:00+00:00,10003.202909991804,3.2029099918035584,1,4136.905,0.005812064726468176
2026-07-02 15:00:00+00:00,10003.202909991804,3.2029099918035584,1,4128.411,0.003216436862354014
2026-07-02 16:00:00+00:00,10003.202909991804,3.2029099918035584,1,4128.316,0.003187406411789909
2026-07-02 17:00:00+00:00,10003.202909991804,3.2029099918035584,1,4118.116,7.0452772283793e-05
2026-07-02 18:00:00+00:00,9986.22994104781,-13.770058952189956,0,4106.865,-0.33935068790897094
2026-07-02 19:00:00+00:00,9986.22994104781,-13.770058952189956,1,4122.781,-6.485972662335516e-05
2026-07-02 20:00:00+00:00,9986.22994104781,-13.770058952189956,1,4121.466,-0.0004581299966889363
2026-07-02 21:00:00+00:00,9986.22994104781,-13.770058952189956,1,4124.068,0.00032003672780604405
2026-07-02 23:00:00+00:00,9986.22994104781,-13.770058952189956,1,4124.561,0.0004674756959750078
2026-07-03 00:00:00+00:00,9986.22994104781,-13.770058952189956,1,4126.116,0.0009325215286383378
2026-07-03 01:00:00+00:00,9986.22994104781,-13.770058952189956,1,4147.174,0.007230229016884364
2026-07-03 02:00:00+00:00,9986.22994104781,-13.770058952189956,1,4182.498,0.017794395571865858
2026-07-03 03:00:00+00:00,9986.22994104781,-13.770058952189956,1,4183.56,0.018112002436360224
2026-07-03 04:00:00+00:00,10065.113165888908,65.11316588890898,-1,4175.907,1.5797832126538218
2026-07-03 05:00:00+00:00,10065.113165888908,65.11316588890898,-1,4178.969,-0.0008065778347597261
2026-07-03 06:00:00+00:00,10065.113165888908,65.11316588890898,-1,4171.229,0.001088849450744941
2026-07-03 07:00:00+00:00,10065.113165888908,65.11316588890898,-1,4173.119,0.0006260125554474193
2026-07-03 08:00:00+00:00,10065.113165888908,65.11316588890898,-1,4177.541,-0.0004568788472015193
2026-07-03 09:00:00+00:00,10065.113165888908,65.11316588890898,-1,4180.829,-0.001262068112671633
2026-07-03 10:00:00+00:00,10065.113165888908,65.11316588890898,-1,4172.063,0.0008846134874231554
2026-07-03 11:00:00+00:00,10065.113165888908,65.11316588890898,-1,4177.164,-0.00036455635538807594
2026-07-03 12:00:00+00:00,10058.608511593902,58.608511593902705,1,4180.885,-0.12931684130776488
2026-07-03 13:00:00+00:00,10058.608511593902,58.608511593902705,1,4176.663,-0.0013418820436347566
2026-07-03 14:00:00+00:00,10058.608511593902,58.608511593902705,1,4164.596,-0.004990361142568775
2026-07-03 15:00:00+00:00,10058.608511593902,58.608511593902705,1,4169.6,-0.003477392765087314
2026-07-03 16:00:00+00:00,10058.608511593902,58.608511593902705,1,4164.94,-0.004886352125411777
2026-07-03 17:00:00+00:00,10058.608511593902,58.608511593902705,1,4174.913,-0.001870997683241496
2026-07-05 23:00:00+00:00,10058.608511593902,58.608511593902705,1,4188.348,0.002191098669968081
2026-07-06 00:00:00+00:00,10058.608511593902,58.608511593902705,1,4182.987,0.0005701907020071286
2026-07-06 01:00:00+00:00,10058.608511593902,58.608511593902705,1,4179.555,-0.0004674806552101393
2026-07-06 02:00:00+00:00,10058.608511593902,58.608511593902705,1,4186.122,0.0015180635763884112
2026-07-06 03:00:00+00:00,10058.608511593902,58.608511593902705,1,4173.984,-0.002151882499923911
2026-07-06 04:00:00+00:00,10058.608511593902,58.608511593902705,1,4165.29,-0.004780528997490319
2026-07-06 05:00:00+00:00,10008.08737616124,8.087376161241558,0,4159.737,-1.0045352769109093
2026-07-06 06:00:00+00:00,10008.08737616124,8.087376161241558,0,4148.053,0.0
2026-07-06 07:00:00+00:00,10008.08737616124,8.087376161241558,1,4150.388,-0.00010959289879236465
2026-07-06 08:00:00+00:00,10008.08737616124,8.087376161241558,1,4164.466,0.008298999295887684
2026-07-06 09:00:00+00:00,10008.08737616124,8.087376161241558,1,4150.503,-4.090500971818221e-05
2026-07-06 10:00:00+00:00,10008.08737616124,8.087376161241558,1,4143.333,-0.004323445572003643
2026-07-06 11:00:00+00:00,10008.08737616124,8.087376161241558,1,4154.866,0.0025650537731622203
2026-07-06 12:00:00+00:00,9957.598612500737,-42.40138749926229,0,4155.02,-1.0089592898792075
2026-07-06 13:00:00+00:00,9957.598612500737,-42.40138749926229,1,4139.506,-0.00010879273667529532
2026-07-06 14:00:00+00:00,9957.598612500737,-42.40138749926229,1,4140.946,0.0007436175354093702
2026-07-06 15:00:00+00:00,9957.598612500737,-42.40138749926229,1,4138.004,-0.0009979040065863168
2026-07-06 16:00:00+00:00,9957.598612500737,-42.40138749926229,1,4148.188,0.005030530862103137
2026-07-06 17:00:00+00:00,9957.598612500737,-42.40138749926229,1,4154.877,0.008990094966253259
2026-07-06 18:00:00+00:00,9957.598612500737,-42.40138749926229,1,4161.14,0.012697487698244699
2026-07-06 19:00:00+00:00,9957.598612500737,-42.40138749926229,1,4164.018,0.014401124339258654
2026-07-06 20:00:00+00:00,9957.598612500737,-42.40138749926229,1,4163.632,0.014172631030213424
2026-07-06 21:00:00+00:00,9957.598612500737,-42.40138749926229,1,4164.315,0.01457693395787591
2026-07-06 23:00:00+00:00,9957.598612500737,-42.40138749926229,1,4164.283,0.014557991507385582
2026-07-07 00:00:00+00:00,10009.369270074352,9.369270074353075,-1,4157.372,1.0397466158537971
2026-07-07 01:00:00+00:00,10009.369270074352,9.369270074353075,-1,4146.139,0.004082614374436609
2026-07-07 02:00:00+00:00,10009.369270074352,9.369270074353075,-1,4141.909,0.005648441208675349
2026-07-07 03:00:00+00:00,10009.369270074352,9.369270074353075,-1,4136.52,0.007643297192058421
2026-07-07 04:00:00+00:00,10009.369270074352,9.369270074353075,-1,4131.164,0.009625937505104005
2026-07-07 05:00:00+00:00,10084.161650610604,84.16165061060542,0,4126.769,1.4944474225736304
2026-07-07 06:00:00+00:00,10084.161650610604,84.16165061060542,1,4124.16,-0.00012289702217646047
2026-07-07 07:00:00+00:00,10084.161650610604,84.16165061060542,1,4130.307,0.004093822946625071
2026-07-07 08:00:00+00:00,10084.161650610604,84.16165061060542,1,4124.771,0.00029623684815658686
2026-07-07 09:00:00+00:00,10084.161650610604,84.16165061060542,1,4126.123,0.0012236820080425716
2026-07-07 10:00:00+00:00,10084.161650610604,84.16165061060542,1,4131.026,0.004587042672925469
2026-07-07 11:00:00+00:00,10184.48445201421,184.484452014213,0,4135.538,1.989710297782307
2026-07-07 12:00:00+00:00,10184.48445201421,184.484452014213,1,4156.533,-8.780233369944153e-05
2026-07-07 13:00:00+00:00,10184.48445201421,184.484452014213,1,4172.052,0.006927027110861485
2026-07-07 14:00:00+00:00,10184.48445201421,184.484452014213,1,4158.47,0.0007877518021414241
2026-07-07 15:00:00+00:00,10184.48445201421,184.484452014213,1,4154.257,-0.0011165897437018016
2026-07-07 16:00:00+00:00,10184.48445201421,184.484452014213,1,4138.925,-0.008046892278917266
2026-07-07 17:00:00+00:00,10184.48445201421,184.484452014213,1,4144.948,-0.0053244025730990255
2026-07-07 18:00:00+00:00,10133.216763847455,133.2167638474564,0,4144.432,-1.0067802333699165
2026-07-07 19:00:00+00:00,10082.068955216817,82.06895521681804,0,4127.087,-1.0095078359148355
2026-07-07 20:00:00+00:00,10082.068955216817,82.06895521681804,1,4114.212,-0.00010715971772148982
2026-07-07 21:00:00+00:00,10031.21923529864,31.219235298640662,0,4106.62,-1.0087159717721454
2026-07-07 23:00:00+00:00,10031.21923529864,31.219235298640662,1,4098.153,-0.00011060040351571354
2026-07-08 00:00:00+00:00,10031.21923529864,31.219235298640662,1,4098.576,0.00014489273439908203
2026-07-08 01:00:00+00:00,10031.21923529864,31.219235298640662,1,4111.651,0.008042227907537823
2026-07-08 02:00:00+00:00,10031.21923529864,31.219235298640662,1,4111.043,0.007674994271953133
2026-07-08 03:00:00+00:00,10031.21923529864,31.219235298640662,1,4114.452,0.009734039442525582
2026-07-08 04:00:00+00:00,10107.14007378201,107.14007378200972,-1,4123.514,1.51362853959722
2026-07-08 05:00:00+00:00,10104.450351753489,104.45035175348882,1,4125.088,-0.05328845193316777
2026-07-08 06:00:00+00:00,10104.450351753489,104.45035175348882,1,4127.694,0.0007046148490044064
2026-07-08 07:00:00+00:00,10104.450351753489,104.45035175348882,1,4123.608,-0.0005009129494609536
2026-07-08 08:00:00+00:00,10173.84348262534,173.84348262533894,0,4121.29,1.3735161924925263
2026-07-08 09:00:00+00:00,10173.84348262534,173.84348262533894,0,4056.806,0.0
2026-07-08 10:00:00+00:00,10173.84348262534,173.84348262533894,0,4043.377,0.0
2026-07-08 11:00:00+00:00,10173.84348262534,173.84348262533894,0,4053.013,0.0
2026-07-08 12:00:00+00:00,10173.84348262534,173.84348262533894,1,4061.99,-9.299142971575428e-05
2026-07-08 13:00:00+00:00,10173.84348262534,173.84348262533894,1,4071.988,0.00477213066560206
2026-07-08 14:00:00+00:00,10122.602963521462,122.60296352146186,0,4070.668,-1.0072991429715876
2026-07-08 15:00:00+00:00,10122.602963521462,122.60296352146186,-1,4040.898,-8.798152877706464e-05
2026-07-08 16:00:00+00:00,10137.556463557388,137.5564635573887,0,4034.079,0.29544772406492653
2026-07-08 17:00:00+00:00,10137.556463557388,137.5564635573887,1,4063.507,-8.596615259751916e-05
2026-07-08 18:00:00+00:00,10137.556463557388,137.5564635573887,1,4065.74,0.0008960499724034971
2026-07-08 19:00:00+00:00,10137.556463557388,137.5564635573887,1,4084.183,0.009006808321438978
2026-07-08 20:00:00+00:00,10137.556463557388,137.5564635573887,1,4080.005,0.007169431084423908
2026-07-08 21:00:00+00:00,10137.556463557388,137.5564635573887,1,4077.4,0.006023818900981011
2026-07-08 23:00:00+00:00,10137.556463557388,137.5564635573887,1,4076.605,0.0056741982922143405
2026-07-09 00:00:00+00:00,10165.351344072425,165.3513440724261,-1,4076.276,0.5482958085420647
2026-07-09 01:00:00+00:00,10165.351344072425,165.3513440724261,-1,4073.953,0.0005425068829960091
2026-07-09 02:00:00+00:00,10169.315581379979,169.31558137997962,0,4072.963,0.07799508690596625
2026-07-09 03:00:00+00:00,10169.315581379979,169.31558137997962,0,4065.143,0.0
2026-07-09 04:00:00+00:00,10169.315581379979,169.31558137997962,0,4064.06,0.0
2026-07-09 05:00:00+00:00,10169.315581379979,169.31558137997962,0,4064.15,0.0
2026-07-09 06:00:00+00:00,10169.315581379979,169.31558137997962,1,4081.888,-7.502924352997867e-05
2026-07-09 07:00:00+00:00,10169.315581379979,169.31558137997962,1,4108.092,0.00953821273952783
2026-07-09 08:00:00+00:00,10169.315581379979,169.31558137997962,1,4107.713,0.009399172184208871
2026-07-09 09:00:00+00:00,10169.315581379979,169.31558137997962,1,4108.375,0.00964203457898779
2026-07-09 10:00:00+00:00,10214.006015508716,214.00601550871738,-1,4106.146,0.878863374079113
2026-07-09 11:00:00+00:00,10214.006015508716,214.00601550871738,-1,4098.929,0.00203902138736283
2026-07-09 12:00:00+00:00,10214.006015508716,214.00601550871738,-1,4108.528,-0.0007577164500924007
2026-07-09 13:00:00+00:00,10211.094073607685,211.0940736076855,1,4107.803,-0.05708305286694555
2026-07-09 14:00:00+00:00,10211.094073607685,211.0940736076855,1,4121.852,0.004098487275706765
2026-07-09 15:00:00+00:00,10211.094073607685,211.0940736076855,1,4127.635,0.005812079038812966
2026-07-09 16:00:00+00:00,10211.094073607685,211.0940736076855,1,4126.646,0.005519023141577489
2026-07-09 17:00:00+00:00,10211.094073607685,211.0940736076855,1,4127.943,0.005903344171622351
2026-07-09 18:00:00+00:00,10211.094073607685,211.0940736076855,1,4135.966,0.008280682355160386
2026-07-09 19:00:00+00:00,10211.094073607685,211.0940736076855,1,4124.56,0.004900909287550485
2026-07-09 20:00:00+00:00,10211.094073607685,211.0940736076855,1,4122.25,0.004216420791479974
2026-07-09 21:00:00+00:00,10211.094073607685,211.0940736076855,1,4123.93,0.004714230606803981
2026-07-09 23:00:00+00:00,10211.094073607685,211.0940736076855,1,4121.862,0.004101450429369472
2026-07-10 00:00:00+00:00,10211.094073607685,211.0940736076855,1,4123.547,0.004600741821524565
2026-07-10 01:00:00+00:00,10238.682443412588,238.68244341258847,-1,4126.339,0.5402858483857677
2026-07-10 02:00:00+00:00,10255.748443590954,255.74844359095349,0,4116.923,0.3333632090395647
2026-07-10 03:00:00+00:00,10255.748443590954,255.74844359095349,0,4127.905,0.0
2026-07-10 04:00:00+00:00,10255.748443590954,255.74844359095349,0,4120.106,0.0
2026-07-10 05:00:00+00:00,10255.748443590954,255.74844359095349,0,4115.222,0.0
2026-07-10 06:00:00+00:00,10255.748443590954,255.74844359095349,0,4116.731,0.0
2026-07-10 07:00:00+00:00,10255.748443590954,255.74844359095349,0,4111.861,0.0
2026-07-10 08:00:00+00:00,10255.748443590954,255.74844359095349,0,4108.837,0.0
2026-07-10 09:00:00+00:00,10255.748443590954,255.74844359095349,0,4097.994,0.0
2026-07-10 10:00:00+00:00,10255.748443590954,255.74844359095349,0,4104.137,0.0
2026-07-10 11:00:00+00:00,10255.748443590954,255.74844359095349,1,4104.644,-9.82241437800959e-05
2026-07-10 12:00:00+00:00,10255.748443590954,255.74844359095349,1,4102.451,-0.0012418611258479817
2026-07-10 13:00:00+00:00,10204.068577802585,204.0685778025855,0,4100.569,-1.007822414378039
2026-07-10 14:00:00+00:00,10152.496082841557,152.49608284155624,0,4099.689,-1.0108221944571538
2026-07-10 15:00:00+00:00,10202.766072612187,202.7660726121866,0,4092.86,0.9902981367427393
2026-07-10 16:00:00+00:00,10202.766072612187,202.7660726121866,1,4112.877,-8.268853589842112e-05
2026-07-10 17:00:00+00:00,10202.766072612187,202.7660726121866,1,4104.682,-0.00350757221382406
2026-07-10 18:00:00+00:00,10202.766072612187,202.7660726121866,1,4100.755,-0.005148758083648571
2026-07-10 19:00:00+00:00,10202.766072612187,202.7660726121866,1,4101.377,-0.004888809621455697
2026-07-10 20:00:00+00:00,10202.766072612187,202.7660726121866,1,4108.274,-0.0020063907408393302
2026-07-10 21:00:00+00:00,10151.432444015521,151.4324440155218,0,4119.908,-1.006268853589866
2026-07-12 23:00:00+00:00,10151.432444015521,151.4324440155218,0,4076.628,0.0
2026-07-13 00:00:00+00:00,10151.432444015521,151.4324440155218,0,4084.311,0.0
2026-07-13 01:00:00+00:00,10151.432444015521,151.4324440155218,0,4073.882,0.0
2026-07-13 02:00:00+00:00,10151.432444015521,151.4324440155218,1,4072.255,-0.00010256206591245823
2026-07-13 03:00:00+00:00,10100.25622017817,100.25622017816984,0,4068.509,-1.00825620659125
2026-07-13 04:00:00+00:00,10100.25622017817,100.25622017816984,0,4060.356,0.0
2026-07-13 05:00:00+00:00,10100.25622017817,100.25622017816984,0,4058.743,0.0
2026-07-13 06:00:00+00:00,10100.25622017817,100.25622017816984,1,4053.78,-0.0001058189465958149
2026-07-13 07:00:00+00:00,10100.25622017817,100.25622017816984,1,4055.369,0.0008032897610085997
2026-07-13 08:00:00+00:00,10100.25622017817,100.25622017816984,1,4064.528,0.006043394640145679
2026-07-13 09:00:00+00:00,10100.25622017817,100.25622017816984,1,4074.731,0.011880799387589716
2026-07-13 10:00:00+00:00,10141.39134321828,141.3913432182805,-1,4068.317,0.8144719046472086
2026-07-13 11:00:00+00:00,10141.39134321828,141.3913432182805,-1,4060.457,0.002258243766429096
2026-07-13 12:00:00+00:00,10141.39134321828,141.3913432182805,-1,4056.473,0.003435484125113052
2026-07-13 13:00:00+00:00,10142.543574598212,142.54357459821242,1,4067.248,0.022659069382928818
2026-07-13 14:00:00+00:00,10091.60635218356,91.60635218356097,0,4043.4,-1.0044269869783562
2026-07-13 15:00:00+00:00,10091.60635218356,91.60635218356097,-1,4015.222,-9.626245215338344e-05
2026-07-13 16:00:00+00:00,10088.881930494654,88.8819304946549,0,4015.984,-0.053993816124569015
2026-07-13 17:00:00+00:00,10088.881930494654,88.8819304946549,0,3993.281,0.0
2026-07-13 18:00:00+00:00,10088.881930494654,88.8819304946549,1,3993.05,-9.810569148871164e-05
2026-07-13 19:00:00+00:00,10088.881930494654,88.8819304946549,1,4001.362,0.004229991026203085
2026-07-13 20:00:00+00:00,10088.881930494654,88.8819304946549,1,4001.808,0.004462225282229334
2026-07-13 21:00:00+00:00,10088.881930494654,88.8819304946549,1,4002.156,0.004643430486483013
2026-07-13 23:00:00+00:00,10088.881930494654,88.8819304946549,1,4000.983,0.004032643979041775
2026-07-14 00:00:00+00:00,10088.881930494654,88.8819304946549,1,4000.913,0.00399619465634698
2026-07-14 01:00:00+00:00,10088.881930494654,88.8819304946549,1,4004.062,0.005635893472998948
2026-07-14 02:00:00+00:00,10088.881930494654,88.8819304946549,1,4010.572,0.00902568048360709
2026-07-14 03:00:00+00:00,10088.881930494654,88.8819304946549,1,4012.142,0.009843186721188292
2026-07-14 04:00:00+00:00,10150.46668678649,150.46668678649235,-1,4016.796,1.2207783439405766
2026-07-14 05:00:00+00:00,10144.441432862865,144.4414328628657,1,4020.394,-0.11878573268132463
2026-07-14 06:00:00+00:00,10144.441432862865,144.4414328628657,1,4031.232,0.0033271970447149653
2026-07-14 07:00:00+00:00,10144.441432862865,144.4414328628657,1,4024.063,0.0010820571108114362
2026-07-14 08:00:00+00:00,10144.441432862865,144.4414328628657,1,4020.825,6.80017187092745e-05
2026-07-14 09:00:00+00:00,10144.441432862865,144.4414328628657,1,4016.062,-0.0014236430720819832
2026-07-14 10:00:00+00:00,10144.441432862865,144.4414328628657,1,4021.829,0.00038242778840379165
2026-07-14 11:00:00+00:00,10144.441432862865,144.4414328628657,1,4021.747,0.00035674757155613584
2026-07-14 12:00:00+00:00,10220.286470936355,220.2864709363553,0,4031.031,1.4953023993571628
2026-07-14 13:00:00+00:00,10220.286470936355,220.2864709363553,1,4076.368,-7.29174981402971e-05
2026-07-14 14:00:00+00:00,10220.286470936355,220.2864709363553,1,4076.574,-2.4413402762027693e-07
2026-07-14 15:00:00+00:00,10220.286470936355,220.2864709363553,1,4084.926,0.0029462021624222868
2026-07-14 16:00:00+00:00,10220.286470936355,220.2864709363553,1,4066.391,-0.0035926366911097412
2026-07-14 17:00:00+00:00,10220.286470936355,220.2864709363553,1,4061.44,-0.00533926691305943
2026-07-14 18:00:00+00:00,10168.914622586513,168.91462258651399,0,4062.894,-1.0052917498140326
2026-07-14 19:00:00+00:00,10168.914622586513,168.91462258651399,1,4053.929,-9.940215526182595e-05
2026-07-14 20:00:00+00:00,10168.914622586513,168.91462258651399,1,4055.864,0.0009248856476150788
2026-07-14 21:00:00+00:00,10168.914622586513,168.91462258651399,1,4052.869,-0.0006605107191116937
2026-07-14 23:00:00+00:00,10168.914622586513,168.91462258651399,1,4048.851,-0.0027874297847238637
2026-07-15 00:00:00+00:00,10168.914622586513,168.91462258651399,1,4053.123,-0.0005260564028684666
2026-07-15 01:00:00+00:00,10168.914622586513,168.91462258651399,1,4059.113,0.002644736330585078
2026-07-15 02:00:00+00:00,10123.334988092987,123.33498809298793,-1,4037.294,-0.8965159701928982
2026-07-15 03:00:00+00:00,10123.334988092987,123.33498809298793,-1,4035.323,0.000534036669092187
2026-07-15 04:00:00+00:00,10123.334988092987,123.33498809298793,-1,4031.271,0.0017668519261825068
2026-07-15 05:00:00+00:00,10123.334988092987,123.33498809298793,-1,4033.037,0.0012295489291387729
2026-07-15 06:00:00+00:00,10123.334988092987,123.33498809298793,-1,4034.925,0.0006551276050057103
2026-07-15 07:00:00+00:00,10123.334988092987,123.33498809298793,-1,4031.917,0.0015703073417599803
2026-07-15 08:00:00+00:00,10123.334988092987,123.33498809298793,-1,4024.491,0.003829657316871864
2026-07-15 09:00:00+00:00,10123.334988092987,123.33498809298793,-1,4031.226,0.001780543112403918
2026-07-15 10:00:00+00:00,10134.010303870078,134.01030387007827,1,4030.062,0.2108342682099678
2026-07-15 11:00:00+00:00,10134.010303870078,134.01030387007827,1,4028.029,-0.0007600270450609459
2026-07-15 12:00:00+00:00,10134.010303870078,134.01030387007827,1,4038.137,0.002666538860333555
2026-07-15 13:00:00+00:00,10134.010303870078,134.01030387007827,1,4067.942,0.012770297943265964
2026-07-15 14:00:00+00:00,10134.010303870078,134.01030387007827,1,4061.765,0.010676323111684845
2026-07-15 15:00:00+00:00,10134.010303870078,134.01030387007827,1,4060.251,0.01016308401584333
2026-07-15 16:00:00+00:00,10134.010303870078,134.01030387007827,1,4046.92,0.0056439358080065906
2026-07-15 17:00:00+00:00,10134.010303870078,134.01030387007827,1,4033.571,0.0011186856822536274
2026-07-15 18:00:00+00:00,10209.75772740312,209.75772740311896,0,4061.999,1.4949150684031534
2026-07-15 19:00:00+00:00,10209.75772740312,209.75772740311896,1,4059.284,-7.455314230434939e-05
2026-07-15 20:00:00+00:00,10209.75772740312,209.75772740311896,1,4056.879,-0.0009492218572502938
2026-07-15 21:00:00+00:00,10209.75772740312,209.75772740311896,1,4060.079,0.00021457851190855354
2026-07-15 23:00:00+00:00,10209.75772740312,209.75772740311896,1,4059.758,9.7834787377183e-05
2026-07-16 00:00:00+00:00,10209.75772740312,209.75772740311896,1,4057.9,-0.0005778968019655134
2026-07-16 01:00:00+00:00,10182.133655421037,182.13365542103642,-1,4044.705,-0.5411973631481074
2026-07-16 02:00:00+00:00,10190.766701333057,190.76670133305691,0,4038.942,0.16957243352278448
2026-07-16 03:00:00+00:00,10190.766701333057,190.76670133305691,0,4031.538,0.0
2026-07-16 04:00:00+00:00,10190.766701333057,190.76670133305691,0,4036.093,0.0
2026-07-16 05:00:00+00:00,10190.766701333057,190.76670133305691,0,4033.26,0.0
2026-07-16 06:00:00+00:00,10190.766701333057,190.76670133305691,0,4027.424,0.0
2026-07-16 07:00:00+00:00,10190.766701333057,190.76670133305691,1,4030.665,-8.884558800284229e-05
2026-07-16 08:00:00+00:00,10190.766701333057,190.76670133305691,1,4030.518,-0.00015631426424555679
2026-07-16 09:00:00+00:00,10190.766701333057,190.76670133305691,1,4035.374,0.002072446904698333
2026-07-16 10:00:00+00:00,10190.766701333057,190.76670133305691,1,4031.72,0.0003953683809501132
2026-07-16 11:00:00+00:00,10190.766701333057,190.76670133305691,1,4029.571,-0.0005909594098366244
2026-07-16 12:00:00+00:00,10139.462073163517,139.46207316351558,0,4038.504,-1.0068845588002602
2026-07-16 13:00:00+00:00,10189.694898664118,189.69489866411735,0,3992.38,0.9908380767763694
2026-07-16 14:00:00+00:00,10189.694898664118,189.69489866411735,-1,3990.097,-0.00010479763745798345
2026-07-16 15:00:00+00:00,10166.840457340477,166.84045734047643,1,3997.732,-0.448683606025159
2026-07-16 16:00:00+00:00,10166.840457340477,166.84045734047643,1,4007.048,0.005119307314013904
2026-07-16 17:00:00+00:00,10115.578719726018,115.57871972601818,0,3992.114,-1.00841038726929
2026-07-16 18:00:00+00:00,10115.578719726018,115.57871972601818,0,3984.609,0.0
2026-07-16 19:00:00+00:00,10115.578719726018,115.57871972601818,1,3980.459,-0.0001019014845435319
2026-07-16 20:00:00+00:00,10115.578719726018,115.57871972601818,1,3979.863,-0.0004273233831296367
2026-07-16 21:00:00+00:00,10115.578719726018,115.57871972601818,1,3976.341,-0.002350370240210564
2026-07-16 23:00:00+00:00,10115.578719726018,115.57871972601818,1,3978.224,-0.0013222336042412386
2026-07-17 00:00:00+00:00,10115.578719726018,115.57871972601818,1,3985.782,0.002804509196956349
2026-07-17 01:00:00+00:00,10115.578719726018,115.57871972601818,1,3991.862,0.006124249370452123
2026-07-17 02:00:00+00:00,10115.578719726018,115.57871972601818,1,3983.03,0.0013018899605319544
2026-07-17 03:00:00+00:00,10115.578719726018,115.57871972601818,1,3979.086,-0.0008515730730648985
2026-07-17 04:00:00+00:00,10115.578719726018,115.57871972601818,1,3991.292,0.005813023729186802
2026-07-17 05:00:00+00:00,10118.033784834985,118.0337848349853,-1,3981.648,0.04847563851678103
2026-07-17 06:00:00+00:00,10112.25224997661,112.25224997660908,0,3985.188,-0.11428178599365432
2026-07-17 07:00:00+00:00,10112.25224997661,112.25224997660908,1,3999.223,-7.824938151776573e-05
2026-07-17 08:00:00+00:00,10112.25224997661,112.25224997660908,1,3992.803,-0.0025713229104766555
2026-07-17 09:00:00+00:00,10112.25224997661,112.25224997660908,1,3994.452,-0.0019309680429916065
2026-07-17 10:00:00+00:00,10112.25224997661,112.25224997660908,1,3997.927,-0.0005815240378308873
2026-07-17 11:00:00+00:00,10095.237066246338,95.23706624633745,-1,3990.857,-0.33659485789640486
2026-07-17 12:00:00+00:00,10089.628262016467,89.62826201646685,0,3993.975,-0.11111783097444686
2026-07-17 13:00:00+00:00,10089.628262016467,89.62826201646685,0,3966.336,0.0
2026-07-17 14:00:00+00:00,10089.628262016467,89.62826201646685,1,3996.905,-7.50655019962802e-05
2026-07-17 15:00:00+00:00,10089.628262016467,89.62826201646685,1,4001.046,0.0014451094564466346
2026-07-17 16:00:00+00:00,10089.628262016467,89.62826201646685,1,4018.925,0.008008550191052746
2026-07-17 17:00:00+00:00,10089.628262016467,89.62826201646685,1,4015.068,0.00659263258305593
2026-07-17 18:00:00+00:00,10089.628262016467,89.62826201646685,1,4009.908,0.004698379314384926
2026-07-17 19:00:00+00:00,10089.628262016467,89.62826201646685,1,4011.121,0.005143675673861313
2026-07-17 20:00:00+00:00,10089.628262016467,89.62826201646685,1,4015.164,0.0066278745043335295
2026-07-17 21:00:00+00:00,10089.628262016467,89.62826201646685,1,4017.5,0.007485427922088335
2026-07-19 23:00:00+00:00,10089.628262016467,89.62826201646685,1,3995.009,-0.0007710934472289081
2026-07-20 00:00:00+00:00,10086.702152338396,86.70215233839461,0,3995.625,-0.058002328769388246
2026-07-20 01:00:00+00:00,10086.702152338396,86.70215233839461,1,4008.413,-6.431279587824988e-05
2026-07-20 02:00:00+00:00,10086.702152338396,86.70215233839461,1,4001.954,-0.001972421786394483
2026-07-20 03:00:00+00:00,10086.702152338396,86.70215233839461,1,4021.903,0.003920884646769875
2026-07-20 04:00:00+00:00,10086.702152338396,86.70215233839461,1,4024.205,0.004600938354181044
2026-07-20 05:00:00+00:00,10086.702152338396,86.70215233839461,1,4018.993,0.0030612164067323915
2026-07-20 06:00:00+00:00,10086.903288826497,86.9032888264967,-1,4008.848,0.003923712276322402
2026-07-20 07:00:00+00:00,10086.903288826497,86.9032888264967,-1,4004.013,0.0013679891161675907
2026-07-20 08:00:00+00:00,10086.903288826497,86.9032888264967,-1,4017.415,-0.002602518916890751
2026-07-20 09:00:00+00:00,10071.182970091255,71.18297009125388,1,4019.069,-0.31176345710021935
2026-07-20 10:00:00+00:00,10071.182970091255,71.18297009125388,1,4021.066,0.0005444090185939526
2026-07-20 11:00:00+00:00,10071.182970091255,71.18297009125388,1,4024.018,0.0014464855875650942
2026-07-20 12:00:00+00:00,10071.182970091255,71.18297009125388,1,4025.3,0.001838241062301223
2026-07-20 13:00:00+00:00,10071.182970091255,71.18297009125388,1,4008.195,-0.00338873038493801
2026-07-20 14:00:00+00:00,10071.182970091255,71.18297009125388,1,4005.915,-0.004085456190240932
2026-07-20 15:00:00+00:00,10071.182970091255,71.18297009125388,1,4005.964,-0.004070482697056798
2026-07-20 16:00:00+00:00,10071.182970091255,71.18297009125388,1,4011.869,-0.0022660239776210373
2026-07-20 17:00:00+00:00,10071.182970091255,71.18297009125388,1,4009.643,-0.0029462483822720233
2026-07-20 18:00:00+00:00,10071.182970091255,71.18297009125388,1,4005.26,-0.004285612068518649
2026-07-20 19:00:00+00:00,10071.182970091255,71.18297009125388,1,4007.167,-0.0037028681603114805
2026-07-20 20:00:00+00:00,10071.182970091255,71.18297009125388,1,4006.958,-0.003766734692464191
2026-07-20 21:00:00+00:00,10071.182970091255,71.18297009125388,1,4008.645,-0.003251218712838817
2026-07-20 23:00:00+00:00,10071.182970091255,71.18297009125388,1,4000.543,-0.0057270399736123615
2026-07-21 00:00:00+00:00,10071.182970091255,71.18297009125388,1,4009.702,-0.0029282190741522834
2026-07-21 01:00:00+00:00,10071.182970091255,71.18297009125388,1,4024.957,0.001733426610012148
2026-07-21 02:00:00+00:00,10071.182970091255,71.18297009125388,1,4023.039,0.0011473213053758962
2026-07-21 03:00:00+00:00,10071.182970091255,71.18297009125388,1,4037.874,0.005680622762247674
2026-07-21 04:00:00+00:00,10071.182970091255,71.18297009125388,1,4046.793,0.008406104103254885
2026-07-21 05:00:00+00:00,10117.51574329144,117.51574329143966,-1,4049.479,0.9200344537125068
2026-07-21 06:00:00+00:00,10096.19132992618,96.19132992617915,1,4061.475,-0.42160426871090256
2026-07-21 07:00:00+00:00,10096.19132992618,96.19132992617915,1,4078.463,0.005558571521618467
2026-07-21 08:00:00+00:00,10096.19132992618,96.19132992617915,1,4071.362,0.0032059502854257533
2026-07-21 09:00:00+00:00,10098.101298320316,98.10129832031676,-1,4062.917,0.03776638192203122
2026-07-21 10:00:00+00:00,10098.101298320316,98.10129832031676,-1,4066.024,-0.0010848649958014346
2026-07-21 11:00:00+00:00,10098.101298320316,98.10129832031676,-1,4063.074,-0.00012037259862182799
2026-07-21 12:00:00+00:00,10098.101298320316,98.10129832031676,-1,4056.103,0.0021587719779000212
2026-07-21 13:00:00+00:00,10098.101298320316,98.10129832031676,-1,4053.918,0.0028731502449635864
2026-07-21 14:00:00+00:00,10114.01637013889,114.01637013888968,1,4052.976,0.3151370425408485
2026-07-21 15:00:00+00:00,10114.01637013889,114.01637013888968,1,4068.458,0.005310498976341681
2026-07-21 16:00:00+00:00,10114.01637013889,114.01637013888968,1,4074.259,0.007327341173169098
2026-07-21 17:00:00+00:00,10114.01637013889,114.01637013888968,1,4071.723,0.0064456463255299825
2026-07-21 18:00:00+00:00,10114.01637013889,114.01637013888968,1,4068.52,0.005332054607474779
2026-07-21 19:00:00+00:00,10114.01637013889,114.01637013888968,1,4082.418,0.010163992695995388
2026-07-21 20:00:00+00:00,10114.01637013889,114.01637013888968,1,4084.516,0.010893407439822984
2026-07-21 21:00:00+00:00,10114.01637013889,114.01637013888968,1,4077.934,0.008605033825012095
2026-07-21 23:00:00+00:00,10161.902091683076,161.90209168307487,-1,4080.512,0.946841391322417
2026-07-22 00:00:00+00:00,10161.029389194695,161.02938919469426,1,4080.667,-0.017255676815561897
2026-07-22 01:00:00+00:00,10236.933754364281,236.93375436428067,0,4097.459,1.4940290449371936
2026-07-22 02:00:00+00:00,10236.933754364281,236.93375436428067,1,4121.988,-8.891471670437258e-05
2026-07-22 03:00:00+00:00,10236.933754364281,236.93375436428067,1,4130.33,0.0037436623949572657
2026-07-22 04:00:00+00:00,10236.933754364281,236.93375436428067,1,4130.926,0.004017483535996847
2026-07-22 05:00:00+00:00,10236.933754364281,236.93375436428067,1,4126.874,0.0021558673220846104
2026-07-22 06:00:00+00:00,10257.044506137294,257.044506137293,-1,4130.84,0.39283021080344854
2026-07-22 07:00:00+00:00,10257.044506137294,257.044506137293,-1,4116.393,0.005275675652471855
2026-07-22 08:00:00+00:00,10257.044506137294,257.044506137293,-1,4110.776,0.0073562387174459344
2026-07-22 09:00:00+00:00,10257.044506137294,257.044506137293,-1,4118.214,0.004601168737514139
2026-07-22 10:00:00+00:00,10257.044506137294,257.044506137293,-1,4115.158,0.005733125427305792
2026-07-22 11:00:00+00:00,10257.044506137294,257.044506137293,-1,4117.411,0.004898603692325229
2026-07-22 12:00:00+00:00,10257.044506137294,257.044506137293,-1,4122.519,0.0030065766074244622
2026-07-22 13:00:00+00:00,10257.044506137294,257.044506137293,-1,4112.909,0.0065661655435828095
2026-07-22 14:00:00+00:00,10211.586393179357,211.58639317935726,1,4154.47,-0.886445210797269
2026-07-22 15:00:00+00:00,10211.586393179357,211.58639317935726,1,4148.558,-0.0019121999360371697
2026-07-22 16:00:00+00:00,10211.586393179357,211.58639317935726,1,4159.132,0.0013883810807323186
2026-07-22 17:00:00+00:00,10211.586393179357,211.58639317935726,1,4146.934,-0.002419117239917742
2026-07-22 18:00:00+00:00,10211.586393179357,211.58639317935726,1,4142.516,-0.00379815704813507
2026-07-22 19:00:00+00:00,10211.586393179357,211.58639317935726,1,4136.221,-0.005763085883066499
2026-07-22 20:00:00+00:00,10211.586393179357,211.58639317935726,1,4131.685,-0.007178958352525941
2026-07-22 21:00:00+00:00,10160.289401953482,160.28940195348136,0,4130.104,-1.0046821179545382
2026-07-22 23:00:00+00:00,10160.289401953482,160.28940195348136,1,4121.796,-0.0001232313232238274
2026-07-23 00:00:00+00:00,10160.289401953482,160.28940195348136,1,4133.267,0.0077712120681318365
2026-07-23 01:00:00+00:00,10160.289401953482,160.28940195348136,1,4132.279,0.007091261752496342
2026-07-23 02:00:00+00:00,10160.289401953482,160.28940195348136,1,4117.927,-0.002785911253583951
2026-07-23 03:00:00+00:00,10160.289401953482,160.28940195348136,1,4127.98,0.0041326520288936614
2026-07-23 04:00:00+00:00,10160.289401953482,160.28940195348136,1,4124.797,0.0019420833500787358
2026-07-23 05:00:00+00:00,10160.289401953482,160.28940195348136,1,4121.351,-0.00042948424878901705
2026-07-23 06:00:00+00:00,10160.289401953482,160.28940195348136,1,4123.83,0.0012765854196944268
2026-07-23 07:00:00+00:00,10108.963524884062,108.96352488406237,0,4118.611,-1.0103231323224116
2026-07-23 08:00:00+00:00,10108.963524884062,108.96352488406237,0,4095.526,0.0
2026-07-23 09:00:00+00:00,10108.963524884062,108.96352488406237,0,4093.292,0.0
2026-07-23 10:00:00+00:00,10108.963524884062,108.96352488406237,0,4089.777,0.0
2026-07-23 11:00:00+00:00,10057.888239843607,57.888239843607444,0,4093.318,-1.0104949911972485
2026-07-23 12:00:00+00:00,10057.888239843607,57.888239843607444,0,4085.749,0.0
2026-07-23 13:00:00+00:00,10107.6920825185,107.69208251850071,0,4061.574,0.9903439268215202
2026-07-23 14:00:00+00:00,10056.690463143155,56.690463143156066,0,4043.309,-1.0091644850074912
2026-07-23 15:00:00+00:00,10056.690463143155,56.690463143156066,1,4057.99,-0.00010950799487169831
2026-07-23 16:00:00+00:00,10056.690463143155,56.690463143156066,1,4048.786,-0.0056017185601956124
2026-07-23 17:00:00+00:00,10056.690463143155,56.690463143156066,1,4051.304,-0.004099177686283596
2026-07-23 18:00:00+00:00,10005.95693372824,5.956933728240024,0,4041.855,-1.008950799487164
2026-07-23 19:00:00+00:00,10005.95693372824,5.956933728240024,1,4045.941,-0.00011839580612950002
2026-07-23 20:00:00+00:00,10005.95693372824,5.956933728240024,1,4049.891,0.002472693755279275
2026-07-23 21:00:00+00:00,10005.95693372824,5.956933728240024,1,4049.216,0.002029912627696674
2026-07-23 23:00:00+00:00,10005.95693372824,5.956933728240024,1,4049.439,0.0021761943928090806
2026-07-24 00:00:00+00:00,10005.95693372824,5.956933728240024,1,4046.905,0.0005139612412626302
2026-07-24 01:00:00+00:00,10005.95693372824,5.956933728240024,1,4050.024,0.0025599380367139213
2026-07-24 02:00:00+00:00,9955.434876960302,-44.56512303969665,0,4043.504,-1.0098395806129556
2026-07-24 03:00:00+00:00,9955.434876960302,-44.56512303969665,0,4024.381,0.0
2026-07-24 04:00:00+00:00,9955.434876960302,-44.56512303969665,0,4029.371,0.0
2026-07-24 05:00:00+00:00,9955.434876960302,-44.56512303969665,0,4027.133,0.0
2026-07-24 06:00:00+00:00,9955.434876960302,-44.56512303969665,0,4022.978,0.0
2026-07-24 07:00:00+00:00,9955.434876960302,-44.56512303969665,1,4035.802,-9.986356210102468e-05
2026-07-24 08:00:00+00:00,10004.814513099334,4.814513099335805,0,4048.572,0.9920136437899015
2026-07-24 09:00:00+00:00,10004.814513099334,4.814513099335805,1,4057.377,-9.671037818372864e-05
2026-07-24 10:00:00+00:00,10004.814513099334,4.814513099335805,1,4059.676,0.001079004018111495
2026-07-24 11:00:00+00:00,10004.814513099334,4.814513099335805,1,4059.922,0.0012048090383327819
2026-07-24 12:00:00+00:00,10004.814513099334,4.814513099335805,1,4057.666,5.1084950450275355e-05
2026-07-24 13:00:00+00:00,10004.814513099334,4.814513099335805,1,4056.154,-0.000722155661641328
2026-07-24 14:00:00+00:00,10004.814513099334,4.814513099335805,1,4067.598,0.005130334791252374
2026-07-24 15:00:00+00:00,10004.814513099334,4.814513099335805,1,4063.433,0.0030003432903521515
2026-07-24 16:00:00+00:00,10004.814513099334,4.814513099335805,1,4077.411,0.010148727732028911
2026-07-24 17:00:00+00:00,10004.814513099334,4.814513099335805,1,4066.873,0.0047595679633646235
2026-07-24 18:00:00+00:00,10004.814513099334,4.814513099335805,1,4063.428,0.0029977862777459735
2026-07-24 19:00:00+00:00,10004.814513099334,4.814513099335805,1,4054.486,-0.0015751750670439347
2026-07-24 20:00:00+00:00,10004.814513099334,4.814513099335805,1,4053.523,-0.00206765569498304
2026-07-24 21:00:00+00:00,10004.814513099334,4.814513099335805,1,4052.772,-0.0024517189884227797
2026-07-26 23:00:00+00:00,10004.814513099334,4.814513099335805,1,4089.778,0.016473242712012757
2026-07-27 00:00:00+00:00,10154.502994243347,154.50299424334858,0,4093.898,2.992328962181651
2026-07-27 01:00:00+00:00,10154.502994243347,154.50299424334858,1,4100.937,-8.589221314972336e-05
2026-07-27 02:00:00+00:00,10154.502994243347,154.50299424334858,1,4109.939,0.003868519138685444
2026-07-27 03:00:00+00:00,10137.251296920833,137.25129692083397,0,4093.502,-0.33978417914286674
2026-07-27 04:00:00+00:00,10137.251296920833,137.25129692083397,0,4090.842,0.0
2026-07-27 05:00:00+00:00,10137.251296920833,137.25129692083397,1,4090.473,-8.953987880939487e-05
2026-07-27 06:00:00+00:00,10137.251296920833,137.25129692083397,1,4092.933,0.001050914133664006
2026-07-27 07:00:00+00:00,10137.251296920833,137.25129692083397,1,4096.172,0.002552511916753766
2026-07-27 08:00:00+00:00,10137.251296920833,137.25129692083397,1,4088.908,-0.000815072614387
2026-07-27 09:00:00+00:00,10137.251296920833,137.25129692083397,1,4095.308,0.0021519622148120907
2026-07-27 10:00:00+00:00,10137.251296920833,137.25129692083397,1,4096.269,0.002597481038384122
2026-07-27 11:00:00+00:00,10137.251296920833,137.25129692083397,1,4099.564,0.004125040376229603
2026-07-27 12:00:00+00:00,10137.251296920833,137.25129692083397,1,4094.031,0.0015599460465484478
2026-07-27 13:00:00+00:00,10137.251296920833,137.25129692083397,1,4083.817,-0.0031752561011763815
2026-07-27 14:00:00+00:00,10086.212568822904,86.21256882290521,0,4074.017,-1.006953987880943
2026-07-27 15:00:00+00:00,10086.212568822904,86.21256882290521,1,4075.99,-0.00012718005142173773
2026-07-27 16:00:00+00:00,10086.212568822904,86.21256882290521,1,4078.608,0.0017434691127248044
2026-07-27 17:00:00+00:00,10086.212568822904,86.21256882290521,1,4082.254,0.004348658895947404
2026-07-27 18:00:00+00:00,10086.212568822904,86.21256882290521,1,4076.435,0.00019078743446267503
2026-07-27 19:00:00+00:00,10086.212568822904,86.21256882290521,1,4077.756,0.0011346864206494773
2026-07-27 20:00:00+00:00,10086.212568822904,86.21256882290521,1,4083.208,0.00503032402298937
2026-07-27 21:00:00+00:00,10086.212568822904,86.21256882290521,1,4076.799,0.000450877692579291
2026-07-27 23:00:00+00:00,10086.212568822904,86.21256882290521,1,4074.044,-0.0015176625851988429
2026-07-28 00:00:00+00:00,10035.240985587901,35.240985587902415,0,4073.195,-1.010718005142173
2026-07-28 01:00:00+00:00,10035.240985587901,35.240985587902415,0,4057.763,0.0
2026-07-28 02:00:00+00:00,10035.240985587901,35.240985587902415,0,4045.043,0.0
2026-07-28 03:00:00+00:00,10035.240985587901,35.240985587902415,1,4042.087,-0.00013944095445192568
2026-07-28 04:00:00+00:00,10035.240985587901,35.240985587902415,1,4049.236,0.005553114934723311
2026-07-28 05:00:00+00:00,10035.240985587901,35.240985587902415,1,4042.301,3.096147389933861e-05
2026-07-28 06:00:00+00:00,10035.240985587901,35.240985587902415,1,4045.363,0.002469149490776422
2026-07-28 07:00:00+00:00,10035.240985587901,35.240985587902415,1,4048.338,0.004838061754071802
2026-07-28 08:00:00+00:00,10035.240985587901,35.240985587902415,1,4047.179,0.003915181312673731
2026-07-28 09:00:00+00:00,9984.465471279225,-15.534528720773352,0,4045.354,-1.0119440954451866
2026-07-28 10:00:00+00:00,9984.465471279225,-15.534528720773352,0,4023.451,0.0
2026-07-28 11:00:00+00:00,9984.465471279225,-15.534528720773352,1,4026.498,-0.0001381205595464538
2026-07-28 12:00:00+00:00,9984.465471279225,-15.534528720773352,1,4028.003,0.0010470223879023336
2026-07-28 13:00:00+00:00,9984.465471279225,-15.534528720773352,1,4029.483,0.0022124785754266524
2026-07-28 14:00:00+00:00,9933.95345859871,-66.04654140128957,0,4022.374,-1.0118120559546435
2026-07-28 15:00:00+00:00,9933.95345859871,-66.04654140128957,1,4024.406,-0.00013063985700929902
2026-07-28 16:00:00+00:00,9933.95345859871,-66.04654140128957,1,4045.973,0.015777158783778073
2026-07-28 17:00:00+00:00,9933.95345859871,-66.04654140128957,1,4037.618,0.009614518748363842
2026-07-28 18:00:00+00:00,9933.95345859871,-66.04654140128957,1,4027.788,0.0023639201190255622
2026-07-28 19:00:00+00:00,9933.95345859871,-66.04654140128957,1,4022.887,-0.0012510528089892908
2026-07-28 20:00:00+00:00,9933.95345859871,-66.04654140128957,1,4026.526,0.0014330701220544317
2026-07-28 21:00:00+00:00,9933.95345859871,-66.04654140128957,1,4028.838,0.0031383991180903206
2026-07-28 23:00:00+00:00,9933.95345859871,-66.04654140128957,1,4018.38,-0.004575411712593392
2026-07-29 00:00:00+00:00,9933.95345859871,-66.04654140128957,1,4025.098,0.00037977868332662965
2026-07-29 01:00:00+00:00,9883.734145710618,-116.26585428938196,0,4021.65,-1.0110639857009298
2026-07-29 02:00:00+00:00,9883.734145710618,-116.26585428938196,1,4025.682,-0.00013154706637448106
2026-07-29 03:00:00+00:00,9883.734145710618,-116.26585428938196,1,4029.663,0.002828912075202616
2026-07-29 04:00:00+00:00,9883.734145710618,-116.26585428938196,1,4023.687,-0.0016151230491540983
2026-07-29 05:00:00+00:00,9883.734145710618,-116.26585428938196,1,4027.416,0.0011579370209140192
2026-07-29 06:00:00+00:00,9883.734145710618,-116.26585428938196,1,4033.142,0.005416060367979706
2026-07-29 07:00:00+00:00,9883.734145710618,-116.26585428938196,1,4041.034,0.011284923353492387
2026-07-29 08:00:00+00:00,9883.734145710618,-116.26585428938196,1,4043.882,0.013402830320387882
2026-07-29 09:00:00+00:00,9925.857054884287,-74.14294511571282,-1,4037.444,0.8522866452902836
2026-07-29 10:00:00+00:00,9925.857054884287,-74.14294511571282,-1,4032.749,0.0018486383318571905
2026-07-29 11:00:00+00:00,9925.857054884287,-74.14294511571282,-1,4027.211,0.004125540220047504
2026-07-29 12:00:00+00:00,9975.180270241723,-24.81972975827668,0,4032.616,0.99383287679253
2026-07-29 13:00:00+00:00,9924.705578848641,-75.2944211513574,0,4022.529,-1.0120055984082603
2026-07-29 14:00:00+00:00,9924.705578848641,-75.2944211513574,1,4007.139,-0.0001326058352643899
2026-07-29 15:00:00+00:00,9924.705578848641,-75.2944211513574,1,4004.872,-0.001834455358892714
2026-07-29 16:00:00+00:00,9973.770316862154,-26.229683137844432,0,4009.906,0.9887394164735386
2026-07-29 17:00:00+00:00,9973.770316862154,-26.229683137844432,1,4027.429,-7.321984414567397e-05
2026-07-29 18:00:00+00:00,10073.242618779872,73.24261877987311,0,4044.212,1.9946780155854462
2026-07-29 19:00:00+00:00,10022.672247806418,22.672247806419925,0,4106.535,-1.0040534689231744
2026-07-29 20:00:00+00:00,10022.672247806418,22.672247806419925,0,4044.773,0.0
2026-07-29 21:00:00+00:00,10022.672247806418,22.672247806419925,1,4066.291,-6.401419995071194e-05
2026-07-29 23:00:00+00:00,10022.672247806418,22.672247806419925,1,4088.409,0.006426026296777646
2026-07-30 00:00:00+00:00,10049.380327840252,49.38032784025371,-1,4084.754,0.5328886910014943
2026-07-30 01:00:00+00:00,10049.380327840252,49.38032784025371,-1,4072.027,0.0037182869773607335
2026-07-30 02:00:00+00:00,10049.380327840252,49.38032784025371,-1,4084.701,-4.883150487435581e-05
2026-07-30 03:00:00+00:00,10049.380327840252,49.38032784025371,-1,4063.557,0.0062358420937038165
2026-07-30 04:00:00+00:00,10049.380327840252,49.38032784025371,-1,4058.764,0.007660475112904665
2026-07-30 05:00:00+00:00,10124.526655486241,124.52665548624192,0,4046.138,1.4955415198648168
2026-07-30 06:00:00+00:00,10124.526655486241,124.52665548624192,0,4033.807,0.0
2026-07-30 07:00:00+00:00,10124.526655486241,124.52665548624192,0,4036.547,0.0
2026-07-30 08:00:00+00:00,10124.526655486241,124.52665548624192,0,4038.908,0.0
2026-07-30 09:00:00+00:00,10124.526655486241,124.52665548624192,-1,4061.345,-6.528809227071162e-05
2026-07-30 10:00:00+00:00,10120.863076712249,120.86307671224974,1,4063.442,-0.07242536722891878
2026-07-30 11:00:00+00:00,10120.863076712249,120.86307671224974,1,4078.116,0.0033685247586155314
2026-07-30 12:00:00+00:00,10120.863076712249,120.86307671224974,1,4077.586,0.0032448730013815105
2026-07-30 13:00:00+00:00,10120.863076712249,120.86307671224974,1,4068.862,0.0012095184162698933
2026-07-30 14:00:00+00:00,10120.863076712249,120.86307671224974,1,4112.11,0.01129950180656212
2026-07-30 15:00:00+00:00,10120.863076712249,120.86307671224974,1,4099.896,0.00844991206532484
2026-07-30 16:00:00+00:00,10120.863076712249,120.86307671224974,1,4107.999,0.010340384119790696
2026-07-30 17:00:00+00:00,10120.863076712249,120.86307671224974,1,4110.603,0.01094791086665353
2026-07-30 18:00:00+00:00,10120.863076712249,120.86307671224974,1,4102.45,0.00904577355207122
2026-07-30 19:00:00+00:00,10120.863076712249,120.86307671224974,1,4099.622,0.008385986439887033
2026-07-30 20:00:00+00:00,10120.863076712249,120.86307671224974,1,4112.162,0.011311633677083325
2026-07-30 21:00:00+00:00,10120.863076712249,120.86307671224974,1,4103.046,0.009184823452658968
2026-07-30 23:00:00+00:00,10174.593320640852,174.59332064085234,-1,4109.252,1.0617138689570897
2026-07-31 00:00:00+00:00,10178.541618809219,178.54161880921833,0,4105.897,0.07761092839665719
2026-07-31 01:00:00+00:00,10178.541618809219,178.54161880921833,0,4094.593,0.0
2026-07-31 02:00:00+00:00,10178.541618809219,178.54161880921833,0,4084.349,0.0
2026-07-31 03:00:00+00:00,10178.541618809219,178.54161880921833,0,4076.248,0.0
2026-07-31 04:00:00+00:00,10178.541618809219,178.54161880921833,0,4075.036,0.0
2026-07-31 05:00:00+00:00,10178.541618809219,178.54161880921833,0,4080.092,0.0
2026-07-31 06:00:00+00:00,10178.541618809219,178.54161880921833,0,4074.468,0.0
2026-07-31 07:00:00+00:00,10178.541618809219,178.54161880921833,1,4077.703,-8.032076168072806e-05
2026-07-31 08:00:00+00:00,10157.674574143992,157.67457414399104,0,4067.807,-0.410020324064225
2026-07-31 09:00:00+00:00,10157.674574143992,157.67457414399104,0,4061.034,0.0
2026-07-31 10:00:00+00:00,10157.674574143992,157.67457414399104,0,4055.059,0.0
2026-07-31 11:00:00+00:00,10157.674574143992,157.67457414399104,0,4054.311,0.0
2026-07-31 12:00:00+00:00,10157.674574143992,157.67457414399104,1,4053.731,-0.00012058726920496027
2026-07-31 13:00:00+00:00,10106.375334899829,106.37533489982805,0,4040.92,-1.0100587269204966
2026-07-31 14:00:00+00:00,10055.36717303334,55.36717303334028,0,4025.546,-1.0094254404018463
2026-07-31 15:00:00+00:00,10055.36717303334,55.36717303334028,1,4049.051,-6.440630961702124e-05
2026-07-31 16:00:00+00:00,10055.36717303334,55.36717303334028,1,4045.566,-0.0010961129030518935
2026-07-31 17:00:00+00:00,10055.36717303334,55.36717303334028,1,4043.364,-0.0017479975282293021
2026-07-31 18:00:00+00:00,10055.36717303334,55.36717303334028,1,4053.556,0.0012692631892134067
2026-07-31 19:00:00+00:00,10055.36717303334,55.36717303334028,1,4050.618,0.0003994916048485148
2026-07-31 20:00:00+00:00,10055.36717303334,55.36717303334028,1,4051.051,0.0005276778186095695
2026-07-31 21:00:00+00:00,10055.36717303334,55.36717303334028,1,4043.812,-0.0016153706835065856
2026-08-02 23:00:00+00:00,10055.36717303334,55.36717303334028,1,4063.914,0.004335666889298972
2026-08-03 00:00:00+00:00,10055.36717303334,55.36717303334028,1,4074.778,0.007551867873825688
2026-08-03 01:00:00+00:00,10067.003529786176,67.00352978617508,-1,4057.169,0.23138002171813166
2026-08-03 02:00:00+00:00,10067.532184448055,67.53218444805456,1,4056.524,0.010436988214227508
2026-08-03 03:00:00+00:00,10067.532184448055,67.53218444805456,1,4062.355,0.00171206431284298
2026-08-03 04:00:00+00:00,10067.532184448055,67.53218444805456,1,4064.884,0.002483124099355893
2026-08-03 05:00:00+00:00,10067.532184448055,67.53218444805456,1,4064.012,0.0022172624410565097
2026-08-03 06:00:00+00:00,10067.532184448055,67.53218444805456,1,4068.766,0.0036666962983448927
2026-08-03 07:00:00+00:00,10078.56229588766,78.56229588765865,-1,4064.011,0.21905249179669348
2026-08-03 08:00:00+00:00,10078.56229588766,78.56229588765865,-1,4060.835,0.000987763796300811
2026-08-03 09:00:00+00:00,10078.56229588766,78.56229588765865,-1,4059.406,0.0014636707576074941
2026-08-03 10:00:00+00:00,10078.56229588766,78.56229588765865,-1,4055.373,0.0028068007610712376
2026-08-03 11:00:00+00:00,10078.56229588766,78.56229588765865,-1,4049.247,0.004846972940892554
2026-08-03 12:00:00+00:00,10080.765847076247,80.76584707624585,1,4062.398,0.04365586023651978
2026-08-03 13:00:00+00:00,10030.101781207164,30.101781207162816,0,4047.494,-1.0051630330006585
2026-08-03 14:00:00+00:00,10030.101781207164,30.101781207162816,1,4032.326,-0.0001109042744338579
2026-08-03 15:00:00+00:00,10030.101781207164,30.101781207162816,1,4036.401,0.002358661847684341
2026-08-03 16:00:00+00:00,10030.101781207164,30.101781207162816,1,4036.023,0.002129583076111339
2026-08-03 17:00:00+00:00,10030.101781207164,30.101781207162816,1,4037.045,0.0027489441992536085
2026-08-03 18:00:00+00:00,10030.101781207164,30.101781207162816,1,4030.624,-0.0011423647750095436
2026-08-03 19:00:00+00:00,10079.796400550742,79.79640055073986,0,4043.333,0.9909095725566389
2026-08-03 20:00:00+00:00,10079.796400550742,79.79640055073986,1,4052.12,-0.00012369142377265812
2026-08-03 21:00:00+00:00,10079.796400550742,79.79640055073986,1,4055.037,0.0018927611305250191
2026-08-03 23:00:00+00:00,10079.796400550742,79.79640055073986,1,4052.714,0.0002869266143668542
2026-08-04 00:00:00+00:00,10079.796400550742,79.79640055073986,1,4053.762,0.0010113840284582114
2026-08-04 01:00:00+00:00,10079.796400550742,79.79640055073986,1,4049.279,-0.002087606990025539
2026-08-04 02:00:00+00:00,10079.796400550742,79.79640055073986,1,4058.684,0.004413845280516321
2026-08-04 03:00:00+00:00,10079.796400550742,79.79640055073986,1,4058.941,0.004591503253246429
2026-08-04 04:00:00+00:00,10079.796400550742,79.79640055073986,1,4052.572,0.00018876539986225146
2026-08-04 05:00:00+00:00,10079.796400550742,79.79640055073986,1,4063.659,0.007852944168974
2026-08-04 06:00:00+00:00,10079.796400550742,79.79640055073986,1,4062.008,0.0067116472313167655
2026-08-04 07:00:00+00:00,10117.224598591116,117.2245985911141,-1,4063.163,0.7425604890030999
2026-08-04 08:00:00+00:00,10112.441746940558,112.44174694055665,1,4065.33,-0.09462844311278189
2026-08-04 09:00:00+00:00,10112.441746940558,112.44174694055665,1,4055.172,-0.004126248316958824
2026-08-04 10:00:00+00:00,10112.441746940558,112.44174694055665,1,4049.577,-0.006355047243363927
2026-08-04 11:00:00+00:00,10112.441746940558,112.44174694055665,1,4053.912,-0.004628176225318255
2026-08-04 12:00:00+00:00,10112.441746940558,112.44174694055665,1,4074.926,0.0037428658907637485
2026-08-04 13:00:00+00:00,10112.441746940558,112.44174694055665,1,4070.716,0.0020657893080710038
2026-08-04 14:00:00+00:00,10112.441746940558,112.44174694055665,1,4084.043,0.0073746728276782225
2026-08-04 15:00:00+00:00,10112.441746940558,112.44174694055665,1,4083.453,0.007139643092811486
2026-08-04 16:00:00+00:00,10112.441746940558,112.44174694055665,1,4087.423,0.008721114359626168
2026-08-04 17:00:00+00:00,10187.982934046515,187.98293404651315,0,4093.114,1.4940246677576414
2026-08-04 18:00:00+00:00,10187.982934046515,187.98293404651315,1,4086.146,-0.00011319411368054385
2026-08-04 19:00:00+00:00,10187.982934046515,187.98293404651315,1,4079.734,-0.00409693182647594
2026-08-04 20:00:00+00:00,10187.982934046515,187.98293404651315,1,4078.473,-0.004880383675483216
2026-08-04 21:00:00+00:00,10187.982934046515,187.98293404651315,1,4077.825,-0.005282982246583008
2026-08-04 23:00:00+00:00,10136.568289356415,136.56828935641454,0,4075.801,-1.009319411368083
2026-08-05 00:00:00+00:00,10136.568289356415,136.56828935641454,1,4072.308,-0.00012555362565146115
2026-08-05 01:00:00+00:00,10136.568289356415,136.56828935641454,1,4082.37,0.006954983583044187
2026-08-05 02:00:00+00:00,10288.081837929461,288.0818379294601,0,4101.218,2.9894446374349033
2026-08-05 03:00:00+00:00,10288.081837929461,288.0818379294601,1,4129.3,-7.970347978603656e-05
2026-08-05 04:00:00+00:00,10288.081837929461,288.0818379294601,1,4128.383,-0.0004446907528790397
2026-08-05 05:00:00+00:00,10364.93533457091,364.9353345709078,0,4135.603,1.4940296520214185
2026-08-05 06:00:00+00:00,10364.93533457091,364.9353345709078,1,4161.605,-7.668835031509145e-05
2026-08-05 07:00:00+00:00,10364.93533457091,364.9353345709078,1,4177.619,0.005975359929338796
2026-08-05 08:00:00+00:00,10364.93533457091,364.9353345709078,1,4170.626,0.0033325490376430182
2026-08-05 09:00:00+00:00,10361.889757779081,361.88975777907905,-1,4160.35,-0.05884432444221368
2026-08-05 10:00:00+00:00,10361.889757779081,361.88975777907905,-1,4157.96,0.0008371924802344322
2026-08-05 11:00:00+00:00,10309.782916111346,309.78291611134387,0,4161.278,-1.005740128215834
2026-08-05 12:00:00+00:00,10309.782916111346,309.78291611134387,1,4188.955,-7.58923702539043e-05
2026-08-05 13:00:00+00:00,10309.782916111346,309.78291611134387,1,4184.002,-0.001921458436042122
2026-08-05 14:00:00+00:00,10309.782916111346,309.78291611134387,1,4206.006,0.006277579664423798
2026-08-05 15:00:00+00:00,10309.782916111346,309.78291611134387,1,4244.001,0.02043511704977206
2026-08-05 16:00:00+00:00,10309.782916111346,309.78291611134387,1,4232.923,0.016307279198610206
2026-08-05 17:00:00+00:00,10309.782916111346,309.78291611134387,1,4242.25,0.01978266678100649
2026-08-05 18:00:00+00:00,10309.782916111346,309.78291611134387,1,4250.022,0.022678636791769118
2026-08-05 19:00:00+00:00,10309.782916111346,309.78291611134387,1,4260.601,0.0266205393578856
2026-08-05 20:00:00+00:00,10420.695324820572,420.69532482057014,-1,4246.998,2.1515394334560676
2026-08-05 21:00:00+00:00,10420.695324820572,420.69532482057014,-1,4246.208,0.00013355845670333304
2026-08-05 23:00:00+00:00,10420.695324820572,420.69532482057014,-1,4250.093,-0.0007985893625031937
2026-08-06 00:00:00+00:00,10381.494520905826,381.4945209058247,1,4278.055,-0.7524219355426327
2026-08-06 01:00:00+00:00,10381.494520905826,381.4945209058247,1,4294.734,0.004109850348277999
2026-08-06 02:00:00+00:00,10392.32261645458,392.3226164545781,-1,4286.704,0.20853792323018497
2026-08-06 03:00:00+00:00,10392.32261645458,392.3226164545781,-1,4278.726,0.0023736681385147073
2026-08-06 04:00:00+00:00,10392.32261645458,392.3226164545781,-1,4265.508,0.006415505830758615
2026-08-06 05:00:00+00:00,10392.32261645458,392.3226164545781,-1,4262.336,0.007385449026385493
2026-08-06 06:00:00+00:00,10392.32261645458,392.3226164545781,-1,4267.258,0.005880385845781543
2026-08-06 07:00:00+00:00,10392.32261645458,392.3226164545781,-1,4255.975,0.009330533726064967
2026-08-06 08:00:00+00:00,10392.32261645458,392.3226164545781,-1,4262.569,0.00731420162267135
2026-08-06 09:00:00+00:00,10392.32261645458,392.3226164545781,-1,4278.115,0.0025605014589838064
2026-08-06 10:00:00+00:00,10392.32261645458,392.3226164545781,-1,4272.943,0.004142010351727338
2026-08-06 11:00:00+00:00,10392.32261645458,392.3226164545781,-1,4270.912,0.004763055317149282
2026-08-06 12:00:00+00:00,10392.32261645458,392.3226164545781,-1,4263.132,0.00714204587893326
2026-08-06 13:00:00+00:00,10470.02670152703,470.0267015270283,0,4250.138,1.4954132572716279
2026-08-06 14:00:00+00:00,10470.02670152703,470.0267015270283,1,4266.948,-5.506079047319156e-05
2026-08-06 15:00:00+00:00,10470.02670152703,470.0267015270283,1,4272.806,0.0013141799468096651
2026-08-06 16:00:00+00:00,10417.493024313178,417.49302431317733,0,4233.828,-1.0035060790473216
2026-08-06 17:00:00+00:00,10417.493024313178,417.49302431317733,1,4241.262,-8.657121900541092e-05
2026-08-06 18:00:00+00:00,10417.493024313178,417.49302431317733,1,4247.06,0.0024866282996236166
2026-08-06 19:00:00+00:00,10417.493024313178,417.49302431317733,1,4243.538,0.0009235360773724027
2026-08-06 20:00:00+00:00,10417.493024313178,417.49302431317733,1,4248.79,0.003254416358821024
2026-08-06 21:00:00+00:00,10417.493024313178,417.49302431317733,1,4240.43,-0.0004558195804227306
2026-08-06 23:00:00+00:00,10417.493024313178,417.49302431317733,1,4240.83,-0.0002782963297413657
2026-08-07 00:00:00+00:00,10417.493024313178,417.49302431317733,1,4252.14,0.004741173583278969
2026-08-07 01:00:00+00:00,10417.493024313178,417.49302431317733,1,4232.657,-0.003905540149291552
2026-08-07 02:00:00+00:00,10417.493024313178,417.49302431317733,1,4256.766,0.006794229977410506
2026-08-07 03:00:00+00:00,10417.493024313178,417.49302431317733,1,4250.393,0.00396584078592727
2026-08-07 04:00:00+00:00,10417.493024313178,417.49302431317733,1,4265.983,0.010884809481239825
2026-08-07 05:00:00+00:00,10417.493024313178,417.49302431317733,1,4264.724,0.010326055049719712
2026-08-07 06:00:00+00:00,10503.00684002623,503.00684002622785,-1,4278.554,1.6416746001167708
2026-08-07 07:00:00+00:00,10476.092915306832,476.0929153068303,1,4297.272,-0.5125728952948507
2026-08-07 08:00:00+00:00,10476.092915306832,476.0929153068303,1,4289.992,-0.0026686676023078065
2026-08-07 09:00:00+00:00,10476.092915306832,476.0929153068303,1,4305.866,0.0029901412158667667
2026-08-07 10:00:00+00:00,10476.092915306832,476.0929153068303,1,4315.892,0.00656423830614131
2026-08-07 11:00:00+00:00,10476.092915306832,476.0929153068303,1,4316.729,0.00686261445461143
2026-08-07 12:00:00+00:00,10554.38352110935,554.3835211093483,0,4321.086,1.4946527571958867
2026-08-07 13:00:00+00:00,10554.38352110935,554.3835211093483,1,4361.211,-6.566873220810617e-05
2026-08-07 14:00:00+00:00,10501.37060084648,501.3706008464785,0,4348.108,-1.0045668732208128
2026-08-07 15:00:00+00:00,10501.37060084648,501.3706008464785,1,4341.405,-6.413518244090435e-05
2026-08-07 16:00:00+00:00,10501.37060084648,501.3706008464785,1,4341.025,-0.00017594431129149866
2026-08-07 17:00:00+00:00,10501.37060084648,501.3706008464785,1,4329.038,-0.0037029338574275463
2026-08-07 18:00:00+00:00,10501.37060084648,501.3706008464785,1,4340.309,-0.00038661624880976153
2026-08-07 19:00:00+00:00,10501.37060084648,501.3706008464785,1,4335.679,-0.001748922213489012
2026-08-07 20:00:00+00:00,10501.37060084648,501.3706008464785,1,4344.025,0.0007067593375287292
2026-08-07 21:00:00+00:00,10501.37060084648,501.3706008464785,1,4342.475,0.00025069578563849225
2026-08-09 23:00:00+00:00,10501.37060084648,501.3706008464785,1,4341.696,2.1487071494706994e-05
2026-08-10 00:00:00+00:00,10501.37060084648,501.3706008464785,1,4332.663,-0.002636333615103104
2026-08-10 01:00:00+00:00,10501.37060084648,501.3706008464785,1,4332.219,-0.0027669737551283525
2026-08-10 02:00:00+00:00,10501.37060084648,501.3706008464785,1,4322.556,-0.005610162207978443
2026-08-10 03:00:00+00:00,10501.37060084648,501.3706008464785,1,4319.644,-0.006466973216433088
2026-08-10 04:00:00+00:00,10501.37060084648,501.3706008464785,1,4326.402,-0.0044785361301907765
2026-08-10 05:00:00+00:00,10501.37060084648,501.3706008464785,1,4339.37,-0.0006629024908905829
2026-08-10 06:00:00+00:00,10501.37060084648,501.3706008464785,1,4347.437,0.0017106876207870123
2026-08-10 07:00:00+00:00,10501.37060084648,501.3706008464785,1,4358.037,0.004829573846618591
2026-08-10 08:00:00+00:00,10501.37060084648,501.3706008464785,1,4355.551,0.004098106756296265
2026-08-10 09:00:00+00:00,10501.37060084648,501.3706008464785,1,4346.658,0.0014814789066434945
2026-08-10 10:00:00+00:00,10501.37060084648,501.3706008464785,1,4341.287,-9.8854859294348e-05
2026-08-10 11:00:00+00:00,10501.37060084648,501.3706008464785,1,4335.884,-0.0016886041308196511
2026-08-10 12:00:00+00:00,10501.37060084648,501.3706008464785,1,4335.181,-0.0018954510191933178
2026-08-10 13:00:00+00:00,10501.37060084648,501.3706008464785,1,4332.566,-0.0026648743664148856
2026-08-10 14:00:00+00:00,10501.37060084648,501.3706008464785,1,4318.172,-0.0069000864734544065
2026-08-10 15:00:00+00:00,10501.37060084648,501.3706008464785,1,4345.339,0.001093383535712079
2026-08-10 16:00:00+00:00,10501.37060084648,501.3706008464785,1,4358.475,0.004958448579346374
2026-08-10 17:00:00+00:00,10501.37060084648,501.3706008464785,1,4356.675,0.0044288263900541846
2026-08-10 18:00:00+00:00,10501.37060084648,501.3706008464785,1,4360.303,0.005496309336027358
2026-08-10 19:00:00+00:00,10501.37060084648,501.3706008464785,1,4378.463,0.010839608756885763
2026-08-10 20:00:00+00:00,10501.37060084648,501.3706008464785,1,4388.19,0.013701628220910507
2026-08-10 21:00:00+00:00,10501.37060084648,501.3706008464785,1,4389.157,0.013986153030380392
2026-08-10 23:00:00+00:00,10501.37060084648,501.3706008464785,1,4399.782,0.01711239511995203
2026-08-11 00:00:00+00:00,10594.930199876982,594.9301998769805,-1,4402.264,1.7817881825929573
2026-08-11 01:00:00+00:00,10582.522185464775,582.5221854647731,1,4409.467,-0.23429093394814487
2026-08-11 02:00:00+00:00,10582.522185464775,582.5221854647731,1,4429.826,0.006100415277051668
2026-08-11 03:00:00+00:00,10584.097432882658,584.0974328826566,-1,4410.75,0.02971105395675713
2026-08-11 04:00:00+00:00,10584.097432882658,584.0974328826566,-1,4416.935,-0.0016959423894698387
2026-08-11 05:00:00+00:00,10584.097432882658,584.0974328826566,-1,4409.008,0.00040116815849043316
2026-08-11 06:00:00+00:00,10584.097432882658,584.0974328826566,-1,4375.245,0.009333266484562999
2026-08-11 07:00:00+00:00,10584.097432882658,584.0974328826566,-1,4366.26,0.011710273961971976
2026-08-11 08:00:00+00:00,10584.097432882658,584.0974328826566,-1,4357.847,0.013935957201531634
2026-08-11 09:00:00+00:00,10584.097432882658,584.0974328826566,-1,4368.873,0.01101899732997772
2026-08-11 10:00:00+00:00,10584.097432882658,584.0974328826566,-1,4372.413,0.010082480193636261
2026-08-11 11:00:00+00:00,10584.097432882658,584.0974328826566,-1,4382.413,0.007436951559903302
2026-08-11 12:00:00+00:00,10584.097432882658,584.0974328826566,-1,4387.807,0.006009953414867684
2026-08-11 13:00:00+00:00,10609.551317243508,609.551317243506,1,4392.269,0.48092130487206225
2026-08-11 14:00:00+00:00,10609.551317243508,609.551317243506,1,4389.436,-0.0008603315225378184
2026-08-11 15:00:00+00:00,10609.551317243508,609.551317243506,1,4393.863,0.0003867846860693554
2026-08-11 16:00:00+00:00,10609.551317243508,609.551317243506,1,4383.644,-0.0024919775763555547
2026-08-11 17:00:00+00:00,10609.551317243508,609.551317243506,1,4383.523,-0.00252606410475889
2026-08-11 18:00:00+00:00,10609.551317243508,609.551317243506,1,4369.197,-0.006561796384972132
2026-08-11 19:00:00+00:00,10609.551317243508,609.551317243506,1,4371.522,-0.005906827967305301
2026-08-11 20:00:00+00:00,10609.551317243508,609.551317243506,1,4370.717,-0.006133601978583594
2026-08-11 21:00:00+00:00,10609.551317243508,609.551317243506,1,4368.03,-0.006890548274614066
2026-08-11 23:00:00+00:00,10609.551317243508,609.551317243506,1,4369.068,-0.00659813656814588
2026-08-12 00:00:00+00:00,10609.551317243508,609.551317243506,1,4371.373,-0.005948802287405339
2026-08-12 01:00:00+00:00,10609.551317243508,609.551317243506,1,4380.327,-0.0034263991855603107
2026-08-12 02:00:00+00:00,10609.551317243508,609.551317243506,1,4396.171,0.001036964087348995
2026-08-12 03:00:00+00:00,10609.551317243508,609.551317243506,1,4411.408,0.005329331304549148
2026-08-12 04:00:00+00:00,10609.551317243508,609.551317243506,1,4402.143,0.002719317373502314
2026-08-12 05:00:00+00:00,10621.969711615377,621.9697116153758,-1,4400.879,0.2340305192795378
2026-08-12 06:00:00+00:00,10621.969711615377,621.9697116153758,-1,4391.368,0.002967407300957018
2026-08-12 07:00:00+00:00,10621.969711615377,621.9697116153758,-1,4403.199,-0.0008082593775624372
2026-08-12 08:00:00+00:00,10621.969711615377,621.9697116153758,-1,4406.246,-0.001780658698790681
2026-08-12 09:00:00+00:00,10621.969711615377,621.9697116153758,-1,4401.506,-0.00026796661391344554
2026-08-12 10:00:00+00:00,10596.422297079234,596.4222970792342,1,4415.652,-0.4810961279535719
2026-08-12 11:00:00+00:00,10596.422297079234,596.4222970792342,1,4412.624,-0.0010036467128639861
2026-08-12 12:00:00+00:00,10543.194202208992,543.194202208991,0,4412.682,-1.0046427629618804
2026-08-12 13:00:00+00:00,10490.192549546158,490.19254954615724,0,4437.327,-1.0054192618728104
2026-08-12 14:00:00+00:00,10490.192549546158,490.19254954615724,1,4427.605,-7.129406358684189e-05
2026-08-12 15:00:00+00:00,10490.192549546158,490.19254954615724,1,4421.889,-0.0020259398466739792
2026-08-12 16:00:00+00:00,10437.47254449659,437.47254449658914,0,4420.789,-1.0051294063586915
2026-08-12 17:00:00+00:00,10437.47254449659,437.47254449658914,1,4401.514,-9.324995974562607e-05
2026-08-12 18:00:00+00:00,10437.47254449659,437.47254449658914,1,4399.554,-0.0010503827670908126
2026-08-12 19:00:00+00:00,10437.47254449659,437.47254449658914,1,4413.1,0.005564576931020371
2026-08-12 20:00:00+00:00,10437.47254449659,437.47254449658914,1,4413.927,0.0059684283757519005
2026-08-12 21:00:00+00:00,10437.47254449659,437.47254449658914,1,4408.726,0.003428608104832389
2026-08-12 23:00:00+00:00,10437.47254449659,437.47254449658914,1,4402.116,0.00020072654536746538
2026-08-13 00:00:00+00:00,10437.47254449659,437.47254449658914,1,4414.262,0.0061320199525175464
2026-08-13 01:00:00+00:00,10437.47254449659,437.47254449658914,1,4427.389,0.012542368096405517
2026-08-13 02:00:00+00:00,10454.44033418449,454.440334184489,-1,4408.472,0.32507431709638884
2026-08-13 03:00:00+00:00,10454.44033418449,454.440334184489,-1,4406.853,0.0003505558572734544
2026-08-13 04:00:00+00:00,10454.44033418449,454.440334184489,-1,4400.305,0.0020022915641668593
2026-08-13 05:00:00+00:00,10454.44033418449,454.440334184489,-1,4397.596,0.0026856379340470687
2026-08-13 06:00:00+00:00,10454.44033418449,454.440334184489,-1,4382.757,0.006428781818376937
2026-08-13 07:00:00+00:00,10454.44033418449,454.440334184489,-1,4380.711,0.006944886164177638
2026-08-13 08:00:00+00:00,10454.44033418449,454.440334184489,-1,4370.014,0.009643208836236213
2026-08-13 09:00:00+00:00,10454.44033418449,454.440334184489,-1,4375.728,0.008201849974112031
2026-08-13 10:00:00+00:00,10454.44033418449,454.440334184489,-1,4384.359,0.006024676656122111
2026-08-13 11:00:00+00:00,10454.44033418449,454.440334184489,-1,4392.168,0.004054853177941008
2026-08-13 12:00:00+00:00,10454.44033418449,454.440334184489,-1,4387.549,0.005219997837400444
2026-08-13 13:00:00+00:00,10462.909499326266,462.9094993262645,1,4401.749,0.1619574137906455
2026-08-13 14:00:00+00:00,10410.369859431685,410.3698594316837,0,4372.904,-1.0043026731324494
2026-08-13 15:00:00+00:00,10357.912772307707,357.9127723077054,0,4383.797,-1.007785272421459
2026-08-13 16:00:00+00:00,10357.912772307707,357.9127723077054,0,4365.224,0.0
2026-08-13 17:00:00+00:00,10357.912772307707,357.9127723077054,1,4367.119,-9.610984266479322e-05
2026-08-13 18:00:00+00:00,10357.912772307707,357.9127723077054,1,4356.009,-0.005733312189383983
2026-08-13 19:00:00+00:00,10305.729038890451,305.7290388904495,0,4357.033,-1.0076109842664691
2026-08-13 20:00:00+00:00,10305.729038890451,305.7290388904495,1,4349.864,-0.00010080480365807762
2026-08-13 21:00:00+00:00,10305.729038890451,305.7290388904495,1,4350.598,0.0002946000355766116
2026-08-13 23:00:00+00:00,10305.729038890451,305.7290388904495,1,4354.653,0.002479023227805431
2026-08-14 00:00:00+00:00,10253.784017490229,253.78401749022595,0,4356.612,-1.0080804803658074
2026-08-14 01:00:00+00:00,10253.784017490229,253.78401749022595,0,4340.856,0.0
2026-08-14 02:00:00+00:00,10253.784017490229,253.78401749022595,0,4318.185,0.0
2026-08-14 03:00:00+00:00,10253.784017490229,253.78401749022595,0,4315.712,0.0
2026-08-14 04:00:00+00:00,10253.784017490229,253.78401749022595,0,4323.32,0.0
2026-08-14 05:00:00+00:00,10253.784017490229,253.78401749022595,0,4326.727,0.0
2026-08-14 06:00:00+00:00,10253.784017490229,253.78401749022595,0,4333.427,0.0
2026-08-14 07:00:00+00:00,10253.784017490229,253.78401749022595,0,4335.4,0.0
2026-08-14 08:00:00+00:00,10253.784017490229,253.78401749022595,1,4343.451,-7.89288608543629e-05
2026-08-14 09:00:00+00:00,10253.784017490229,253.78401749022595,1,4348.514,0.0019101166225214304
2026-08-14 10:00:00+00:00,10253.784017490229,253.78401749022595,1,4356.95,0.005224275756978717
2026-08-14 11:00:00+00:00,10253.784017490229,253.78401749022595,1,4349.405,0.002260154055997046
2026-08-14 12:00:00+00:00,10253.784017490229,253.78401749022595,1,4368.99,0.009954298988233704
2026-08-14 13:00:00+00:00,10253.784017490229,253.78401749022595,1,4373.757,0.01182705818618983
2026-08-14 14:00:00+00:00,10253.784017490229,253.78401749022595,1,4384.639,0.01610215061164825
2026-08-14 15:00:00+00:00,10253.784017490229,253.78401749022595,1,4381.552,0.014889394655262343
2026-08-14 16:00:00+00:00,10253.784017490229,253.78401749022595,1,4391.412,0.01876298510876542
2026-08-14 17:00:00+00:00,10253.784017490229,253.78401749022595,1,4385.79,0.016554331403938426
2026-08-14 18:00:00+00:00,10253.784017490229,253.78401749022595,1,4378.535,0.01370413883394212
2026-08-14 19:00:00+00:00,10253.784017490229,253.78401749022595,1,4373.501,0.01172648626366504
2026-08-14 20:00:00+00:00,10253.784017490229,253.78401749022595,1,4376.15,0.012767169946355388
2026-08-14 21:00:00+00:00,10253.784017490229,253.78401749022595,1,4375.776,0.01262024065329157
2026-08-16 23:00:00+00:00,10253.784017490229,253.78401749022595,1,4386.051,0.016656867621825434
2026-08-17 00:00:00+00:00,10255.584841728354,255.584841728352,0,4370.359,0.035125066708132625
2026-08-17 01:00:00+00:00,10255.584841728354,255.584841728352,1,4400.666,-8.051032274375915e-05
2026-08-17 02:00:00+00:00,10255.584841728354,255.584841728352,1,4395.747,-0.002064845506592195
2026-08-17 03:00:00+00:00,10255.584841728354,255.584841728352,1,4392.957,-0.00319033750962883
2026-08-17 04:00:00+00:00,10255.584841728354,255.584841728352,1,4396.851,-0.001619489531197305
2026-08-17 05:00:00+00:00,10255.584841728354,255.584841728352,1,4390.529,-0.004169797933776807
2026-08-17 06:00:00+00:00,10255.584841728354,255.584841728352,1,4394.86,-0.002422663215084744
2026-08-17 07:00:00+00:00,10255.584841728354,255.584841728352,1,4402.871,0.0008089914215916286
2026-08-17 08:00:00+00:00,10255.584841728354,255.584841728352,1,4405.067,0.001694862546562376
2026-08-17 09:00:00+00:00,10255.584841728354,255.584841728352,1,4395.12,-0.002317778655661886
2026-08-17 10:00:00+00:00,10255.584841728354,255.584841728352,1,4395.422,-0.002195951205870951
2026-08-17 11:00:00+00:00,10255.584841728354,255.584841728352,1,4399.08,-0.0007203061352227547
2026-08-17 12:00:00+00:00,10255.584841728354,255.584841728352,1,4396.906,-0.0015973024128577557
2026-08-17 13:00:00+00:00,10255.584841728354,255.584841728352,1,4384.799,-0.006481292262594205
2026-08-17 14:00:00+00:00,10255.584841728354,255.584841728352,1,4408.816,0.003207217213008316
2026-08-17 15:00:00+00:00,10255.584841728354,255.584841728352,1,4417.338,0.006645010349165399
2026-08-17 16:00:00+00:00,10255.584841728354,255.584841728352,1,4427.36,0.01068790671276154
2026-08-17 17:00:00+00:00,10255.584841728354,255.584841728352,1,4424.051,0.009353048993031262
2026-08-17 18:00:00+00:00,10255.584841728354,255.584841728352,1,4413.786,0.005212125906589835
2026-08-17 19:00:00+00:00,10255.584841728354,255.584841728352,1,4406.738,0.0023689475419295994
2026-08-17 20:00:00+00:00,10255.584841728354,255.584841728352,1,4419.916,0.007684981096057501
2026-08-17 21:00:00+00:00,10255.584841728354,255.584841728352,1,4416.432,0.0062795279997922265
2026-08-17 23:00:00+00:00,10255.584841728354,255.584841728352,1,4411.879,0.004442838003438916
2026-08-18 00:00:00+00:00,10255.584841728354,255.584841728352,1,4425.733,0.010031571412066178
2026-08-18 01:00:00+00:00,10255.584841728354,255.584841728352,1,4434.549,0.013587964780801261
2026-08-18 02:00:00+00:00,10270.395749197342,270.39574919733866,-1,4408.126,0.2887703047453742
2026-08-18 03:00:00+00:00,10270.395749197342,270.39574919733866,-1,4399.797,0.0024683690860130207
2026-08-18 04:00:00+00:00,10270.395749197342,270.39574919733866,-1,4391.959,0.004852992743693303
2026-08-18 05:00:00+00:00,10270.395749197342,270.39574919733866,-1,4393.446,0.004400589658853944
2026-08-18 06:00:00+00:00,10270.395749197342,270.39574919733866,-1,4394.494,0.004081747404037859
2026-08-18 07:00:00+00:00,10270.395749197342,270.39574919733866,-1,4398.723,0.0027951215494409092
2026-08-18 08:00:00+00:00,10270.395749197342,270.39574919733866,-1,4395.737,0.0037035785846327015
2026-08-18 09:00:00+00:00,10270.395749197342,270.39574919733866,-1,4393.174,0.004483342610485598
2026-08-18 10:00:00+00:00,10270.395749197342,270.39574919733866,-1,4393.115,0.004501292699258705
2026-08-18 11:00:00+00:00,10270.395749197342,270.39574919733866,-1,4397.801,0.003075629716368731
2026-08-18 12:00:00+00:00,10289.199909771449,289.1999097714465,1,4395.79,0.36610585831847975
2026-08-18 13:00:00+00:00,10289.199909771449,289.1999097714465,1,4394.078,-0.0007145589163661423
2026-08-18 14:00:00+00:00,10237.46605621321,237.4660562132074,0,4394.499,-1.0055952651694107
2026-08-18 15:00:00+00:00,10237.46605621321,237.4660562132074,-1,4366.694,-0.00011038395240278632
2026-08-18 16:00:00+00:00,10242.033966936142,242.03396693613877,1,4364.913,0.08913229359070433
2026-08-18 17:00:00+00:00,10242.033966936142,242.03396693613877,1,4363.975,-0.0006495560789532866
2026-08-18 18:00:00+00:00,10242.033966936142,242.03396693613877,1,4357.792,-0.0042272630974940556
2026-08-18 19:00:00+00:00,10190.379316305638,190.37931630563514,0,4354.314,-1.008679541529703
2026-08-18 20:00:00+00:00,10138.952913289293,138.95291328929022,0,4345.368,-1.0093128316442053
2026-08-18 21:00:00+00:00,10138.952913289293,138.95291328929022,1,4334.586,-0.00011247373194508307
2026-08-18 23:00:00+00:00,10138.952913289293,138.95291328929022,1,4333.844,-0.0005699104593013201
2026-08-19 00:00:00+00:00,10138.952913289293,138.95291328929022,1,4332.857,-0.0011783876155014917
2026-08-19 01:00:00+00:00,10138.952913289293,138.95291328929022,1,4338.111,0.0020606589687694153
2026-08-19 02:00:00+00:00,10138.952913289293,138.95291328929022,1,4356.221,0.013225320872299322
2026-08-19 03:00:00+00:00,10138.952913289293,138.95291328929022,1,4355.061,0.012510190678589033
2026-08-19 04:00:00+00:00,10138.952913289293,138.95291328929022,1,4355.022,0.012486147508283404
2026-08-19 05:00:00+00:00,10181.053686523215,181.05368652321272,-1,4348.357,0.8304075732607636
2026-08-19 06:00:00+00:00,10181.053686523215,181.05368652321272,-1,4335.711,0.003994445195349856
2026-08-19 07:00:00+00:00,10181.053686523215,181.05368652321272,-1,4348.829,-0.00021982273619599379
2026-08-19 08:00:00+00:00,10169.815392257646,169.8153922576434,1,4354.929,-0.22083715116345723
2026-08-19 09:00:00+00:00,10169.815392257646,169.8153922576434,1,4355.755,0.00019796985776231006
2026-08-19 10:00:00+00:00,10169.815392257646,169.8153922576434,1,4361.805,0.0021487355966103325
2026-08-19 11:00:00+00:00,10169.815392257646,169.8153922576434,1,4367.427,0.0039614967509577804
2026-08-19 12:00:00+00:00,10245.843070582583,245.84307058258076,0,4364.797,1.4951633907301363
2026-08-19 13:00:00+00:00,10245.843070582583,245.84307058258076,1,4438.62,-7.27188526364859e-05
2026-08-19 14:00:00+00:00,10322.416819066464,322.4168190664625,0,4459.453,1.4947281147363303
2026-08-19 15:00:00+00:00,10322.416819066464,322.4168190664625,1,4487.988,-6.488139860804505e-05
2026-08-19 16:00:00+00:00,10322.416819066464,322.4168190664625,1,4493.656,0.0016310370501319638
2026-08-19 17:00:00+00:00,10322.416819066464,322.4168190664625,1,4493.07,0.0014557003862360372
2026-08-19 18:00:00+00:00,10322.416819066464,322.4168190664625,1,4486.941,-0.00037815356089310296
2026-08-19 19:00:00+00:00,10322.416819066464,322.4168190664625,1,4495.222,0.0020995988516010317
2026-08-19 20:00:00+00:00,10322.416819066464,322.4168190664625,1,4510.963,0.006809452821540698
2026-08-19 21:00:00+00:00,10322.416819066464,322.4168190664625,1,4523.176,0.010463696296216784
2026-08-19 23:00:00+00:00,10322.416819066464,322.4168190664625,1,4519.005,0.009215694205585968
2026-08-20 00:00:00+00:00,10358.789285464203,358.78928546420093,-1,4511.841,0.7046688556035051
2026-08-20 01:00:00+00:00,10358.789285464203,358.78928546420093,-1,4504.449,0.001856418700372936
2026-08-20 02:00:00+00:00,10358.789285464203,358.78928546420093,-1,4489.593,0.005705642148693244
2026-08-20 03:00:00+00:00,10358.789285464203,358.78928546420093,-1,4490.791,0.005395237619136901
2026-08-20 04:00:00+00:00,10358.789285464203,358.78928546420093,-1,4498.98,0.0032734490610934726
2026-08-20 05:00:00+00:00,10358.789285464203,358.78928546420093,-1,4488.371,0.006022265132931703
2026-08-20 06:00:00+00:00,10358.789285464203,358.78928546420093,-1,4481.06,0.00791656189051578
2026-08-20 07:00:00+00:00,10358.789285464203,358.78928546420093,-1,4493.885,0.004593575169681905
2026-08-20 08:00:00+00:00,10358.789285464203,358.78928546420093,-1,4490.746,0.005406897221666162
2026-08-20 09:00:00+00:00,10358.789285464203,358.78928546420093,-1,4489.193,0.005809283060064187
2026-08-20 10:00:00+00:00,10358.789285464203,358.78928546420093,-1,4482.46,0.007553818700717239
2026-08-20 11:00:00+00:00,10358.789285464203,358.78928546420093,-1,4490.238,0.005538521179107332
2026-08-20 12:00:00+00:00,10436.278906162264,436.27890616226176,0,4467.081,1.4961134658236002
2026-08-20 13:00:00+00:00,10436.278906162264,436.27890616226176,1,4474.849,-0.00010382250553982572
2026-08-20 14:00:00+00:00,10436.278906162264,436.27890616226176,1,4481.556,0.0036441611255063505
2026-08-20 15:00:00+00:00,10592.385692231484,592.3856922314815,0,4515.675,2.99161774944601
2026-08-20 16:00:00+00:00,10592.385692231484,592.3856922314815,1,4521.719,-6.950637769729446e-05
2026-08-20 17:00:00+00:00,10592.385692231484,592.3856922314815,1,4510.118,-0.003898329628815221
2026-08-20 18:00:00+00:00,10592.385692231484,592.3856922314815,1,4519.745,-0.0007210103081953225
2026-08-20 19:00:00+00:00,10592.385692231484,592.3856922314815,1,4522.089,5.260935395629202e-05
2026-08-20 20:00:00+00:00,10592.385692231484,592.3856922314815,1,4528.86,0.0022873272432174948
2026-08-20 21:00:00+00:00,10592.385692231484,592.3856922314815,1,4518.74,-0.001052703038768036
2026-08-20 23:00:00+00:00,10592.385692231484,592.3856922314815,1,4524.139,0.0007291965158210172
2026-08-21 00:00:00+00:00,10592.385692231484,592.3856922314815,1,4526.459,0.0014948951575409325
2026-08-21 01:00:00+00:00,10592.385692231484,592.3856922314815,1,4510.513,-0.003767962834212186
2026-08-21 02:00:00+00:00,10592.385692231484,592.3856922314815,1,4530.825,0.0029358607910536733
2026-08-21 03:00:00+00:00,10592.385692231484,592.3856922314815,1,4533.914,0.003955362129102411
2026-08-21 04:00:00+00:00,10592.385692231484,592.3856922314815,1,4535.228,0.0043890379977318626
2026-08-21 05:00:00+00:00,10592.385692231484,592.3856922314815,1,4540.76,0.00621483320721256
2026-08-21 06:00:00+00:00,10647.153051382891,647.1530513828877,-1,4553.351,1.0340296320840934
2026-08-21 07:00:00+00:00,10635.843597885092,635.8435978850893,0,4561.101,-0.21244089275733907
2026-08-21 08:00:00+00:00,10635.843597885092,635.8435978850893,1,4564.151,-7.397237430322672e-05
2026-08-21 09:00:00+00:00,10635.843597885092,635.8435978850893,1,4583.945,0.0070482221387677966
2026-08-21 10:00:00+00:00,10635.843597885092,635.8435978850893,1,4582.41,0.006495904841730157
2026-08-21 11:00:00+00:00,10635.843597885092,635.8435978850893,1,4588.593,0.008720646110514556
2026-08-21 12:00:00+00:00,10635.843597885092,635.8435978850893,1,4597.174,0.011808225736495348
2026-08-21 13:00:00+00:00,10661.487955512439,661.4879555124361,-1,4577.853,0.4821683009321633
2026-08-21 14:00:00+00:00,10656.78888978798,656.7888897879775,1,4581.139,-0.08821948664961252
2026-08-21 15:00:00+00:00,10656.78888978798,656.7888897879775,1,4591.706,0.003397261264614116
2026-08-21 16:00:00+00:00,10656.78888978798,656.7888897879775,1,4614.386,0.01083735778774423
2026-08-21 17:00:00+00:00,10656.78888978798,656.7888897879775,1,4628.649,0.015516286214084744
2026-08-21 18:00:00+00:00,10656.78888978798,656.7888897879775,1,4620.335,0.012788906915438129
2026-08-21 19:00:00+00:00,10656.78888978798,656.7888897879775,1,4624.174,0.014048277751077268
2026-08-21 20:00:00+00:00,10656.78888978798,656.7888897879775,1,4617.099,0.011727348169898101
2026-08-21 21:00:00+00:00,10656.78888978798,656.7888897879775,1,4604.044,0.007444700016923473
2026-08-23 23:00:00+00:00,10656.78888978798,656.7888897879775,1,4606.186,0.008147375799663474
2026-08-24 00:00:00+00:00,10656.78888978798,656.7888897879775,1,4623.935,0.013969874617522379
2026-08-24 01:00:00+00:00,10726.971295804266,726.9712958042629,-1,4621.59,1.3170838879603832
2026-08-24 02:00:00+00:00,10712.905483212318,712.9054832123159,1,4632.232,-0.2623062426918608
2026-08-24 03:00:00+00:00,10712.905483212318,712.9054832123159,1,4643.56,0.0025814909948285746
2026-08-24 04:00:00+00:00,10712.905483212318,712.9054832123159,1,4641.732,0.002156054822119019
2026-08-24 05:00:00+00:00,10712.905483212318,712.9054832123159,1,4638.803,0.0014743794666124362
2026-08-24 06:00:00+00:00,10712.905483212318,712.9054832123159,1,4640.643,0.0019026084369545917
2026-08-24 07:00:00+00:00,10712.905483212318,712.9054832123159,1,4649.799,0.004033513030678747
2026-08-24 08:00:00+00:00,10723.9966973379,723.9966973378979,-1,4641.429,0.20700680447508854
2026-08-24 09:00:00+00:00,10723.9966973379,723.9966973378979,-1,4638.124,0.00073439569917926
2026-08-24 10:00:00+00:00,10723.9966973379,723.9966973378979,-1,4645.768,-0.0010933699821282655
2026-08-24 11:00:00+00:00,10721.299130266654,721.2991302666532,1,4643.233,-0.05036777772762477
2026-08-24 12:00:00+00:00,10721.299130266654,721.2991302666532,1,4657.922,0.003739821448126273
2026-08-24 13:00:00+00:00,10721.299130266654,721.2991302666532,1,4662.916,0.0050312822302945905
2026-08-24 14:00:00+00:00,10721.299130266654,721.2991302666532,1,4664.445,0.005426685421310715
2026-08-24 15:00:00+00:00,10721.299130266654,721.2991302666532,1,4670.506,0.006994075049008356
2026-08-24 16:00:00+00:00,10721.299130266654,721.2991302666532,1,4649.032,0.001440845406181096
2026-08-24 17:00:00+00:00,10721.299130266654,721.2991302666532,1,4644.933,0.00038083384308387806
2026-08-24 18:00:00+00:00,10721.299130266654,721.2991302666532,1,4636.641,-0.0017634979161750097
2026-08-24 19:00:00+00:00,10721.299130266654,721.2991302666532,1,4636.353,-0.001837975430244665
2026-08-24 20:00:00+00:00,10721.299130266654,721.2991302666532,1,4651.786,0.002153036634473246
2026-08-24 21:00:00+00:00,10721.299130266654,721.2991302666532,1,4652.485,0.002333799767579984
2026-08-24 23:00:00+00:00,10721.299130266654,721.2991302666532,1,4667.507,0.006218526213260812
2026-08-25 00:00:00+00:00,10721.299130266654,721.2991302666532,1,4679.762,0.009387699598417195
2026-08-25 01:00:00+00:00,10721.299130266654,721.2991302666532,1,4684.311,0.010564082277248383
2026-08-25 02:00:00+00:00,10741.56095882723,741.5609588272283,-1,4658.149,0.37791786555632745
2026-08-25 03:00:00+00:00,10741.56095882723,741.5609588272283,-1,4629.399,0.006752164975610173
2026-08-25 04:00:00+00:00,10741.56095882723,741.5609588272283,-1,4633.837,0.005701295459464779
2026-08-25 05:00:00+00:00,10741.56095882723,741.5609588272283,-1,4626.028,0.007550380644588573
2026-08-25 06:00:00+00:00,10741.56095882723,741.5609588272283,-1,4642.983,0.003535623401180583
2026-08-25 07:00:00+00:00,10741.56095882723,741.5609588272283,-1,4638.495,0.004598332366584079
2026-08-25 08:00:00+00:00,10741.56095882723,741.5609588272283,-1,4630.19,0.006564864888347846
2026-08-25 09:00:00+00:00,10741.56095882723,741.5609588272283,-1,4630.415,0.006511587366686492
2026-08-25 10:00:00+00:00,10741.56095882723,741.5609588272283,-1,4636.491,0.005072857492847085
2026-08-25 11:00:00+00:00,10741.56095882723,741.5609588272283,-1,4639.02,0.004474018149374324
2026-08-25 12:00:00+00:00,10761.061845430077,761.0618454300751,1,4642.515,0.36303432681128517
2026-08-25 13:00:00+00:00,10761.061845430077,761.0618454300751,1,4640.99,-0.0004432505565783115
2026-08-25 14:00:00+00:00,10761.061845430077,761.0618454300751,1,4616.371,-0.006664149334130663
2026-08-25 15:00:00+00:00,10761.061845430077,761.0618454300751,1,4635.485,-0.001834291938048997
2026-08-25 16:00:00+00:00,10761.061845430077,761.0618454300751,1,4652.515,0.002468965959579743
2026-08-25 17:00:00+00:00,10761.061845430077,761.0618454300751,1,4643.559,0.00020590208810810024
2026-08-25 18:00:00+00:00,10761.061845430077,761.0618454300751,1,4648.209,0.0013808961705491635
2026-08-25 19:00:00+00:00,10761.061845430077,761.0618454300751,1,4654.299,0.002919759388197939
2026-08-25 20:00:00+00:00,10761.061845430077,761.0618454300751,1,4666.728,0.006060404861458416
2026-08-25 21:00:00+00:00,10761.061845430077,761.0618454300751,1,4658.671,0.00402450651259215
2026-08-25 23:00:00+00:00,10761.061845430077,761.0618454300751,1,4672.4,0.0074936449551370665
2026-08-26 00:00:00+00:00,10777.432664721853,777.4326647218516,-1,4654.856,0.3042009494513248
2026-08-26 01:00:00+00:00,10777.432664721853,777.4326647218516,-1,4637.383,0.004523958721272139
2026-08-26 02:00:00+00:00,10777.432664721853,777.4326647218516,-1,4657.157,-0.0006629165171066159
2026-08-26 03:00:00+00:00,10772.126376170554,772.126376170553,1,4658.31,-0.098527961073547
2026-08-26 04:00:00+00:00,10750.390965894054,750.3909658940537,-1,4642.51,-0.40360719557759206
2026-08-26 05:00:00+00:00,10750.390965894054,750.3909658940537,-1,4640.746,0.0003897574748354627
2026-08-26 06:00:00+00:00,10750.390965894054,750.3909658940537,-1,4639.52,0.0007010106744314883
2026-08-26 07:00:00+00:00,10750.390965894054,750.3909658940537,-1,4634.081,0.002081847666767011
2026-08-26 08:00:00+00:00,10750.390965894054,750.3909658940537,-1,4628.744,0.003436789205302566
2026-08-26 09:00:00+00:00,10750.390965894054,750.3909658940537,-1,4628.129,0.0035929235590966453
2026-08-26 10:00:00+00:00,10750.390965894054,750.3909658940537,-1,4623.359,0.004803916839743716
2026-08-26 11:00:00+00:00,10750.390965894054,750.3909658940537,-1,4620.274,0.0055871273786947916
2026-08-26 12:00:00+00:00,10750.390965894054,750.3909658940537,-1,4624.754,0.004449758427479091
2026-08-26 13:00:00+00:00,10750.390965894054,750.3909658940537,-1,4614.327,0.007096933886034202
2026-08-26 14:00:00+00:00,10765.09358101855,765.0935810185499,1,4631.436,0.27346507608542314
2026-08-26 15:00:00+00:00,10711.042037525009,711.04203752501,0,4603.065,-1.0042001602075508
2026-08-26 16:00:00+00:00,10711.042037525009,711.04203752501,1,4596.151,-9.759116830549281e-05
2026-08-26 17:00:00+00:00,10711.042037525009,711.04203752501,1,4591.716,-0.002391703377876531
2026-08-26 18:00:00+00:00,10711.042037525009,711.04203752501,1,4597.682,0.0006943560228677982
2026-08-26 19:00:00+00:00,10711.042037525009,711.04203752501,1,4593.871,-0.0012769769265517123
2026-08-26 20:00:00+00:00,10711.042037525009,711.04203752501,1,4594.145,-0.001135243725779825
2026-08-26 21:00:00+00:00,10711.042037525009,711.04203752501,1,4594.157,-0.001129036432315517
2026-08-26 23:00:00+00:00,10711.042037525009,711.04203752501,1,4609.139,0.006620769458055886
2026-08-27 00:00:00+00:00,10711.042037525009,711.04203752501,1,4623.564,0.014082453476785639
2026-08-27 01:00:00+00:00,10680.710548185834,680.7105481858347,0,4604.957,-0.5663592623931675
2026-08-27 02:00:00+00:00,10680.710548185834,680.7105481858347,1,4639.881,-7.106589124146264e-05
2026-08-27 03:00:00+00:00,10680.710548185834,680.7105481858347,1,4629.491,-0.0036082299579087993
2026-08-27 04:00:00+00:00,10680.710548185834,680.7105481858347,1,4625.611,-0.004929134344691207
2026-08-27 05:00:00+00:00,10641.576662953614,641.5766629536148,0,4618.656,-0.7327955393167662
2026-08-27 06:00:00+00:00,10641.576662953614,641.5766629536148,0,4606.964,0.0
2026-08-27 07:00:00+00:00,10641.576662953614,641.5766629536148,0,4600.078,0.0
2026-08-27 08:00:00+00:00,10641.576662953614,641.5766629536148,0,4600.297,0.0
2026-08-27 09:00:00+00:00,10641.576662953614,641.5766629536148,0,4598.79,0.0
2026-08-27 10:00:00+00:00,10641.576662953614,641.5766629536148,0,4580.405,0.0
2026-08-27 11:00:00+00:00,10641.576662953614,641.5766629536148,0,4590.133,0.0
2026-08-27 12:00:00+00:00,10641.576662953614,641.5766629536148,1,4598.125,-7.591455340175594e-05
2026-08-27 13:00:00+00:00,10588.071270135546,588.0712701355463,0,4585.896,-1.005591455340174
2026-08-27 14:00:00+00:00,10640.590173505458,640.5901735054574,0,4572.38,0.9920390981508629
2026-08-27 15:00:00+00:00,10640.590173505458,640.5901735054574,1,4591.354,-9.633584388640668e-05
2026-08-27 16:00:00+00:00,10640.590173505458,640.5901735054574,1,4610.262,0.009526051730831167
2026-08-27 17:00:00+00:00,10640.590173505458,640.5901735054574,1,4614.788,0.011829358593702518
2026-08-27 18:00:00+00:00,10640.590173505458,640.5901735054574,1,4606.557,0.007640556386832385
2026-08-27 19:00:00+00:00,10640.590173505458,640.5901735054574,1,4610.232,0.00951078456205398
2026-08-27 20:00:00+00:00,10640.590173505458,640.5901735054574,1,4609.352,0.009062947611252585
2026-08-27 21:00:00+00:00,10640.590173505458,640.5901735054574,1,4600.785,0.004703153114076365
2026-08-27 23:00:00+00:00,10640.590173505458,640.5901735054574,1,4610.789,0.009794244995686083
2026-08-28 00:00:00+00:00,10640.590173505458,640.5901735054574,1,4594.556,0.0015331799702790255
2026-08-28 01:00:00+00:00,10640.590173505458,640.5901735054574,1,4588.608,-0.001493790692636996
2026-08-28 02:00:00+00:00,10640.590173505458,640.5901735054574,1,4576.033,-0.007893278938462851
2026-08-28 03:00:00+00:00,10640.590173505458,640.5901735054574,1,4586.165,-0.002737047136736729
2026-08-28 04:00:00+00:00,10640.590173505458,640.5901735054574,1,4580.059,-0.005844424888546809
2026-08-28 05:00:00+00:00,10586.981093422757,586.9810934227573,0,4584.188,-1.0076335843886643
2026-08-28 06:00:00+00:00,10586.981093422757,586.9810934227573,0,4573.523,0.0
2026-08-28 07:00:00+00:00,10586.981093422757,586.9810934227573,1,4612.476,-7.552600702147567e-05
2026-08-28 08:00:00+00:00,10586.981093422757,586.9810934227573,1,4611.601,-0.00039942771464753597
2026-08-28 09:00:00+00:00,10586.981093422757,586.9810934227573,1,4603.006,-0.0035810679169855654
2026-08-28 10:00:00+00:00,10586.981093422757,586.9810934227573,1,4605.163,-0.002782603936015089
2026-08-28 11:00:00+00:00,10586.981093422757,586.9810934227573,1,4599.905,-0.004728975568812533
2026-08-28 12:00:00+00:00,10586.981093422757,586.9810934227573,1,4593.461,-0.0071143728304607304
2026-08-28 13:00:00+00:00,10586.981093422757,586.9810934227573,1,4601.45,-0.00415705769648992
2026-08-28 14:00:00+00:00,10533.752261562378,533.7522615623792,0,4604.877,-1.0055526007021496
2026-08-28 15:00:00+00:00,10586.19645046645,586.1964504664509,0,4576.651,0.9957361365985495
2026-08-28 16:00:00+00:00,10586.19645046645,586.1964504664509,0,4524.629,0.0
2026-08-28 17:00:00+00:00,10586.19645046645,586.1964504664509,0,4479.497,0.0
2026-08-28 18:00:00+00:00,10586.19645046645,586.1964504664509,0,4469.232,0.0
2026-08-28 19:00:00+00:00,10586.19645046645,586.1964504664509,0,4456.906,0.0
2026-08-28 20:00:00+00:00,10586.19645046645,586.1964504664509,0,4458.431,0.0
2026-08-28 21:00:00+00:00,10586.19645046645,586.1964504664509,0,4456.134,0.0
2026-08-30 23:00:00+00:00,10586.19645046645,586.1964504664509,0,4461.374,0.0
2026-08-31 00:00:00+00:00,10586.19645046645,586.1964504664509,0,4458.24,0.0
2026-08-31 01:00:00+00:00,10586.19645046645,586.1964504664509,0,4456.443,0.0
2026-08-31 02:00:00+00:00,10586.19645046645,586.1964504664509,0,4440.261,0.0
2026-08-31 03:00:00+00:00,10586.19645046645,586.1964504664509,0,4423.02,0.0
2026-08-31 04:00:00+00:00,10586.19645046645,586.1964504664509,0,4422.55,0.0
2026-08-31 05:00:00+00:00,10586.19645046645,586.1964504664509,0,4424.322,0.0
2026-08-31 06:00:00+00:00,10586.19645046645,586.1964504664509,0,4442.791,0.0
2026-08-31 07:00:00+00:00,10586.19645046645,586.1964504664509,0,4439.147,0.0
2026-08-31 08:00:00+00:00,10586.19645046645,586.1964504664509,1,4443.123,-8.255896029412027e-05
2026-08-31 09:00:00+00:00,10586.19645046645,586.1964504664509,1,4435.443,-0.0032855777273605885
2026-08-31 10:00:00+00:00,10586.19645046645,586.1964504664509,1,4445.16,0.0007669917205022027
2026-08-31 11:00:00+00:00,10586.19645046645,586.1964504664509,1,4453.761,0.004354122503775995
2026-08-31 12:00:00+00:00,10586.19645046645,586.1964504664509,1,4455.212,0.004959276179689263
2026-08-31 13:00:00+00:00,10532.934337492412,532.9343374924125,0,4435.816,-1.0062558960294263
2026-08-31 14:00:00+00:00,10532.934337492412,532.9343374924125,1,4418.64,-8.785049091609858e-05
2026-08-31 15:00:00+00:00,10532.934337492412,532.9343374924125,1,4431.568,0.005759957152853516
2026-08-31 16:00:00+00:00,10532.934337492412,532.9343374924125,1,4426.152,0.0033101020941702316
2026-08-31 17:00:00+00:00,10532.934337492412,532.9343374924125,1,4433.039,0.006425344300438799
2026-08-31 18:00:00+00:00,10532.934337492412,532.9343374924125,1,4436.651,0.008059184121702452
2026-08-31 19:00:00+00:00,10585.24167679708,585.2416767970815,0,4430.712,0.9932149509083853
2026-08-31 20:00:00+00:00,10585.24167679708,585.2416767970815,1,4453.586,-9.493277165526107e-05
2026-08-31 21:00:00+00:00,10585.24167679708,585.2416767970815,1,4448.558,-0.0026066792775458277
2026-08-31 23:00:00+00:00,10585.24167679708,585.2416767970815,1,4447.033,-0.0033684957893759812
2026-09-01 00:00:00+00:00,10585.24167679708,585.2416767970815,1,4452.137,-0.0008187833458471003
2026-09-01 01:00:00+00:00,10585.24167679708,585.2416767970815,1,4453.488,-0.00014388884913679522
2026-09-01 02:00:00+00:00,10531.918877664353,531.9188776643535,0,4444.242,-1.0074932771655374
2026-09-01 03:00:00+00:00,10531.918877664353,531.9188776643535,1,4442.996,-0.00010174027808288786
2026-09-01 04:00:00+00:00,10531.918877664353,531.9188776643535,1,4436.765,-0.003497231429654158
2026-09-01 05:00:00+00:00,10478.828842287128,478.82884228712925,0,4426.691,-1.0081740278082851
2026-09-01 06:00:00+00:00,10478.828842287128,478.82884228712925,1,4440.307,-0.00010386623989894156
2026-09-01 07:00:00+00:00,10425.99528808892,425.99528808892126,0,4429.81,-1.0083866239898844
2026-09-01 08:00:00+00:00,10373.429007543207,373.4290075432092,0,4420.208,-1.0083695434960753
2026-09-01 09:00:00+00:00,10373.429007543207,373.4290075432092,0,4370.774,0.0
2026-09-01 10:00:00+00:00,10321.169353474575,321.1693534745771,0,4364.819,-1.0075675850411727
2026-09-01 11:00:00+00:00,10321.169353474575,321.1693534745771,1,4378.226,-9.510488492484395e-05
2026-09-01 12:00:00+00:00,10269.17592158891,269.17592158891307,0,4374.506,-1.007510488492499
2026-09-01 13:00:00+00:00,10217.444714405585,217.44471440558692,0,4356.311,-1.0075045471676285
2026-09-01 14:00:00+00:00,10217.444714405585,217.44471440558692,1,4365.545,-8.969601840663325e-05
2026-09-01 15:00:00+00:00,10217.444714405585,217.44471440558692,1,4360.222,-0.0025629753916028386
2026-09-01 16:00:00+00:00,10217.444714405585,217.44471440558692,1,4373.031,0.003388599940215455
2026-09-01 17:00:00+00:00,10166.001433226116,166.00143322611748,0,4351.173,-1.006969601840638
2026-09-01 18:00:00+00:00,10166.001433226116,166.00143322611748,1,4342.808,-9.102619747711965e-05
2026-09-01 19:00:00+00:00,10166.001433226116,166.00143322611748,1,4331.516,-0.0054378783435678315
2026-09-01 20:00:00+00:00,10166.001433226116,166.00143322611748,1,4326.675,-0.007730130490151367
2026-09-01 21:00:00+00:00,10166.001433226116,166.00143322611748,1,4328.886,-0.00668320433933597
2026-09-01 23:00:00+00:00,10166.001433226116,166.00143322611748,1,4329.455,-0.0064137782969056764
2026-09-02 00:00:00+00:00,10114.81039984731,114.81039984731146,0,4324.635,-1.0071026197477204
2026-09-02 01:00:00+00:00,10114.81039984731,114.81039984731146,0,4315.835,0.0
2026-09-02 02:00:00+00:00,10114.81039984731,114.81039984731146,0,4291.103,0.0
2026-09-02 03:00:00+00:00,10114.81039984731,114.81039984731146,0,4302.706,0.0
2026-09-02 04:00:00+00:00,10114.81039984731,114.81039984731146,0,4303.151,0.0
2026-09-02 05:00:00+00:00,10114.81039984731,114.81039984731146,1,4307.186,-9.690541991556024e-05
2026-09-02 06:00:00+00:00,10114.81039984731,114.81039984731146,1,4319.894,0.006418521755346781
2026-09-02 07:00:00+00:00,10114.81039984731,114.81039984731146,1,4321.554,0.007269608402414305
2026-09-02 08:00:00+00:00,10114.81039984731,114.81039984731146,1,4323.058,0.008040713412769478
2026-09-02 09:00:00+00:00,10129.040486419088,129.04048641908884,-1,4312.974,0.28131162736805565
2026-09-02 10:00:00+00:00,10129.040486419088,129.04048641908884,-1,4308.682,0.0010753923188709879
2026-09-02 11:00:00+00:00,10129.040486419088,129.04048641908884,-1,4309.402,0.0008849812928962773
2026-09-02 12:00:00+00:00,10102.988560058666,102.98856005866676,1,4332.125,-0.5144607184270679
2026-09-02 13:00:00+00:00,10102.988560058666,102.98856005866676,1,4331.458,-0.00023809848459024918
2026-09-02 14:00:00+00:00,10178.558699489084,178.55869948908415,0,4385.281,1.4959957438569844
2026-09-02 15:00:00+00:00,10178.558699489084,178.55869948908415,1,4376.842,-6.676603895909374e-05
2026-09-02 16:00:00+00:00,10178.558699489084,178.55869948908415,1,4373.005,-0.0012630413155354677
2026-09-02 17:00:00+00:00,10178.558699489084,178.55869948908415,1,4368.447,-0.0026841053527092403
2026-09-02 18:00:00+00:00,10178.558699489084,178.55869948908415,1,4376.779,-8.640777532170895e-05
2026-09-02 19:00:00+00:00,10178.558699489084,178.55869948908415,1,4374.093,-0.0009238316462847669
2026-09-02 20:00:00+00:00,10178.558699489084,178.55869948908415,1,4391.156,0.00439596117212161
2026-09-02 21:00:00+00:00,10178.558699489084,178.55869948908415,1,4387.565,0.0032763821994380815
2026-09-02 23:00:00+00:00,10178.558699489084,178.55869948908415,1,4384.564,0.002340749646661097
2026-09-03 00:00:00+00:00,10178.558699489084,178.55869948908415,1,4385.397,0.002600457049681112
2026-09-03 01:00:00+00:00,10178.558699489084,178.55869948908415,1,4395.3,0.005687950941768045
2026-09-03 02:00:00+00:00,10178.558699489084,178.55869948908415,1,4410.508,0.010429403745045413
2026-09-03 03:00:00+00:00,10247.070944395196,247.0709443951967,-1,4420.321,1.3461440590791087
2026-09-03 04:00:00+00:00,10230.510568160118,230.5105681601185,1,4431.26,-0.3233001128629431
2026-09-03 05:00:00+00:00,10230.510568160118,230.5105681601185,1,4437.471,0.0023420185099620404
2026-09-03 06:00:00+00:00,10229.774983453291,229.77498345329155,-1,4431.191,-0.014459383642645492
2026-09-03 07:00:00+00:00,10229.774983453291,229.77498345329155,-1,4420.713,0.0040539593827722785
2026-09-03 08:00:00+00:00,10229.774983453291,229.77498345329155,-1,4428.596,0.0009444491373819061
2026-09-03 09:00:00+00:00,10229.774983453291,229.77498345329155,-1,4435.031,-0.0015938863223528103
2026-09-03 10:00:00+00:00,10229.774983453291,229.77498345329155,-1,4427.442,0.0013996533519168737
2026-09-03 11:00:00+00:00,10229.774983453291,229.77498345329155,-1,4427.368,0.0014288432235593567
2026-09-03 12:00:00+00:00,10279.611189378336,279.6111893783377,0,4444.004,0.9743363076051065
2026-09-03 13:00:00+00:00,10227.94870503377,227.9487050337711,0,4493.266,-1.0051447159392108
2026-09-03 14:00:00+00:00,10227.94870503377,227.9487050337711,1,4470.605,-6.789756238911671e-05
2026-09-03 15:00:00+00:00,10227.94870503377,227.9487050337711,1,4485.465,0.004677154284971073
2026-09-03 16:00:00+00:00,10227.94870503377,227.9487050337711,1,4493.114,0.007119610649739173
2026-09-03 17:00:00+00:00,10227.94870503377,227.9487050337711,1,4486.336,0.004955279463911249
2026-09-03 18:00:00+00:00,10227.94870503377,227.9487050337711,1,4486.645,0.005053948442433132
2026-09-03 19:00:00+00:00,10227.94870503377,227.9487050337711,1,4475.061,0.0013549793576537366
2026-09-03 20:00:00+00:00,10227.94870503377,227.9487050337711,1,4475.069,0.0013575338943147258
2026-09-03 21:00:00+00:00,10227.94870503377,227.9487050337711,1,4473.258,0.0007792506577351944
2026-09-03 23:00:00+00:00,10227.94870503377,227.9487050337711,1,4474.3,0.001111979057799184
2026-09-04 00:00:00+00:00,10227.94870503377,227.9487050337711,1,4479.843,0.00288195364662253
2026-09-04 01:00:00+00:00,10227.94870503377,227.9487050337711,1,4486.17,0.004902272828200445
2026-09-04 02:00:00+00:00,10240.571635569368,240.57163556936754,-1,4478.635,0.24676769795334919
2026-09-04 03:00:00+00:00,10241.963176580324,241.96317658032441,0,4477.417,0.027177018246194323
2026-09-04 04:00:00+00:00,10241.963176580324,241.96317658032441,0,4467.11,0.0
2026-09-04 05:00:00+00:00,10241.963176580324,241.96317658032441,0,4473.614,0.0
2026-09-04 06:00:00+00:00,10241.963176580324,241.96317658032441,1,4471.982,-8.490795369725136e-05
2026-09-04 07:00:00+00:00,10221.060124266516,221.0601242665172,0,4462.849,-0.4081844848184148
2026-09-04 08:00:00+00:00,10221.060124266516,221.0601242665172,1,4483.478,-8.142205712934144e-05
2026-09-04 09:00:00+00:00,10221.060124266516,221.0601242665172,1,4477.808,-0.002403175816624109
2026-09-04 10:00:00+00:00,10221.060124266516,221.0601242665172,1,4465.642,-0.007384914130206714
2026-09-04 11:00:00+00:00,10221.060124266516,221.0601242665172,1,4472.896,-0.0044145434474245964
2026-09-04 12:00:00+00:00,10169.640924375746,169.64092437574632,0,4466.818,-1.0061422057129306
2026-09-04 13:00:00+00:00,10220.126316211854,220.1263162118545,0,4393.767,0.9928647867025204
2026-09-04 14:00:00+00:00,10220.126316211854,220.1263162118545,-1,4412.986,-5.062577553135097e-05
2026-09-04 15:00:00+00:00,10204.958370402172,204.95837040217233,1,4427.224,-0.2968751096289384
2026-09-04 16:00:00+00:00,10204.958370402172,204.95837040217233,1,4436.53,0.00181688760771164
2026-09-04 17:00:00+00:00,10204.958370402172,204.95837040217233,1,4436.09,0.0017286142844927244
2026-09-04 18:00:00+00:00,10193.435992190769,193.43599219076987,0,4416.268,-0.22581921048931278
2026-09-04 19:00:00+00:00,10193.435992190769,193.43599219076987,0,4423.763,0.0
2026-09-04 20:00:00+00:00,10193.435992190769,193.43599219076987,1,4434.625,-6.352894257320337e-05
2026-09-04 21:00:00+00:00,10193.435992190769,193.43599219076987,1,4430.155,-0.0013606914312578838
2026-09-06 23:00:00+00:00,10193.435992190769,193.43599219076987,1,4429.4,-0.001579787108876904
2026-09-07 00:00:00+00:00,10193.435992190769,193.43599219076987,1,4423.098,-0.003408583082856764
2026-09-07 01:00:00+00:00,10142.246957484851,142.24695748485175,0,4412.703,-1.0043528942573254
2026-09-07 02:00:00+00:00,10142.246957484851,142.24695748485175,0,4409.2,0.0
2026-09-07 03:00:00+00:00,10142.246957484851,142.24695748485175,1,4408.845,-9.160621030456957e-05
2026-09-07 04:00:00+00:00,10142.246957484851,142.24695748485175,1,4404.027,-0.0023915976852930234
2026-09-07 05:00:00+00:00,10142.246957484851,142.24695748485175,1,4397.743,-0.0053914205223262335
2026-09-07 06:00:00+00:00,10091.172598763129,91.17259876312883,0,4393.929,-1.0071606210304287
2026-09-07 07:00:00+00:00,10091.172598763129,91.17259876312883,1,4392.915,-9.768494575018245e-05
2026-09-07 08:00:00+00:00,10091.172598763129,91.17259876312883,1,4406.183,0.006773807455689304
2026-09-07 09:00:00+00:00,10091.172598763129,91.17259876312883,1,4411.225,0.00938505743217863
2026-09-07 10:00:00+00:00,10091.172598763129,91.17259876312883,1,4405.8,0.006575451894206787
2026-09-07 11:00:00+00:00,10087.417563544806,87.4175635448062,-1,4391.778,-0.07448297177074074
2026-09-07 12:00:00+00:00,10087.417563544806,87.4175635448062,-1,4385.418,0.0016688609163271933
2026-09-07 13:00:00+00:00,10079.937801430808,79.93780143080681,1,4396.931,-0.14836121430719013
2026-09-07 14:00:00+00:00,10079.937801430808,79.93780143080681,1,4402.762,0.0015844825727788453
2026-09-07 15:00:00+00:00,10079.937801430808,79.93780143080681,1,4416.179,0.005373840551826986
2026-09-07 16:00:00+00:00,10079.937801430808,79.93780143080681,1,4414.25,0.004829033848272988
2026-09-07 17:00:00+00:00,10079.937801430808,79.93780143080681,1,4414.615,0.004932120653248147
2026-09-07 18:00:00+00:00,10079.937801430808,79.93780143080681,1,4407.159,0.002826325535726894
2026-09-07 19:00:00+00:00,10079.937801430808,79.93780143080681,1,4405.138,0.002255535308727188
2026-09-07 23:00:00+00:00,10079.937801430808,79.93780143080681,1,4407.693,0.0029771429435538127
2026-09-08 00:00:00+00:00,10079.937801430808,79.93780143080681,1,4423.039,0.007311307626155695
2026-09-08 01:00:00+00:00,10079.937801430808,79.93780143080681,1,4426.0,0.008147581679667074
2026-09-08 02:00:00+00:00,10136.627580059054,136.6275800590521,-1,4437.057,1.1247357466279184
2026-09-08 03:00:00+00:00,10136.627580059054,136.6275800590521,-1,4424.006,0.0041417742696756845
2026-09-08 04:00:00+00:00,10136.627580059054,136.6275800590521,-1,4437.541,-0.00022452405914072377
2026-09-08 05:00:00+00:00,10137.638012115158,137.63801211515602,1,4436.139,0.019867847012322526
2026-09-08 06:00:00+00:00,10086.704441253294,86.70444125329229,0,4419.126,-1.0048409856614462
2026-09-08 07:00:00+00:00,10086.704441253294,86.70444125329229,-1,4403.853,-0.00011193146761135706
2026-09-08 08:00:00+00:00,10086.704441253294,86.70444125329229,-1,4392.205,0.007026853430653289
2026-09-08 09:00:00+00:00,10086.704441253294,86.70444125329229,-1,4394.002,0.005925514448666266
2026-09-08 10:00:00+00:00,10088.37973713368,88.37973713367867,1,4403.011,0.03315120945380161
2026-09-08 11:00:00+00:00,10088.37973713368,88.37973713367867,1,4395.1,-0.0025293450471340225
2026-09-08 12:00:00+00:00,10088.37973713368,88.37973713367867,1,4406.397,0.0009873490351725214
2026-09-08 13:00:00+00:00,10088.37973713368,88.37973713367867,1,4411.386,0.0025403973468154113
2026-09-08 14:00:00+00:00,10088.37973713368,88.37973713367867,1,4395.753,-0.0023260697319402606
2026-09-08 15:00:00+00:00,10088.37973713368,88.37973713367867,1,4398.516,-0.0014659630001164956
2026-09-08 16:00:00+00:00,10088.37973713368,88.37973713367867,1,4394.655,-0.002667871104195955
2026-09-08 17:00:00+00:00,10088.37973713368,88.37973713367867,1,4393.691,-0.002967959012077997
2026-09-08 18:00:00+00:00,10037.7023041558,37.70230415579896,0,4390.089,-1.0046694176537516
2026-09-08 19:00:00+00:00,9987.098943880303,-12.901056119699703,0,4375.669,-1.0082658110820257
2026-09-08 20:00:00+00:00,9987.098943880303,-12.901056119699703,1,4359.555,-0.0001018156806455353
2026-09-08 21:00:00+00:00,9987.098943880303,-12.901056119699703,1,4355.371,-0.0023839277327906416
2026-09-08 23:00:00+00:00,9987.098943880303,-12.901056119699703,1,4353.933,-0.003168267391247798
2026-09-09 00:00:00+00:00,9936.754898512017,-63.24510148798536,0,4350.031,-1.0081815680645476
2026-09-09 01:00:00+00:00,9936.754898512017,-63.24510148798536,1,4364.544,-0.00010451102365062881
2026-09-09 02:00:00+00:00,9936.754898512017,-63.24510148798536,1,4373.533,0.0049599529203319444
2026-09-09 03:00:00+00:00,9936.754898512017,-63.24510148798536,1,4382.032,0.009748347520388074
2026-09-09 04:00:00+00:00,9936.754898512017,-63.24510148798536,1,4375.153,0.005872671975760888
2026-09-09 05:00:00+00:00,9983.33668126953,-16.66331873047293,-1,4381.485,0.9375012395319012
2026-09-09 06:00:00+00:00,9957.52280201473,-42.47719798527335,1,4398.792,-0.5172026956618968
2026-09-09 07:00:00+00:00,9957.52280201473,-42.47719798527335,1,4400.54,0.00044219326322838924
2026-09-09 08:00:00+00:00,9957.52280201473,-42.47719798527335,1,4409.181,0.002941449826154826
2026-09-09 09:00:00+00:00,9959.92475330671,-40.07524669329274,-1,4400.76,0.04817814869913825
2026-09-09 10:00:00+00:00,9959.92475330671,-40.07524669329274,-1,4390.614,0.0030323741101076357
2026-09-09 11:00:00+00:00,9959.92475330671,-40.07524669329274,-1,4399.628,0.00027986308284594683
2026-09-09 12:00:00+00:00,9949.66777281486,-50.332227185142585,1,4407.205,-0.20603129693106018
2026-09-09 13:00:00+00:00,9949.66777281486,-50.332227185142585,1,4400.169,-0.0022369862254249077
2026-09-09 14:00:00+00:00,9949.66777281486,-50.332227185142585,1,4414.894,0.0023058918944448333
2026-09-09 15:00:00+00:00,9949.66777281486,-50.332227185142585,1,4418.819,0.003516811868671599
2026-09-09 16:00:00+00:00,9949.66777281486,-50.332227185142585,1,4398.504,-0.0027506631062115127
2026-09-09 17:00:00+00:00,9949.66777281486,-50.332227185142585,1,4409.674,0.0006954454573840103
2026-09-09 18:00:00+00:00,9949.66777281486,-50.332227185142585,1,4415.916,0.00262119385970843
2026-09-09 19:00:00+00:00,9949.66777281486,-50.332227185142585,1,4402.914,-0.0013901135300740325
2026-09-09 20:00:00+00:00,9949.66777281486,-50.332227185142585,1,4398.907,-0.0026263317050360573
2026-09-09 21:00:00+00:00,9949.66777281486,-50.332227185142585,1,4400.712,-0.002069462774213239
2026-09-09 23:00:00+00:00,9949.66777281486,-50.332227185142585,1,4399.477,-0.002450478358460549
2026-09-10 00:00:00+00:00,9949.66777281486,-50.332227185142585,1,4394.034,-0.0041297235609360225
2026-09-10 01:00:00+00:00,9949.66777281486,-50.332227185142585,1,4400.916,-0.002006525787017847
2026-09-10 02:00:00+00:00,9949.66777281486,-50.332227185142585,1,4412.331,0.0015151688641408384
2026-09-10 03:00:00+00:00,9949.66777281486,-50.332227185142585,1,4419.464,0.003715803813480682
2026-09-10 04:00:00+00:00,9952.365967214459,-47.634032785545116,-1,4409.263,0.05417195542949306
2026-09-10 05:00:00+00:00,9952.365967214459,-47.634032785545116,-1,4408.498,0.00016416720369901336
2026-09-10 06:00:00+00:00,9919.761219979602,-80.23878002040155,1,4430.843,-0.6552808545659224
2026-09-10 07:00:00+00:00,9919.761219979602,-80.23878002040155,1,4425.384,-0.0016971587986228233
2026-09-10 08:00:00+00:00,9891.151427440289,-108.84857255971532,0,4411.852,-0.5768242179396351
2026-09-10 09:00:00+00:00,9891.151427440289,-108.84857255971532,0,4395.015,0.0
2026-09-10 10:00:00+00:00,9891.151427440289,-108.84857255971532,0,4393.961,0.0
2026-09-10 11:00:00+00:00,9891.151427440289,-108.84857255971532,0,4379.071,0.0
2026-09-10 12:00:00+00:00,9891.151427440289,-108.84857255971532,0,4374.341,0.0
2026-09-10 13:00:00+00:00,9841.328671810581,-158.67132818942304,0,4339.946,-1.0074207435847826
2026-09-10 14:00:00+00:00,9841.328671810581,-158.67132818942304,1,4365.989,-9.012718718107072e-05
2026-09-10 15:00:00+00:00,9841.328671810581,-158.67132818942304,1,4358.258,-0.0037044824145021126
2026-09-10 16:00:00+00:00,9841.328671810581,-158.67132818942304,1,4365.991,-8.91921580184637e-05
2026-09-10 17:00:00+00:00,9841.328671810581,-158.67132818942304,1,4363.921,-0.0010569473411194507
2026-09-10 18:00:00+00:00,9791.776956102587,-208.22304389741606,0,4352.664,-1.0070127187181432
2026-09-10 19:00:00+00:00,9791.776956102587,-208.22304389741606,0,4332.689,0.0
2026-09-10 20:00:00+00:00,9791.776956102587,-208.22304389741606,0,4324.224,0.0
2026-09-10 21:00:00+00:00,9791.776956102587,-208.22304389741606,0,4316.716,0.0
2026-09-10 23:00:00+00:00,9791.776956102587,-208.22304389741606,0,4318.386,0.0
2026-09-11 00:00:00+00:00,9791.776956102587,-208.22304389741606,0,4315.239,0.0
2026-09-11 01:00:00+00:00,9791.776956102587,-208.22304389741606,0,4331.941,0.0
2026-09-11 02:00:00+00:00,9791.776956102587,-208.22304389741606,0,4329.122,0.0
2026-09-11 03:00:00+00:00,9791.776956102587,-208.22304389741606,0,4322.682,0.0
2026-09-11 04:00:00+00:00,9791.776956102587,-208.22304389741606,0,4304.146,0.0
2026-09-11 05:00:00+00:00,9791.776956102587,-208.22304389741606,0,4331.904,0.0
2026-09-11 06:00:00+00:00,9791.776956102587,-208.22304389741606,1,4346.177,-6.805088113605125e-05
2026-09-11 07:00:00+00:00,9791.776956102587,-208.22304389741606,1,4353.328,0.0022226947922290947
2026-09-11 08:00:00+00:00,9788.941388278528,-211.0586117214754,0,4344.669,-0.05791732872941807
2026-09-11 09:00:00+00:00,9788.941388278528,-211.0586117214754,0,4347.105,0.0
2026-09-11 10:00:00+00:00,9788.941388278528,-211.0586117214754,0,4346.102,0.0
2026-09-11 11:00:00+00:00,9788.941388278528,-211.0586117214754,0,4337.708,0.0
2026-09-11 12:00:00+00:00,9788.941388278528,-211.0586117214754,0,4333.255,0.0
2026-09-11 13:00:00+00:00,9788.941388278528,-211.0586117214754,1,4388.425,-6.138462489395766e-05
2026-09-11 14:00:00+00:00,9788.941388278528,-211.0586117214754,1,4401.508,0.003548182358365681
2026-09-11 15:00:00+00:00,9788.941388278528,-211.0586117214754,1,4370.878,-0.004902558045000997
2026-09-11 16:00:00+00:00,9739.794125503404,-260.2058744965994,0,4366.912,-1.0041384624894056
2026-09-11 17:00:00+00:00,9739.794125503404,-260.2058744965994,0,4361.7,0.0
2026-09-11 18:00:00+00:00,9739.794125503404,-260.2058744965994,1,4358.345,-6.259952947701573e-05
2026-09-11 19:00:00+00:00,9739.794125503404,-260.2058744965994,1,4346.886,-0.003316919584665683
2026-09-11 20:00:00+00:00,9739.794125503404,-260.2058744965994,1,4348.355,-0.002899728192653341
2026-09-11 21:00:00+00:00,9739.794125503404,-260.2058744965994,1,4349.302,-0.002630783163221096
2026-09-13 23:00:00+00:00,9739.794125503404,-260.2058744965994,1,4337.663,-0.005936222653782389
2026-09-14 00:00:00+00:00,9739.794125503404,-260.2058744965994,1,4332.941,-0.007277255841722027
2026-09-14 01:00:00+00:00,9739.794125503404,-260.2058744965994,1,4338.432,-0.005717829065996292
2026-09-14 02:00:00+00:00,9739.794125503404,-260.2058744965994,1,4353.174,-0.0015311473089849785
2026-09-14 03:00:00+00:00,9739.794125503404,-260.2058744965994,1,4331.018,-0.007823381809618628
2026-09-14 04:00:00+00:00,9690.887699552412,-309.1123004475909,0,4330.603,-1.0042599529477139
2026-09-14 05:00:00+00:00,9690.887699552412,-309.1123004475909,1,4329.288,-9.702272899243465e-05
2026-09-14 06:00:00+00:00,9690.887699552412,-309.1123004475909,1,4337.234,0.003983127968177121
2026-09-14 07:00:00+00:00,9642.060051746159,-357.9399482538432,0,4322.216,-1.007702272899267
2026-09-14 08:00:00+00:00,9642.060051746159,-357.9399482538432,0,4310.737,0.0
2026-09-14 09:00:00+00:00,9642.060051746159,-357.9399482538432,0,4306.565,0.0
2026-09-14 10:00:00+00:00,9642.060051746159,-357.9399482538432,0,4285.633,0.0
2026-09-14 11:00:00+00:00,9642.060051746159,-357.9399482538432,1,4294.774,-9.655840673120555e-05
2026-09-14 12:00:00+00:00,9593.480661109843,-406.51933889015856,0,4287.12,-1.0076558406731428
2026-09-14 13:00:00+00:00,9593.480661109843,-406.51933889015856,1,4270.751,-9.476716446319259e-05
2026-09-14 14:00:00+00:00,9593.480661109843,-406.51933889015856,1,4272.327,0.0006907865101653336
2026-09-14 15:00:00+00:00,9593.480661109843,-406.51933889015856,1,4279.333,0.004182911538367688
2026-09-14 16:00:00+00:00,9689.056829047759,-310.943170952242,0,4288.273,1.9925232835536613
2026-09-14 17:00:00+00:00,9689.056829047759,-310.943170952242,1,4315.57,-5.460980584677758e-05
2026-09-14 18:00:00+00:00,9689.056829047759,-310.943170952242,1,4310.93,-0.0011252064667095596
2026-09-14 19:00:00+00:00,9689.056829047759,-310.943170952242,1,4307.154,-0.0019964506458945166
2026-09-14 20:00:00+00:00,9689.056829047759,-310.943170952242,1,4283.289,-0.007502870756130343
2026-09-14 21:00:00+00:00,9689.056829047759,-310.943170952242,1,4298.672,-0.003953519800515249
2026-09-14 23:00:00+00:00,9689.056829047759,-310.943170952242,1,4295.446,-0.004697861358261671
2026-09-15 00:00:00+00:00,9689.056829047759,-310.943170952242,1,4288.286,-0.006349902757351827
2026-09-15 01:00:00+00:00,9689.056829047759,-310.943170952242,1,4293.162,-0.0052248533352898035
2026-09-15 02:00:00+00:00,9689.056829047759,-310.943170952242,1,4304.358,-0.002641577426880079
2026-09-15 03:00:00+00:00,9689.056829047759,-310.943170952242,1,4313.974,-0.00042285814005728
2026-09-15 04:00:00+00:00,9675.394107314127,-324.6058926858744,-1,4303.647,-0.28208660443808353
2026-09-15 05:00:00+00:00,9673.120278841036,-326.87972115896554,1,4304.993,-0.04706662354767362
2026-09-15 06:00:00+00:00,9673.120278841036,-326.87972115896554,1,4290.987,-0.004203759124136118
2026-09-15 07:00:00+00:00,9673.120278841036,-326.87972115896554,1,4293.492,-0.003463414633746073
2026-09-15 08:00:00+00:00,9624.540263036552,-375.45973696344987,0,4280.361,-1.0044332005412528
2026-09-15 09:00:00+00:00,9624.540263036552,-375.45973696344987,0,4262.579,0.0
2026-09-15 10:00:00+00:00,9624.540263036552,-375.45973696344987,1,4268.407,-0.00011094895650235335
2026-09-15 11:00:00+00:00,9624.540263036552,-375.45973696344987,1,4281.679,0.00793621471484535
2026-09-15 12:00:00+00:00,9624.540263036552,-375.45973696344987,1,4284.448,0.009615132451883007
2026-09-15 13:00:00+00:00,9624.540263036552,-375.45973696344987,1,4290.329,0.013180937873160227
2026-09-15 14:00:00+00:00,9624.540263036552,-375.45973696344987,1,4294.818,0.015902736978094217
2026-09-15 15:00:00+00:00,9624.540263036552,-375.45973696344987,1,4276.917,0.0050488885090771395
2026-09-15 16:00:00+00:00,9624.540263036552,-375.45973696344987,1,4289.416,0.012627361891248162
2026-09-15 17:00:00+00:00,9624.540263036552,-375.45973696344987,1,4295.632,0.016396286648714488
2026-09-15 18:00:00+00:00,9720.347994720049,-279.65200527995313,0,4294.783,1.9909051043497745
2026-09-15 19:00:00+00:00,9720.347994720049,-279.65200527995313,1,4308.477,-0.00011136263335434016
2026-09-15 20:00:00+00:00,9671.302216451488,-328.6977835485132,0,4297.507,-1.009136263335463
2026-09-15 21:00:00+00:00,9671.302216451488,-328.6977835485132,1,4293.524,-0.00011504377961778979
2026-09-15 23:00:00+00:00,9671.302216451488,-328.6977835485132,1,4289.085,-0.002927706031113931
2026-09-16 00:00:00+00:00,9622.486106810993,-377.5138931890085,0,4283.306,-1.0095043779617483
2026-09-16 01:00:00+00:00,9622.486106810993,-377.5138931890085,1,4277.362,-0.00012271064569030748
2026-09-16 02:00:00+00:00,9718.216801998515,-281.7831980014877,0,4282.627,1.989728935430969
2026-09-16 03:00:00+00:00,9718.216801998515,-281.7831980014877,1,4321.449,-7.98290307566719e-05
2026-09-16 04:00:00+00:00,9718.216801998515,-281.7831980014877,1,4326.983,0.0021274633439650535
2026-09-16 05:00:00+00:00,9718.216801998515,-281.7831980014877,1,4321.652,1.139590867725001e-06
2026-09-16 06:00:00+00:00,9718.216801998515,-281.7831980014877,1,4326.607,0.0019774919068678842
2026-09-16 07:00:00+00:00,9718.216801998515,-281.7831980014877,1,4332.788,0.004442846834253625
2026-09-16 08:00:00+00:00,9732.58591226953,-267.41408773047357,-1,4329.163,0.29564628136028104
2026-09-16 09:00:00+00:00,9732.58591226953,-267.41408773047357,-1,4330.336,-0.0004493105051523608
2026-09-16 10:00:00+00:00,9732.58591226953,-267.41408773047357,-1,4337.976,-0.0029284732106421513
2026-09-16 11:00:00+00:00,9697.66409258109,-302.335907418913,1,4350.978,-0.7176967316005851
2026-09-16 12:00:00+00:00,9697.66409258109,-302.335907418913,1,4341.817,-0.0031229048663099592
2026-09-16 13:00:00+00:00,9697.66409258109,-302.335907418913,1,4347.357,-0.001276691467173709
2026-09-16 14:00:00+00:00,9697.66409258109,-302.335907418913,1,4338.397,-0.0042626250513363405
2026-09-16 15:00:00+00:00,9697.66409258109,-302.335907418913,1,4354.918,0.0012430232459794885
2026-09-16 16:00:00+00:00,9697.66409258109,-302.335907418913,1,4352.898,0.0005698551834786986
2026-09-16 17:00:00+00:00,9697.66409258109,-302.335907418913,1,4346.589,-0.001532628631530515
2026-09-16 18:00:00+00:00,9648.933390023582,-351.0666099764214,0,4360.598,-1.0049987727413294
2026-09-16 19:00:00+00:00,9648.933390023582,-351.0666099764214,0,4261.038,0.0
2026-09-16 20:00:00+00:00,9648.933390023582,-351.0666099764214,0,4272.17,0.0
2026-09-16 21:00:00+00:00,9648.933390023582,-351.0666099764214,0,4264.278,0.0
2026-09-16 23:00:00+00:00,9648.933390023582,-351.0666099764214,0,4266.67,0.0
2026-09-17 00:00:00+00:00,9648.933390023582,-351.0666099764214,0,4271.571,0.0
2026-09-17 01:00:00+00:00,9648.933390023582,-351.0666099764214,0,4279.966,0.0
2026-09-17 02:00:00+00:00,9648.933390023582,-351.0666099764214,1,4300.388,-5.9606851224305274e-05
2026-09-17 03:00:00+00:00,9618.89530990031,-381.104690099692,0,4277.108,-0.6226197012475789
2026-09-17 04:00:00+00:00,9618.89530990031,-381.104690099692,0,4296.078,0.0
2026-09-17 05:00:00+00:00,9618.89530990031,-381.104690099692,0,4297.554,0.0
2026-09-17 06:00:00+00:00,9618.89530990031,-381.104690099692,0,4304.335,0.0
2026-09-17 07:00:00+00:00,9618.89530990031,-381.104690099692,0,4311.025,0.0
2026-09-17 08:00:00+00:00,9618.89530990031,-381.104690099692,1,4326.992,-6.353105644422414e-05
2026-09-17 09:00:00+00:00,9596.772900922051,-403.2270990779505,-1,4311.442,-0.46004234910534264
2026-09-17 10:00:00+00:00,9596.772900922051,-403.2270990779505,-1,4306.282,0.0014558127428306855
2026-09-17 11:00:00+00:00,9548.57701486449,-451.42298513551225,0,4323.853,-1.0044186010264098
2026-09-17 12:00:00+00:00,9548.57701486449,-451.42298513551225,1,4349.953,-6.450255961496742e-05
2026-09-17 13:00:00+00:00,9548.57701486449,-451.42298513551225,1,4373.076,0.0067957153469141605
2026-09-17 14:00:00+00:00,9548.57701486449,-451.42298513551225,1,4366.698,0.004903466512081245
2026-09-17 15:00:00+00:00,9548.57701486449,-451.42298513551225,1,4354.126,0.0011735586488763618
2026-09-17 16:00:00+00:00,9548.57701486449,-451.42298513551225,1,4369.799,0.005823482761190134
2026-09-17 17:00:00+00:00,9548.57701486449,-451.42298513551225,1,4362.149,0.0035538522208213995
2026-09-17 18:00:00+00:00,9548.57701486449,-451.42298513551225,1,4361.182,0.0032669590531693832
2026-09-17 19:00:00+00:00,9548.57701486449,-451.42298513551225,1,4351.629,0.0004327393731506524
2026-09-17 20:00:00+00:00,9548.57701486449,-451.42298513551225,1,4346.289,-0.0011515517491460733
2026-09-17 21:00:00+00:00,9548.57701486449,-451.42298513551225,1,4341.869,-0.0024628938391369815
2026-09-17 23:00:00+00:00,9548.57701486449,-451.42298513551225,1,4344.421,-0.0017057569582189917
2026-09-18 00:00:00+00:00,9548.57701486449,-451.42298513551225,1,4346.397,-0.0011195099062231671
2026-09-18 01:00:00+00:00,9548.57701486449,-451.42298513551225,1,4356.247,0.001802824841833555
2026-09-18 02:00:00+00:00,9548.57701486449,-451.42298513551225,1,4348.332,-0.0005454268871885764
2026-09-18 03:00:00+00:00,9548.57701486449,-451.42298513551225,1,4346.756,-0.0010130004468776412
2026-09-18 04:00:00+00:00,9548.57701486449,-451.42298513551225,1,4359.136,0.002659944140019943
2026-09-18 05:00:00+00:00,9548.57701486449,-451.42298513551225,1,4366.989,0.00498980147773427
2026-09-18 06:00:00+00:00,9548.57701486449,-451.42298513551225,1,4377.178,0.008012712010521048
2026-09-18 07:00:00+00:00,9548.57701486449,-451.42298513551225,1,4393.345,0.012809197885833979
2026-09-18 08:00:00+00:00,9609.667247619347,-390.3327523806557,-1,4393.382,1.2795057182676954
2026-09-18 09:00:00+00:00,9609.667247619347,-390.3327523806557,-1,4392.308,0.00023591201354503262
2026-09-18 10:00:00+00:00,9609.667247619347,-390.3327523806557,-1,4376.605,0.004585031438542708
2026-09-18 11:00:00+00:00,9609.667247619347,-390.3327523806557,-1,4381.897,0.0031193535427846563
2026-09-18 12:00:00+00:00,9609.667247619347,-390.3327523806557,-1,4381.223,0.0033060252929246465
2026-09-18 13:00:00+00:00,9609.667247619347,-390.3327523806557,-1,4368.699,0.006774685528463772
2026-09-18 14:00:00+00:00,9609.667247619347,-390.3327523806557,-1,4349.466,0.012101477472740332
2026-09-18 15:00:00+00:00,9609.667247619347,-390.3327523806557,-1,4353.102,0.011094447081777523
2026-09-18 16:00:00+00:00,9658.443292718712,-341.55670728129024,1,4356.429,1.0150843787578216
2026-09-18 17:00:00+00:00,9658.443292718712,-341.55670728129024,1,4382.595,0.007086023453352476
2026-09-18 18:00:00+00:00,9658.443292718712,-341.55670728129024,1,4393.179,0.009976942588895215
2026-09-18 19:00:00+00:00,9658.443292718712,-341.55670728129024,1,4382.045,0.006935796174011105
2026-09-18 20:00:00+00:00,9658.443292718712,-341.55670728129024,1,4376.611,0.00545155065411881
2026-09-18 21:00:00+00:00,9658.443292718712,-341.55670728129024,1,4378.062,0.005847877531072008
2026-09-20 23:00:00+00:00,9658.443292718712,-341.55670728129024,1,4373.692,0.004654253511578276
2026-09-21 00:00:00+00:00,9658.443292718712,-341.55670728129024,1,4372.514,0.00433249399327999
2026-09-21 01:00:00+00:00,9671.590324401115,-328.40967559888605,-1,4366.696,0.2721728040851248
2026-09-21 02:00:00+00:00,9654.968719271128,-345.03128072887245,1,4377.522,-0.34378639983817644
2026-09-21 03:00:00+00:00,9654.968719271128,-345.03128072887245,1,4363.971,-0.004239275796079616
2026-09-21 04:00:00+00:00,9654.968719271128,-345.03128072887245,1,4358.906,-0.005799062082273438
2026-09-21 05:00:00+00:00,9654.968719271128,-345.03128072887245,1,4355.941,-0.006712145268564704
2026-09-21 06:00:00+00:00,9654.968719271128,-345.03128072887245,1,4350.953,-0.008248219107762023
2026-09-21 07:00:00+00:00,9606.47087931048,-393.52912068952077,0,4353.03,-1.004619307856425
2026-09-21 08:00:00+00:00,9606.47087931048,-393.52912068952077,1,4344.35,-0.00012094515075826835
2026-09-21 09:00:00+00:00,9606.47087931048,-393.52912068952077,1,4353.31,0.00590884518788361
2026-09-21 10:00:00+00:00,9606.47087931048,-393.52912068952077,1,4345.549,0.000685943087637854
2026-09-21 11:00:00+00:00,9606.47087931048,-393.52912068952077,1,4342.776,-0.0011801962660512857
2026-09-21 12:00:00+00:00,9702.050724778002,-297.94927522199913,0,4368.996,1.9899054849241935
2026-09-21 13:00:00+00:00,9702.050724778002,-297.94927522199913,1,4359.786,-0.0001113924155488436
2026-09-21 14:00:00+00:00,9653.097124228356,-346.90287577164634,0,4346.156,-1.0091392415548663
2026-09-21 15:00:00+00:00,9653.097124228356,-346.90287577164634,1,4339.011,-0.00010574740610313727
2026-09-21 16:00:00+00:00,9653.097124228356,-346.90287577164634,1,4347.952,0.005005369647030149
2026-09-21 17:00:00+00:00,9653.097124228356,-346.90287577164634,1,4343.357,0.0023786407733975275
2026-09-21 18:00:00+00:00,9653.097124228356,-346.90287577164634,1,4344.454,0.0030057401366998505
2026-09-21 19:00:00+00:00,9653.097124228356,-346.90287577164634,1,4346.121,0.00395867964319524
2026-09-21 20:00:00+00:00,9653.097124228356,-346.90287577164634,1,4345.141,0.0033984632566531133
2026-09-21 21:00:00+00:00,9653.097124228356,-346.90287577164634,1,4343.7,0.0025747165086870893
2026-09-21 23:00:00+00:00,9653.097124228356,-346.90287577164634,1,4360.787,0.012342489362606408
2026-09-22 00:00:00+00:00,9749.21423145101,-250.78576854899364,0,4368.405,1.9914252593897275
2026-09-22 01:00:00+00:00,9749.21423145101,-250.78576854899364,1,4360.292,-8.14287789196585e-05
2026-09-22 02:00:00+00:00,9749.21423145101,-250.78576854899364,1,4348.206,-0.005030950259085045
2026-09-22 03:00:00+00:00,9749.21423145101,-250.78576854899364,1,4344.436,-0.006574860235936386
2026-09-22 04:00:00+00:00,9700.168719130921,-299.8312808690814,0,4341.857,-1.0061428778919868
2026-09-22 05:00:00+00:00,9651.20171478884,-348.798285211162,0,4342.751,-1.0096113946040355
2026-09-22 06:00:00+00:00,9651.20171478884,-348.798285211162,0,4323.776,0.0
2026-09-22 07:00:00+00:00,9651.20171478884,-348.798285211162,0,4318.467,0.0
2026-09-22 08:00:00+00:00,9651.20171478884,-348.798285211162,0,4301.191,0.0
2026-09-22 09:00:00+00:00,9651.20171478884,-348.798285211162,1,4329.919,-5.9944293190155904e-05
2026-09-22 10:00:00+00:00,9651.20171478884,-348.798285211162,1,4336.618,0.0017239678406866727
2026-09-22 11:00:00+00:00,9651.20171478884,-348.798285211162,1,4321.848,-0.002209213562113667
2026-09-22 12:00:00+00:00,9651.20171478884,-348.798285211162,1,4322.359,-0.0020731366699787606
2026-09-22 13:00:00+00:00,9651.20171478884,-348.798285211162,1,4333.914,0.0010039053821102142
2026-09-22 14:00:00+00:00,9651.20171478884,-348.798285211162,1,4333.157,0.0008023198491435096
2026-09-22 15:00:00+00:00,9651.20171478884,-348.798285211162,1,4327.876,-0.0006039855664413097
2026-09-22 16:00:00+00:00,9651.20171478884,-348.798285211162,1,4331.209,0.00028357662824600834
2026-09-22 17:00:00+00:00,9651.20171478884,-348.798285211162,1,4336.374,0.0016589917904303692
2026-09-22 18:00:00+00:00,9651.20171478884,-348.798285211162,1,4350.83,0.005508556472819032
2026-09-22 19:00:00+00:00,9699.264968147318,-300.7350318526843,0,4353.253,0.9960055706809808
2026-09-22 20:00:00+00:00,9699.264968147318,-300.7350318526843,1,4363.96,-7.399578459653184e-05
2026-09-22 21:00:00+00:00,9699.264968147318,-300.7350318526843,1,4358.701,-0.0019670879925555345
2026-09-22 23:00:00+00:00,9699.264968147318,-300.7350318526843,1,4362.394,-0.0006377117757856206
2026-09-23 00:00:00+00:00,9699.264968147318,-300.7350318526843,1,4363.741,-0.00015282963010767784
2026-09-23 01:00:00+00:00,9699.264968147318,-300.7350318526843,1,4357.373,-0.00244513067218481
2026-09-23 02:00:00+00:00,9659.048553734547,-340.9514462654554,-1,4341.223,-0.829333010883294
2026-09-23 03:00:00+00:00,9659.048553734547,-340.9514462654554,-1,4334.1,0.002106813707452057
2026-09-23 04:00:00+00:00,9659.048553734547,-340.9514462654554,-1,4342.685,-0.0005116712600620835
2026-09-23 05:00:00+00:00,9654.239082576916,-345.76091742308506,1,4344.188,-0.09965537739610886
2026-09-23 06:00:00+00:00,9654.239082576916,-345.76091742308506,1,4334.345,-0.003390755124121373
2026-09-23 07:00:00+00:00,9654.239082576916,-345.76091742308506,1,4331.48,-0.004357152945657504
2026-09-23 08:00:00+00:00,9613.891207077131,-386.1087929228698,0,4319.708,-0.8358582205116744
2026-09-23 09:00:00+00:00,9613.891207077131,-386.1087929228698,1,4318.22,-0.00012537360919752619
2026-09-23 10:00:00+00:00,9613.891207077131,-386.1087929228698,1,4313.993,-0.0030948019163909188
2026-09-23 11:00:00+00:00,9565.315225834285,-434.68477416571625,0,4315.392,-1.0105373609197372
2026-09-23 12:00:00+00:00,9565.315225834285,-434.68477416571625,1,4309.438,-0.00012544216004820743
2026-09-23 13:00:00+00:00,9516.984355955636,-483.01564404436505,0,4309.513,-1.0105442160048441
2026-09-23 14:00:00+00:00,9516.984355955636,-483.01564404436505,-1,4283.999,-0.00011466319574882479
2026-09-23 15:00:00+00:00,9437.792767732704,-562.2072322672973,0,4294.13,-1.6642160008043738
2026-09-23 16:00:00+00:00,9437.792767732704,-562.2072322672973,1,4282.091,-0.00011092235854024026
2026-09-23 17:00:00+00:00,9437.792767732704,-562.2072322672973,1,4285.014,0.001660851334884735
2026-09-23 18:00:00+00:00,9437.792767732704,-562.2072322672973,1,4292.789,0.006373660252565064
2026-09-23 19:00:00+00:00,9437.792767732704,-562.2072322672973,1,4290.119,0.004755242270544818
2026-09-23 20:00:00+00:00,9437.792767732704,-562.2072322672973,1,4284.004,0.0010486407873788336
2026-09-23 21:00:00+00:00,9437.792767732704,-562.2072322672973,1,4286.852,0.0027749533015336892
2026-09-23 23:00:00+00:00,9437.792767732704,-562.2072322672973,1,4289.241,0.004223043398554836
2026-09-24 00:00:00+00:00,9437.792767732704,-562.2072322672973,1,4288.714,0.003903602845549324
2026-09-24 01:00:00+00:00,9437.792767732704,-562.2072322672973,1,4298.332,0.009733544475163908
2026-09-24 02:00:00+00:00,9428.6596555177,-571.3403444823011,-1,4279.198,-0.19361306843498804
2026-09-24 03:00:00+00:00,9410.39187978512,-589.6081202148815,0,4290.599,-0.38749464717160836
2026-09-24 04:00:00+00:00,9410.39187978512,-589.6081202148815,0,4284.757,0.0
2026-09-24 05:00:00+00:00,9410.39187978512,-589.6081202148815,0,4289.286,0.0
2026-09-24 06:00:00+00:00,9410.39187978512,-589.6081202148815,0,4279.168,0.0
2026-09-24 07:00:00+00:00,9410.39187978512,-589.6081202148815,0,4276.118,0.0
2026-09-24 08:00:00+00:00,9410.39187978512,-589.6081202148815,1,4278.423,-8.641939076338915e-05
2026-09-24 09:00:00+00:00,9374.50043045177,-625.4995695482322,0,4261.496,-0.7628045631224025
2026-09-24 10:00:00+00:00,9374.50043045177,-625.4995695482322,0,4255.27,0.0
2026-09-24 11:00:00+00:00,9374.50043045177,-625.4995695482322,0,4258.098,0.0
2026-09-24 12:00:00+00:00,9374.50043045177,-625.4995695482322,1,4265.729,-0.0001129805770803582
2026-09-24 13:00:00+00:00,9374.50043045177,-625.4995695482322,1,4281.113,0.009423107408304317
2026-09-24 14:00:00+00:00,9374.50043045177,-625.4995695482322,1,4267.643,0.001073451586467741
2026-09-24 15:00:00+00:00,9327.192105069578,-672.8078949304237,0,4253.092,-1.0092980577080548
2026-09-24 16:00:00+00:00,9327.192105069578,-672.8078949304237,1,4256.817,-0.00010792689700977062
2026-09-24 17:00:00+00:00,9327.192105069578,-672.8078949304237,1,4273.199,0.00949486261510704
2026-09-24 18:00:00+00:00,9327.192105069578,-672.8078949304237,1,4264.628,0.0044707197199566106
2026-09-24 19:00:00+00:00,9327.192105069578,-672.8078949304237,1,4271.642,0.008582181424143529
2026-09-24 20:00:00+00:00,9327.192105069578,-672.8078949304237,1,4274.001,0.009964978424454098
2026-09-24 21:00:00+00:00,9327.192105069578,-672.8078949304237,1,4274.583,0.0103061347848525
2026-09-24 23:00:00+00:00,9327.192105069578,-672.8078949304237,1,4272.521,0.00909743304062198
2026-09-25 00:00:00+00:00,9348.996124441204,-651.003875558797,-1,4265.093,0.4674717148469857
2026-09-25 01:00:00+00:00,9329.878850923233,-670.1211490767694,0,4278.454,-0.4089695463236547
2026-09-25 02:00:00+00:00,9329.878850923233,-670.1211490767694,1,4287.9,-7.935390594599404e-05
2026-09-25 03:00:00+00:00,9329.878850923233,-670.1211490767694,1,4283.631,-0.0017685660691728132
2026-09-25 04:00:00+00:00,9296.507141096865,-703.4928589031365,0,4270.121,-0.7153728437334538
2026-09-25 05:00:00+00:00,9296.507141096865,-703.4928589031365,0,4263.07,0.0
2026-09-25 06:00:00+00:00,9296.507141096865,-703.4928589031365,0,4266.81,0.0
2026-09-25 07:00:00+00:00,9296.507141096865,-703.4928589031365,0,4275.837,0.0
2026-09-25 08:00:00+00:00,9296.507141096865,-703.4928589031365,1,4279.784,-8.152848815740488e-05
2026-09-25 09:00:00+00:00,9296.507141096865,-703.4928589031365,1,4293.288,0.005457676205706628
2026-09-25 10:00:00+00:00,9296.507141096865,-703.4928589031365,1,4294.733,0.006050400641624653
2026-09-25 11:00:00+00:00,9296.507141096865,-703.4928589031365,1,4311.0,0.0127229600873508
2026-09-25 12:00:00+00:00,9339.824703333748,-660.1752966662525,-1,4302.803,0.9318443352185377
2026-09-25 13:00:00+00:00,9339.824703333748,-660.1752966662525,-1,4297.98,0.0014176146737844644
2026-09-25 14:00:00+00:00,9339.824703333748,-660.1752966662525,-1,4275.722,0.008265127494047607
2026-09-25 15:00:00+00:00,9339.824703333748,-660.1752966662525,-1,4279.05,0.0072412923486689165
2026-09-25 16:00:00+00:00,9356.576214681281,-643.4237853187194,1,4290.843,0.3586491019811639
2026-09-25 17:00:00+00:00,9356.576214681281,-643.4237853187194,1,4286.288,-0.00134901281225013
2026-09-25 18:00:00+00:00,9356.576214681281,-643.4237853187194,1,4283.352,-0.0021783394045489686
2026-09-25 19:00:00+00:00,9356.576214681281,-643.4237853187194,1,4294.818,0.0010604408091089887
2026-09-25 20:00:00+00:00,9356.576214681281,-643.4237853187194,1,4290.964,-2.819157737612012e-05
2026-09-25 21:00:00+00:00,9356.576214681281,-643.4237853187194,1,4285.897,-0.0014594578727366988
2026-09-27 23:00:00+00:00,9356.576214681281,-643.4237853187194,1,4259.865,-0.008812669674755
2026-09-28 00:00:00+00:00,9309.595113475016,-690.4048865249853,0,4260.111,-1.0042370227807922
2026-09-28 01:00:00+00:00,9309.595113475016,-690.4048865249853,0,4230.771,0.0
2026-09-28 02:00:00+00:00,9309.595113475016,-690.4048865249853,0,4215.901,0.0
2026-09-28 03:00:00+00:00,9309.595113475016,-690.4048865249853,0,4196.612,0.0
2026-09-28 04:00:00+00:00,9309.595113475016,-690.4048865249853,0,4196.759,0.0
