time,equity
2022-04-25 07:00:00+00:00,10000.0
2022-04-25 08:00:00+00:00,10010.867491126135
2022-04-25 09:00:00+00:00,10010.867491126135
2022-04-25 10:00:00+00:00,10010.867491126135
2022-04-25 11:00:00+00:00,10010.867491126135
2022-04-25 12:00:00+00:00,10010.867491126135
2022-04-25 13:00:00+00:00,10010.867491126135
2022-04-25 14:00:00+00:00,10010.867491126135
2022-04-25 15:00:00+00:00,10010.867491126135
2022-04-25 16:00:00+00:00,10010.867491126135
2022-04-25 17:00:00+00:00,10010.867491126135
2022-04-25 18:00:00+00:00,10010.867491126135
2022-04-25 19:00:00+00:00,10010.867491126135
2022-04-25 20:00:00+00:00,10010.867491126135
2022-04-25 21:00:00+00:00,10010.867491126135
2022-04-25 22:00:00+00:00,10010.867491126135
2022-04-25 23:00:00+00:00,10010.867491126135
2022-04-26 00:00:00+00:00,10010.867491126135
2022-04-26 02:00:00+00:00,10010.867491126135
2022-04-26 03:00:00+00:00,10010.867491126135
2022-04-26 04:00:00+00:00,10010.867491126135
2022-04-26 05:00:00+00:00,9960.533881236752
2022-04-26 06:00:00+00:00,9960.533881236752
2022-04-26 07:00:00+00:00,10059.829010655425
2022-04-26 08:00:00+00:00,10059.829010655425
2022-04-26 09:00:00+00:00,10059.829010655425
2022-04-26 10:00:00+00:00,10059.829010655425
2022-04-26 11:00:00+00:00,10059.829010655425
2022-04-26 12:00:00+00:00,10059.829010655425
2022-04-26 13:00:00+00:00,10059.829010655425
2022-04-26 14:00:00+00:00,10059.829010655425
2022-04-26 15:00:00+00:00,10059.829010655425
2022-04-26 16:00:00+00:00,10094.283437132952
2022-04-26 17:00:00+00:00,10094.283437132952
2022-04-26 18:00:00+00:00,10094.283437132952
2022-04-26 19:00:00+00:00,10094.283437132952
2022-04-26 20:00:00+00:00,10094.283437132952
2022-04-26 21:00:00+00:00,10094.283437132952
2022-04-26 22:00:00+00:00,10094.283437132952
2022-04-26 23:00:00+00:00,10094.283437132952
2022-04-27 00:00:00+00:00,10094.283437132952
2022-04-27 02:00:00+00:00,10094.283437132952
2022-04-27 03:00:00+00:00,10094.283437132952
2022-04-27 04:00:00+00:00,10094.283437132952
2022-04-27 05:00:00+00:00,10094.283437132952
2022-04-27 06:00:00+00:00,10094.283437132952
2022-04-27 07:00:00+00:00,10043.630536769066
2022-04-27 08:00:00+00:00,10043.630536769066
2022-04-27 09:00:00+00:00,10043.630536769066
2022-04-27 10:00:00+00:00,10043.630536769066
2022-04-27 11:00:00+00:00,10043.630536769066
2022-04-27 12:00:00+00:00,10043.630536769066
2022-04-27 13:00:00+00:00,10043.630536769066
2022-04-27 14:00:00+00:00,10043.630536769066
2022-04-27 15:00:00+00:00,10043.630536769066
2022-04-27 16:00:00+00:00,10081.59557003509
2022-04-27 17:00:00+00:00,10049.608550341001
2022-04-27 18:00:00+00:00,10049.608550341001
2022-04-27 19:00:00+00:00,10046.270606299222
2022-04-27 20:00:00+00:00,10046.270606299222
2022-04-27 21:00:00+00:00,10046.270606299222
2022-04-27 22:00:00+00:00,10046.270606299222
2022-04-27 23:00:00+00:00,10046.270606299222
2022-04-28 00:00:00+00:00,10046.270606299222
2022-04-28 02:00:00+00:00,10062.245754408685
2022-04-28 03:00:00+00:00,10062.245754408685
2022-04-28 04:00:00+00:00,10062.245754408685
2022-04-28 05:00:00+00:00,10062.245754408685
2022-04-28 06:00:00+00:00,10062.245754408685
2022-04-28 07:00:00+00:00,10112.201653021426
2022-04-28 08:00:00+00:00,10112.201653021426
2022-04-28 09:00:00+00:00,10112.201653021426
2022-04-28 10:00:00+00:00,10112.201653021426
2022-04-28 11:00:00+00:00,10061.356152471279
2022-04-28 12:00:00+00:00,10061.356152471279
2022-04-28 13:00:00+00:00,10061.356152471279
2022-04-28 14:00:00+00:00,10061.356152471279
2022-04-28 15:00:00+00:00,10061.356152471279
2022-04-28 16:00:00+00:00,10120.143671052783
2022-04-28 17:00:00+00:00,10170.38430754243
2022-04-28 18:00:00+00:00,10170.38430754243
2022-04-28 19:00:00+00:00,10170.38430754243
2022-04-28 20:00:00+00:00,10170.38430754243
2022-04-28 21:00:00+00:00,10119.184633875084
2022-04-28 22:00:00+00:00,10119.184633875084
2022-04-28 23:00:00+00:00,10119.184633875084
2022-04-29 00:00:00+00:00,10119.184633875084
2022-04-29 02:00:00+00:00,10119.184633875084
2022-04-29 03:00:00+00:00,10119.184633875084
2022-04-29 04:00:00+00:00,10092.34639028072
2022-04-29 05:00:00+00:00,10092.34639028072
2022-04-29 06:00:00+00:00,10092.34639028072
2022-04-29 07:00:00+00:00,10092.34639028072
2022-04-29 08:00:00+00:00,10092.34639028072
2022-04-29 09:00:00+00:00,10092.34639028072
2022-04-29 10:00:00+00:00,10092.34639028072
2022-04-29 11:00:00+00:00,10092.34639028072
2022-04-29 12:00:00+00:00,10092.34639028072
2022-04-29 13:00:00+00:00,10041.707433991465
2022-04-29 14:00:00+00:00,10041.707433991465
2022-04-29 15:00:00+00:00,10041.707433991465
2022-04-29 16:00:00+00:00,10041.707433991465
2022-04-29 17:00:00+00:00,10041.707433991465
2022-04-29 18:00:00+00:00,9991.268088689485
2022-04-29 19:00:00+00:00,9991.268088689485
2022-04-29 20:00:00+00:00,9991.268088689485
2022-04-29 21:00:00+00:00,9991.268088689485
2022-04-29 22:00:00+00:00,9991.268088689485
2022-04-29 23:00:00+00:00,10036.636931895924
2022-04-30 00:00:00+00:00,10036.636931895924
2022-05-02 02:00:00+00:00,10036.636931895924
2022-05-02 03:00:00+00:00,10041.183108521003
2022-05-02 04:00:00+00:00,10041.183108521003
2022-05-02 05:00:00+00:00,10041.183108521003
2022-05-02 06:00:00+00:00,10041.183108521003
2022-05-02 07:00:00+00:00,10041.183108521003
2022-05-02 08:00:00+00:00,10041.183108521003
2022-05-02 09:00:00+00:00,10041.183108521003
2022-05-02 10:00:00+00:00,10041.183108521003
2022-05-02 11:00:00+00:00,10041.183108521003
2022-05-02 12:00:00+00:00,10041.183108521003
2022-05-02 13:00:00+00:00,10041.183108521003
2022-05-02 14:00:00+00:00,10041.183108521003
2022-05-02 15:00:00+00:00,10041.183108521003
2022-05-02 16:00:00+00:00,10041.183108521003
2022-05-02 17:00:00+00:00,10041.183108521003
2022-05-02 18:00:00+00:00,10041.183108521003
2022-05-02 19:00:00+00:00,10041.183108521003
2022-05-02 20:00:00+00:00,10041.183108521003
2022-05-02 21:00:00+00:00,10041.183108521003
2022-05-02 22:00:00+00:00,10041.183108521003
2022-05-02 23:00:00+00:00,10090.917869861512
2022-05-03 00:00:00+00:00,10039.823774783848
2022-05-03 02:00:00+00:00,10039.823774783848
2022-05-03 03:00:00+00:00,10039.823774783848
2022-05-03 04:00:00+00:00,10039.823774783848
2022-05-03 05:00:00+00:00,10039.823774783848
2022-05-03 06:00:00+00:00,10039.823774783848
2022-05-03 07:00:00+00:00,10039.823774783848
2022-05-03 08:00:00+00:00,9989.32021963468
2022-05-03 09:00:00+00:00,9989.32021963468
2022-05-03 10:00:00+00:00,9989.32021963468
2022-05-03 11:00:00+00:00,9989.32021963468
2022-05-03 12:00:00+00:00,9989.32021963468
2022-05-03 13:00:00+00:00,9989.32021963468
2022-05-03 14:00:00+00:00,9989.32021963468
2022-05-03 15:00:00+00:00,9939.08384454849
2022-05-03 16:00:00+00:00,9939.08384454849
2022-05-03 17:00:00+00:00,9939.08384454849
2022-05-03 18:00:00+00:00,9939.08384454849
2022-05-03 19:00:00+00:00,9939.08384454849
2022-05-03 20:00:00+00:00,9958.108968235963
2022-05-03 21:00:00+00:00,9958.108968235963
2022-05-03 22:00:00+00:00,9958.108968235963
2022-05-03 23:00:00+00:00,9958.108968235963
2022-05-04 00:00:00+00:00,9958.108968235963
2022-05-04 02:00:00+00:00,9958.108968235963
2022-05-04 03:00:00+00:00,9958.108968235963
2022-05-04 04:00:00+00:00,9958.108968235963
2022-05-04 05:00:00+00:00,9958.108968235963
2022-05-04 06:00:00+00:00,9958.108968235963
2022-05-04 07:00:00+00:00,9958.108968235963
2022-05-04 08:00:00+00:00,9958.108968235963
2022-05-04 09:00:00+00:00,9958.108968235963
2022-05-04 10:00:00+00:00,9958.108968235963
2022-05-04 11:00:00+00:00,9958.108968235963
2022-05-04 12:00:00+00:00,9958.108968235963
2022-05-04 13:00:00+00:00,9958.108968235963
2022-05-04 14:00:00+00:00,9958.108968235963
2022-05-04 15:00:00+00:00,9958.108968235963
2022-05-04 16:00:00+00:00,9993.562171560357
2022-05-04 17:00:00+00:00,9983.908051350521
2022-05-04 18:00:00+00:00,9983.908051350521
2022-05-04 19:00:00+00:00,9983.908051350521
2022-05-04 20:00:00+00:00,9989.545652061417
2022-05-04 21:00:00+00:00,9989.545652061417
2022-05-04 22:00:00+00:00,9989.545652061417
2022-05-04 23:00:00+00:00,9989.545652061417
2022-05-05 00:00:00+00:00,9989.545652061417
2022-05-05 02:00:00+00:00,9989.545652061417
2022-05-05 03:00:00+00:00,9989.545652061417
2022-05-05 04:00:00+00:00,9965.584093668473
2022-05-05 05:00:00+00:00,9965.584093668473
2022-05-05 06:00:00+00:00,9965.584093668473
2022-05-05 07:00:00+00:00,9952.700675320846
2022-05-05 08:00:00+00:00,9952.700675320846
2022-05-05 09:00:00+00:00,9952.700675320846
2022-05-05 10:00:00+00:00,9952.700675320846
2022-05-05 11:00:00+00:00,9952.700675320846
2022-05-05 12:00:00+00:00,9952.700675320846
2022-05-05 13:00:00+00:00,9952.700675320846
2022-05-05 14:00:00+00:00,9952.700675320846
2022-05-05 15:00:00+00:00,9952.700675320846
2022-05-05 16:00:00+00:00,9952.700675320846
2022-05-05 17:00:00+00:00,9952.700675320846
2022-05-05 18:00:00+00:00,9952.700675320846
2022-05-05 19:00:00+00:00,9952.700675320846
2022-05-05 20:00:00+00:00,9952.700675320846
2022-05-05 21:00:00+00:00,9952.700675320846
2022-05-05 22:00:00+00:00,9952.700675320846
2022-05-05 23:00:00+00:00,10027.113047008897
2022-05-06 00:00:00+00:00,10027.113047008897
2022-05-06 02:00:00+00:00,10027.113047008897
2022-05-06 03:00:00+00:00,10027.113047008897
2022-05-06 04:00:00+00:00,10027.113047008897
2022-05-06 05:00:00+00:00,10051.13170141958
2022-05-06 06:00:00+00:00,10051.13170141958
2022-05-06 07:00:00+00:00,10051.13170141958
2022-05-06 08:00:00+00:00,10051.13170141958
2022-05-06 09:00:00+00:00,10051.13170141958
2022-05-06 10:00:00+00:00,10051.13170141958
2022-05-06 11:00:00+00:00,10051.13170141958
2022-05-06 12:00:00+00:00,10051.13170141958
2022-05-06 13:00:00+00:00,10051.13170141958
2022-05-06 14:00:00+00:00,10051.13170141958
2022-05-06 15:00:00+00:00,10051.13170141958
2022-05-06 16:00:00+00:00,10051.13170141958
2022-05-06 17:00:00+00:00,10051.13170141958
2022-05-06 18:00:00+00:00,10051.13170141958
2022-05-06 19:00:00+00:00,10051.13170141958
2022-05-06 20:00:00+00:00,10051.13170141958
2022-05-06 21:00:00+00:00,10051.13170141958
2022-05-06 22:00:00+00:00,10051.13170141958
2022-05-06 23:00:00+00:00,10051.13170141958
2022-05-07 00:00:00+00:00,10051.13170141958
2022-05-09 02:00:00+00:00,10051.13170141958
2022-05-09 03:00:00+00:00,10051.13170141958
2022-05-09 04:00:00+00:00,10051.13170141958
2022-05-09 05:00:00+00:00,10051.13170141958
2022-05-09 06:00:00+00:00,10051.13170141958
2022-05-09 07:00:00+00:00,10051.13170141958
2022-05-09 08:00:00+00:00,10051.13170141958
2022-05-09 09:00:00+00:00,10051.13170141958
2022-05-09 10:00:00+00:00,10051.13170141958
2022-05-09 11:00:00+00:00,10051.13170141958
2022-05-09 12:00:00+00:00,10051.13170141958
2022-05-09 13:00:00+00:00,10051.13170141958
2022-05-09 14:00:00+00:00,10051.13170141958
2022-05-09 15:00:00+00:00,10051.13170141958
2022-05-09 16:00:00+00:00,10051.13170141958
2022-05-09 17:00:00+00:00,10051.13170141958
2022-05-09 18:00:00+00:00,10051.13170141958
2022-05-09 19:00:00+00:00,10051.13170141958
2022-05-09 20:00:00+00:00,10051.13170141958
2022-05-09 21:00:00+00:00,10051.13170141958
2022-05-09 22:00:00+00:00,10051.13170141958
2022-05-09 23:00:00+00:00,10051.13170141958
2022-05-10 00:00:00+00:00,10051.13170141958
2022-05-10 02:00:00+00:00,10000.662750594794
2022-05-10 03:00:00+00:00,10050.369083116306
2022-05-10 04:00:00+00:00,9999.86294379885
2022-05-10 05:00:00+00:00,9999.86294379885
2022-05-10 06:00:00+00:00,9999.86294379885
2022-05-10 07:00:00+00:00,9999.86294379885
2022-05-10 08:00:00+00:00,9999.86294379885
2022-05-10 09:00:00+00:00,9999.86294379885
2022-05-10 10:00:00+00:00,9999.86294379885
2022-05-10 11:00:00+00:00,9999.86294379885
2022-05-10 12:00:00+00:00,9999.86294379885
2022-05-10 13:00:00+00:00,9999.86294379885
2022-05-10 14:00:00+00:00,9999.86294379885
2022-05-10 15:00:00+00:00,9999.86294379885
2022-05-10 16:00:00+00:00,9999.86294379885
2022-05-10 17:00:00+00:00,9999.86294379885
2022-05-10 18:00:00+00:00,9999.86294379885
2022-05-10 19:00:00+00:00,9999.86294379885
2022-05-10 20:00:00+00:00,9999.86294379885
2022-05-10 21:00:00+00:00,9999.86294379885
2022-05-10 22:00:00+00:00,9999.86294379885
2022-05-10 23:00:00+00:00,10029.26321215814
2022-05-11 00:00:00+00:00,10029.26321215814
2022-05-11 02:00:00+00:00,10029.26321215814
2022-05-11 03:00:00+00:00,10029.26321215814
2022-05-11 04:00:00+00:00,10029.26321215814
2022-05-11 05:00:00+00:00,10029.26321215814
2022-05-11 06:00:00+00:00,10029.26321215814
2022-05-11 07:00:00+00:00,10078.959742181303
2022-05-11 08:00:00+00:00,10078.959742181303
2022-05-11 09:00:00+00:00,10078.959742181303
2022-05-11 10:00:00+00:00,10078.959742181303
2022-05-11 11:00:00+00:00,10078.959742181303
2022-05-11 12:00:00+00:00,10078.959742181303
2022-05-11 13:00:00+00:00,10078.959742181303
2022-05-11 14:00:00+00:00,10078.959742181303
2022-05-11 15:00:00+00:00,10104.20140533626
2022-05-11 16:00:00+00:00,10095.633906287665
2022-05-11 17:00:00+00:00,10095.633906287665
2022-05-11 18:00:00+00:00,10095.633906287665
2022-05-11 19:00:00+00:00,10095.633906287665
2022-05-11 20:00:00+00:00,10095.633906287665
2022-05-11 21:00:00+00:00,10116.721944623263
2022-05-11 22:00:00+00:00,10065.396552514327
2022-05-11 23:00:00+00:00,10115.274598216558
2022-05-12 00:00:00+00:00,10115.274598216558
2022-05-12 02:00:00+00:00,10115.274598216558
2022-05-12 03:00:00+00:00,10165.51829647087
2022-05-12 04:00:00+00:00,10165.51829647087
2022-05-12 05:00:00+00:00,10165.51829647087
2022-05-12 06:00:00+00:00,10165.51829647087
2022-05-12 07:00:00+00:00,10165.51829647087
2022-05-12 08:00:00+00:00,10165.51829647087
2022-05-12 09:00:00+00:00,10165.51829647087
2022-05-12 10:00:00+00:00,10165.51829647087
2022-05-12 11:00:00+00:00,10165.51829647087
2022-05-12 12:00:00+00:00,10165.51829647087
2022-05-12 13:00:00+00:00,10165.51829647087
2022-05-12 14:00:00+00:00,10165.51829647087
2022-05-12 15:00:00+00:00,10165.51829647087
2022-05-12 16:00:00+00:00,10182.529733471065
2022-05-12 17:00:00+00:00,10182.529733471065
2022-05-12 18:00:00+00:00,10182.529733471065
2022-05-12 19:00:00+00:00,10182.529733471065
2022-05-12 20:00:00+00:00,10182.529733471065
2022-05-12 21:00:00+00:00,10182.529733471065
2022-05-12 22:00:00+00:00,10255.79979392572
2022-05-12 23:00:00+00:00,10255.79979392572
2022-05-13 00:00:00+00:00,10255.79979392572
2022-05-13 02:00:00+00:00,10255.79979392572
2022-05-13 03:00:00+00:00,10255.79979392572
2022-05-13 04:00:00+00:00,10255.79979392572
2022-05-13 05:00:00+00:00,10306.70647992379
2022-05-13 06:00:00+00:00,10306.70647992379
2022-05-13 07:00:00+00:00,10254.876314974576
2022-05-13 08:00:00+00:00,10254.876314974576
2022-05-13 09:00:00+00:00,10254.876314974576
2022-05-13 10:00:00+00:00,10254.876314974576
2022-05-13 11:00:00+00:00,10203.32446614025
2022-05-13 12:00:00+00:00,10203.32446614025
2022-05-13 13:00:00+00:00,10203.32446614025
2022-05-13 14:00:00+00:00,10203.32446614025
2022-05-13 15:00:00+00:00,10203.32446614025
2022-05-13 16:00:00+00:00,10203.32446614025
2022-05-13 17:00:00+00:00,10203.32446614025
2022-05-13 18:00:00+00:00,10152.138955649627
2022-05-13 19:00:00+00:00,10101.118108028479
2022-05-13 20:00:00+00:00,10101.118108028479
2022-05-13 21:00:00+00:00,10101.118108028479
2022-05-13 22:00:00+00:00,10108.08715517858
2022-05-13 23:00:00+00:00,10183.78286434603
2022-05-14 00:00:00+00:00,10183.78286434603
2022-05-16 02:00:00+00:00,10183.78286434603
2022-05-16 03:00:00+00:00,10183.78286434603
2022-05-16 04:00:00+00:00,10183.78286434603
2022-05-16 05:00:00+00:00,10183.78286434603
2022-05-16 06:00:00+00:00,10208.969423763854
2022-05-16 07:00:00+00:00,10208.969423763854
2022-05-16 08:00:00+00:00,10208.969423763854
2022-05-16 09:00:00+00:00,10208.969423763854
2022-05-16 10:00:00+00:00,10208.969423763854
2022-05-16 11:00:00+00:00,10208.969423763854
2022-05-16 12:00:00+00:00,10208.969423763854
2022-05-16 13:00:00+00:00,10208.969423763854
2022-05-16 14:00:00+00:00,10208.969423763854
2022-05-16 15:00:00+00:00,10208.969423763854
2022-05-16 16:00:00+00:00,10208.969423763854
2022-05-16 17:00:00+00:00,10208.969423763854
2022-05-16 18:00:00+00:00,10208.969423763854
2022-05-16 19:00:00+00:00,10208.969423763854
2022-05-16 20:00:00+00:00,10208.969423763854
2022-05-16 21:00:00+00:00,10208.969423763854
2022-05-16 22:00:00+00:00,10208.969423763854
2022-05-16 23:00:00+00:00,10208.969423763854
2022-05-17 00:00:00+00:00,10208.969423763854
2022-05-17 02:00:00+00:00,10208.969423763854
2022-05-17 03:00:00+00:00,10208.969423763854
2022-05-17 04:00:00+00:00,10208.969423763854
2022-05-17 05:00:00+00:00,10208.969423763854
2022-05-17 06:00:00+00:00,10208.969423763854
2022-05-17 07:00:00+00:00,10208.969423763854
2022-05-17 08:00:00+00:00,10208.969423763854
2022-05-17 09:00:00+00:00,10208.969423763854
2022-05-17 10:00:00+00:00,10208.969423763854
2022-05-17 11:00:00+00:00,10208.969423763854
2022-05-17 12:00:00+00:00,10208.969423763854
2022-05-17 13:00:00+00:00,10208.969423763854
2022-05-17 14:00:00+00:00,10208.969423763854
2022-05-17 15:00:00+00:00,10208.969423763854
2022-05-17 16:00:00+00:00,10208.969423763854
2022-05-17 17:00:00+00:00,10208.969423763854
2022-05-17 18:00:00+00:00,10208.969423763854
2022-05-17 19:00:00+00:00,10208.969423763854
2022-05-17 20:00:00+00:00,10208.969423763854
2022-05-17 21:00:00+00:00,10208.969423763854
2022-05-17 22:00:00+00:00,10208.969423763854
2022-05-17 23:00:00+00:00,10208.969423763854
2022-05-18 00:00:00+00:00,10208.969423763854
2022-05-18 02:00:00+00:00,10208.969423763854
2022-05-18 03:00:00+00:00,10208.969423763854
2022-05-18 04:00:00+00:00,10208.969423763854
2022-05-18 05:00:00+00:00,10208.969423763854
2022-05-18 06:00:00+00:00,10208.969423763854
2022-05-18 07:00:00+00:00,10208.969423763854
2022-05-18 08:00:00+00:00,10208.969423763854
2022-05-18 09:00:00+00:00,10208.969423763854
2022-05-18 10:00:00+00:00,10208.969423763854
2022-05-18 11:00:00+00:00,10208.969423763854
2022-05-18 12:00:00+00:00,10208.969423763854
2022-05-18 13:00:00+00:00,10208.969423763854
2022-05-18 14:00:00+00:00,10208.969423763854
2022-05-18 15:00:00+00:00,10208.969423763854
2022-05-18 16:00:00+00:00,10208.969423763854
2022-05-18 17:00:00+00:00,10208.969423763854
2022-05-18 18:00:00+00:00,10208.969423763854
2022-05-18 19:00:00+00:00,10208.969423763854
2022-05-18 20:00:00+00:00,10208.969423763854
2022-05-18 21:00:00+00:00,10208.969423763854
2022-05-18 22:00:00+00:00,10208.969423763854
2022-05-18 23:00:00+00:00,10208.969423763854
2022-05-19 00:00:00+00:00,10208.969423763854
2022-05-19 02:00:00+00:00,10208.969423763854
2022-05-19 03:00:00+00:00,10208.969423763854
2022-05-19 04:00:00+00:00,10208.969423763854
2022-05-19 05:00:00+00:00,10208.969423763854
2022-05-19 06:00:00+00:00,10208.969423763854
2022-05-19 07:00:00+00:00,10208.969423763854
2022-05-19 08:00:00+00:00,10208.969423763854
2022-05-19 09:00:00+00:00,10208.969423763854
2022-05-19 10:00:00+00:00,10208.969423763854
2022-05-19 11:00:00+00:00,10157.817356788612
2022-05-19 12:00:00+00:00,10157.817356788612
2022-05-19 13:00:00+00:00,10157.817356788612
2022-05-19 14:00:00+00:00,10157.817356788612
2022-05-19 15:00:00+00:00,10179.519743114808
2022-05-19 16:00:00+00:00,10182.329877932843
2022-05-19 17:00:00+00:00,10182.329877932843
2022-05-19 18:00:00+00:00,10182.329877932843
2022-05-19 19:00:00+00:00,10182.329877932843
2022-05-19 20:00:00+00:00,10182.329877932843
2022-05-19 21:00:00+00:00,10130.903592150946
2022-05-19 22:00:00+00:00,10130.903592150946
2022-05-19 23:00:00+00:00,10130.903592150946
2022-05-20 00:00:00+00:00,10130.903592150946
2022-05-20 02:00:00+00:00,10130.903592150946
2022-05-20 03:00:00+00:00,10130.903592150946
2022-05-20 04:00:00+00:00,10140.81147221776
2022-05-20 05:00:00+00:00,10140.81147221776
2022-05-20 06:00:00+00:00,10140.81147221776
2022-05-20 07:00:00+00:00,10140.81147221776
2022-05-20 08:00:00+00:00,10140.81147221776
2022-05-20 09:00:00+00:00,10140.81147221776
2022-05-20 10:00:00+00:00,10140.81147221776
2022-05-20 11:00:00+00:00,10140.81147221776
2022-05-20 12:00:00+00:00,10140.81147221776
2022-05-20 13:00:00+00:00,10140.81147221776
2022-05-20 14:00:00+00:00,10140.81147221776
2022-05-20 15:00:00+00:00,10140.81147221776
2022-05-20 16:00:00+00:00,10140.81147221776
2022-05-20 17:00:00+00:00,10140.81147221776
2022-05-20 18:00:00+00:00,10140.81147221776
2022-05-20 19:00:00+00:00,10140.81147221776
2022-05-20 20:00:00+00:00,10140.81147221776
2022-05-20 21:00:00+00:00,10140.81147221776
2022-05-20 22:00:00+00:00,10140.81147221776
2022-05-20 23:00:00+00:00,10089.544523871093
2022-05-21 00:00:00+00:00,10089.544523871093
2022-05-23 02:00:00+00:00,10089.544523871093
2022-05-23 03:00:00+00:00,10124.503068434511
2022-05-23 04:00:00+00:00,10124.503068434511
2022-05-23 05:00:00+00:00,10124.503068434511
2022-05-23 06:00:00+00:00,10124.503068434511
2022-05-23 07:00:00+00:00,10124.503068434511
2022-05-23 08:00:00+00:00,10073.533079593934
2022-05-23 09:00:00+00:00,10073.533079593934
2022-05-23 10:00:00+00:00,10073.533079593934
2022-05-23 11:00:00+00:00,10073.533079593934
2022-05-23 12:00:00+00:00,10073.533079593934
2022-05-23 13:00:00+00:00,10022.82218985416
2022-05-23 14:00:00+00:00,10022.82218985416
2022-05-23 15:00:00+00:00,10022.82218985416
2022-05-23 16:00:00+00:00,10022.82218985416
2022-05-23 17:00:00+00:00,10022.82218985416
2022-05-23 18:00:00+00:00,10115.662452032508
2022-05-23 19:00:00+00:00,10165.934889489312
2022-05-23 20:00:00+00:00,10165.934889489312
2022-05-23 21:00:00+00:00,10165.934889489312
2022-05-23 22:00:00+00:00,10165.934889489312
2022-05-23 23:00:00+00:00,10165.934889489312
2022-05-24 00:00:00+00:00,10165.934889489312
2022-05-24 02:00:00+00:00,10114.676146879825
2022-05-24 03:00:00+00:00,10114.676146879825
2022-05-24 04:00:00+00:00,10114.676146879825
2022-05-24 05:00:00+00:00,10146.241889989155
2022-05-24 06:00:00+00:00,10146.241889989155
2022-05-24 07:00:00+00:00,10146.241889989155
2022-05-24 08:00:00+00:00,10196.673030475311
2022-05-24 09:00:00+00:00,10196.673030475311
2022-05-24 10:00:00+00:00,10196.673030475311
2022-05-24 11:00:00+00:00,10196.673030475311
2022-05-24 12:00:00+00:00,10196.673030475311
2022-05-24 13:00:00+00:00,10196.673030475311
2022-05-24 14:00:00+00:00,10196.673030475311
2022-05-24 15:00:00+00:00,10196.673030475311
2022-05-24 16:00:00+00:00,10192.46273813949
2022-05-24 17:00:00+00:00,10175.201900549593
2022-05-24 18:00:00+00:00,10175.201900549593
2022-05-24 19:00:00+00:00,10175.201900549593
2022-05-24 20:00:00+00:00,10175.201900549593
2022-05-24 21:00:00+00:00,10124.017930047403
2022-05-24 22:00:00+00:00,10124.017930047403
2022-05-24 23:00:00+00:00,10124.017930047403
2022-05-25 00:00:00+00:00,10124.017930047403
2022-05-25 02:00:00+00:00,10165.225111950984
2022-05-25 03:00:00+00:00,10165.225111950984
2022-05-25 04:00:00+00:00,10165.225111950984
2022-05-25 05:00:00+00:00,10165.225111950984
2022-05-25 06:00:00+00:00,10165.225111950984
2022-05-25 07:00:00+00:00,10165.225111950984
2022-05-25 08:00:00+00:00,10165.225111950984
2022-05-25 09:00:00+00:00,10165.225111950984
2022-05-25 10:00:00+00:00,10165.225111950984
2022-05-25 11:00:00+00:00,10165.225111950984
2022-05-25 12:00:00+00:00,10165.225111950984
2022-05-25 13:00:00+00:00,10165.225111950984
2022-05-25 14:00:00+00:00,10165.225111950984
2022-05-25 15:00:00+00:00,10165.225111950984
2022-05-25 16:00:00+00:00,10165.225111950984
2022-05-25 17:00:00+00:00,10165.225111950984
2022-05-25 18:00:00+00:00,10165.225111950984
2022-05-25 19:00:00+00:00,10165.225111950984
2022-05-25 20:00:00+00:00,10165.225111950984
2022-05-25 21:00:00+00:00,10165.225111950984
2022-05-25 22:00:00+00:00,10165.225111950984
2022-05-25 23:00:00+00:00,10114.085792266997
2022-05-26 00:00:00+00:00,10114.085792266997
2022-05-26 02:00:00+00:00,10114.085792266997
2022-05-26 03:00:00+00:00,10101.153590716516
2022-05-26 04:00:00+00:00,10101.153590716516
2022-05-26 05:00:00+00:00,10049.964850379103
2022-05-26 06:00:00+00:00,10049.964850379103
2022-05-26 07:00:00+00:00,10049.964850379103
2022-05-26 08:00:00+00:00,10046.151931531585
2022-05-26 09:00:00+00:00,10046.151931531585
2022-05-26 10:00:00+00:00,10046.151931531585
2022-05-26 11:00:00+00:00,9995.450237146932
2022-05-26 12:00:00+00:00,9995.450237146932
2022-05-26 13:00:00+00:00,9995.450237146932
2022-05-26 14:00:00+00:00,9995.450237146932
2022-05-26 15:00:00+00:00,9995.450237146932
2022-05-26 16:00:00+00:00,9995.450237146932
2022-05-26 17:00:00+00:00,10038.861736335226
2022-05-26 18:00:00+00:00,10018.999015388992
2022-05-26 19:00:00+00:00,9981.51606673293
2022-05-26 20:00:00+00:00,9981.51606673293
2022-05-26 21:00:00+00:00,9981.51606673293
2022-05-26 22:00:00+00:00,9981.51606673293
2022-05-26 23:00:00+00:00,9931.083292370504
2022-05-27 00:00:00+00:00,9931.083292370504
2022-05-27 02:00:00+00:00,9931.083292370504
2022-05-27 03:00:00+00:00,9931.083292370504
2022-05-27 04:00:00+00:00,9931.083292370504
2022-05-27 05:00:00+00:00,9976.241547220008
2022-05-27 06:00:00+00:00,9976.241547220008
2022-05-27 07:00:00+00:00,9976.241547220008
2022-05-27 08:00:00+00:00,9976.241547220008
2022-05-27 09:00:00+00:00,9976.241547220008
2022-05-27 10:00:00+00:00,9976.241547220008
2022-05-27 11:00:00+00:00,9976.241547220008
2022-05-27 12:00:00+00:00,9976.241547220008
2022-05-27 13:00:00+00:00,9976.241547220008
2022-05-27 14:00:00+00:00,9976.241547220008
2022-05-27 15:00:00+00:00,9976.241547220008
2022-05-27 16:00:00+00:00,9976.241547220008
2022-05-27 17:00:00+00:00,9976.241547220008
2022-05-27 18:00:00+00:00,9976.241547220008
2022-05-27 19:00:00+00:00,9976.241547220008
2022-05-27 20:00:00+00:00,9976.241547220008
2022-05-27 21:00:00+00:00,9976.241547220008
2022-05-27 22:00:00+00:00,9976.241547220008
2022-05-27 23:00:00+00:00,9976.241547220008
2022-05-28 00:00:00+00:00,9976.241547220008
2022-05-30 02:00:00+00:00,9976.241547220008
2022-05-30 03:00:00+00:00,9976.241547220008
2022-05-30 04:00:00+00:00,9976.241547220008
2022-05-30 05:00:00+00:00,9976.241547220008
2022-05-30 06:00:00+00:00,9976.241547220008
2022-05-30 07:00:00+00:00,9976.241547220008
2022-05-30 08:00:00+00:00,9926.09661989125
2022-05-30 09:00:00+00:00,9876.134091030824
2022-05-30 10:00:00+00:00,9876.134091030824
2022-05-30 11:00:00+00:00,9876.134091030824
2022-05-30 12:00:00+00:00,9876.134091030824
2022-05-30 13:00:00+00:00,9876.134091030824
2022-05-30 14:00:00+00:00,9876.134091030824
2022-05-30 15:00:00+00:00,9876.134091030824
2022-05-30 16:00:00+00:00,9876.134091030824
2022-05-30 17:00:00+00:00,9826.257980010816
2022-05-30 18:00:00+00:00,9826.257980010816
2022-05-30 19:00:00+00:00,9826.257980010816
2022-05-30 20:00:00+00:00,9874.870111814342
2022-05-30 21:00:00+00:00,9874.870111814342
2022-05-30 22:00:00+00:00,9874.870111814342
2022-05-30 23:00:00+00:00,9824.958845827983
2022-05-31 00:00:00+00:00,9824.958845827983
2022-05-31 02:00:00+00:00,9824.958845827983
2022-05-31 03:00:00+00:00,9824.958845827983
2022-05-31 04:00:00+00:00,9824.958845827983
2022-05-31 05:00:00+00:00,9814.267569242938
2022-05-31 06:00:00+00:00,9862.766477659234
2022-05-31 07:00:00+00:00,9862.766477659234
2022-05-31 08:00:00+00:00,9862.766477659234
2022-05-31 09:00:00+00:00,9862.766477659234
2022-05-31 10:00:00+00:00,9862.766477659234
2022-05-31 11:00:00+00:00,9862.766477659234
2022-05-31 12:00:00+00:00,9862.766477659234
2022-05-31 13:00:00+00:00,9862.766477659234
2022-05-31 14:00:00+00:00,9862.766477659234
2022-05-31 15:00:00+00:00,9862.767751886176
2022-05-31 16:00:00+00:00,9862.767751886176
2022-05-31 17:00:00+00:00,9885.177980837398
2022-05-31 18:00:00+00:00,9885.177980837398
2022-05-31 19:00:00+00:00,9885.177980837398
2022-05-31 20:00:00+00:00,9885.177980837398
2022-05-31 21:00:00+00:00,9885.177980837398
2022-05-31 22:00:00+00:00,9885.177980837398
2022-05-31 23:00:00+00:00,9878.35699033365
2022-06-01 00:00:00+00:00,9878.35699033365
2022-06-01 02:00:00+00:00,9878.35699033365
2022-06-01 03:00:00+00:00,9878.35699033365
2022-06-01 04:00:00+00:00,9878.35699033365
2022-06-01 05:00:00+00:00,9828.35406230848
2022-06-01 06:00:00+00:00,9926.248131611139
2022-06-01 07:00:00+00:00,9876.297372986142
2022-06-01 08:00:00+00:00,9876.297372986142
2022-06-01 09:00:00+00:00,9876.297372986142
2022-06-01 10:00:00+00:00,9876.297372986142
2022-06-01 11:00:00+00:00,9876.297372986142
2022-06-01 12:00:00+00:00,9876.297372986142
2022-06-01 13:00:00+00:00,9876.297372986142
2022-06-01 14:00:00+00:00,9876.297372986142
2022-06-01 15:00:00+00:00,9876.297372986142
2022-06-01 16:00:00+00:00,9876.297372986142
2022-06-01 17:00:00+00:00,9876.297372986142
2022-06-01 18:00:00+00:00,9876.297372986142
2022-06-01 19:00:00+00:00,9906.778082834506
2022-06-01 20:00:00+00:00,9876.556935705177
2022-06-01 21:00:00+00:00,9860.17340789241
2022-06-01 22:00:00+00:00,9860.17340789241
2022-06-01 23:00:00+00:00,9860.17340789241
2022-06-02 00:00:00+00:00,9860.17340789241
2022-06-02 02:00:00+00:00,9860.17340789241
2022-06-02 03:00:00+00:00,9860.17340789241
2022-06-02 04:00:00+00:00,9860.17340789241
2022-06-02 05:00:00+00:00,9860.17340789241
2022-06-02 06:00:00+00:00,9912.072966753636
2022-06-02 07:00:00+00:00,9912.072966753636
2022-06-02 08:00:00+00:00,9862.252222219438
2022-06-02 09:00:00+00:00,9862.252222219438
2022-06-02 10:00:00+00:00,9822.918737897098
2022-06-02 11:00:00+00:00,9822.918737897098
2022-06-02 12:00:00+00:00,9822.918737897098
2022-06-02 13:00:00+00:00,9822.918737897098
2022-06-02 14:00:00+00:00,9822.918737897098
2022-06-02 15:00:00+00:00,9822.918737897098
2022-06-02 16:00:00+00:00,9787.808670941942
2022-06-02 17:00:00+00:00,9787.808670941942
2022-06-02 18:00:00+00:00,9787.808670941942
2022-06-02 19:00:00+00:00,9885.393042191512
2022-06-02 20:00:00+00:00,9885.393042191512
2022-06-02 21:00:00+00:00,9885.393042191512
2022-06-02 22:00:00+00:00,9885.393042191512
2022-06-02 23:00:00+00:00,9863.601585484697
2022-06-03 00:00:00+00:00,9863.601585484697
2022-06-03 02:00:00+00:00,9863.601585484697
2022-06-03 03:00:00+00:00,9937.260423220072
2022-06-03 04:00:00+00:00,10036.499962118714
2022-06-03 05:00:00+00:00,10036.499962118714
2022-06-03 06:00:00+00:00,10036.499962118714
2022-06-03 07:00:00+00:00,9986.221539326247
2022-06-03 08:00:00+00:00,9986.221539326247
2022-06-03 09:00:00+00:00,9986.221539326247
2022-06-03 10:00:00+00:00,9986.221539326247
2022-06-03 11:00:00+00:00,9986.221539326247
2022-06-03 12:00:00+00:00,9986.221539326247
2022-06-03 13:00:00+00:00,9986.221539326247
2022-06-03 14:00:00+00:00,9986.221539326247
2022-06-03 15:00:00+00:00,9986.221539326247
2022-06-03 16:00:00+00:00,9983.896877630572
2022-06-03 17:00:00+00:00,9984.705568449775
2022-06-03 18:00:00+00:00,9984.705568449775
2022-06-03 19:00:00+00:00,9984.705568449775
2022-06-03 20:00:00+00:00,9984.705568449775
2022-06-03 21:00:00+00:00,9984.705568449775
2022-06-03 22:00:00+00:00,9984.705568449775
2022-06-03 23:00:00+00:00,9991.731960787776
2022-06-04 00:00:00+00:00,9984.30256082967
2022-06-06 02:00:00+00:00,9984.30256082967
2022-06-06 03:00:00+00:00,9984.30256082967
2022-06-06 04:00:00+00:00,9988.015286284244
2022-06-06 05:00:00+00:00,9988.015286284244
2022-06-06 06:00:00+00:00,9988.015286284244
2022-06-06 07:00:00+00:00,9988.015286284244
2022-06-06 08:00:00+00:00,9988.015286284244
2022-06-06 09:00:00+00:00,9988.015286284244
2022-06-06 10:00:00+00:00,9988.015286284244
2022-06-06 11:00:00+00:00,9988.015286284244
2022-06-06 12:00:00+00:00,9988.015286284244
2022-06-06 13:00:00+00:00,9988.015286284244
2022-06-06 14:00:00+00:00,9988.015286284244
2022-06-06 15:00:00+00:00,9988.015286284244
2022-06-06 16:00:00+00:00,9988.015286284244
2022-06-06 17:00:00+00:00,9988.015286284244
2022-06-06 18:00:00+00:00,9988.015286284244
2022-06-06 19:00:00+00:00,9988.015286284244
2022-06-06 20:00:00+00:00,9988.015286284244
2022-06-06 21:00:00+00:00,9937.91760167899
2022-06-06 22:00:00+00:00,9987.312127794623
2022-06-06 23:00:00+00:00,9987.312127794623
2022-06-07 00:00:00+00:00,9987.312127794623
2022-06-07 02:00:00+00:00,9978.902746124142
2022-06-07 03:00:00+00:00,9978.902746124142
2022-06-07 04:00:00+00:00,9978.902746124142
2022-06-07 05:00:00+00:00,9978.902746124142
2022-06-07 06:00:00+00:00,9978.902746124142
2022-06-07 07:00:00+00:00,9978.902746124142
2022-06-07 08:00:00+00:00,9978.902746124142
2022-06-07 09:00:00+00:00,9978.902746124142
2022-06-07 10:00:00+00:00,9978.902746124142
2022-06-07 11:00:00+00:00,9978.902746124142
2022-06-07 12:00:00+00:00,9978.902746124142
2022-06-07 13:00:00+00:00,9978.902746124142
2022-06-07 14:00:00+00:00,9978.902746124142
2022-06-07 15:00:00+00:00,9978.902746124142
2022-06-07 16:00:00+00:00,9991.780909839586
2022-06-07 17:00:00+00:00,9941.471804104523
2022-06-07 18:00:00+00:00,9990.85300094607
2022-06-07 19:00:00+00:00,9990.85300094607
2022-06-07 20:00:00+00:00,9990.85300094607
2022-06-07 21:00:00+00:00,9990.85300094607
2022-06-07 22:00:00+00:00,9990.85300094607
2022-06-07 23:00:00+00:00,9990.85300094607
2022-06-08 00:00:00+00:00,9940.601230699473
2022-06-08 02:00:00+00:00,9890.606387853062
2022-06-08 03:00:00+00:00,9890.606387853062
2022-06-08 04:00:00+00:00,9890.606387853062
2022-06-08 05:00:00+00:00,9851.46762467437
2022-06-08 06:00:00+00:00,9851.46762467437
2022-06-08 07:00:00+00:00,9838.560246640414
2022-06-08 08:00:00+00:00,9838.560246640414
2022-06-08 09:00:00+00:00,9838.560246640414
2022-06-08 10:00:00+00:00,9838.560246640414
2022-06-08 11:00:00+00:00,9838.560246640414
2022-06-08 12:00:00+00:00,9838.560246640414
2022-06-08 13:00:00+00:00,9838.560246640414
2022-06-08 14:00:00+00:00,9838.560246640414
2022-06-08 15:00:00+00:00,9838.560246640414
2022-06-08 16:00:00+00:00,9838.560246640414
2022-06-08 17:00:00+00:00,9801.56498395084
2022-06-08 18:00:00+00:00,9801.56498395084
2022-06-08 19:00:00+00:00,9801.56498395084
2022-06-08 20:00:00+00:00,9801.56498395084
2022-06-08 21:00:00+00:00,9801.56498395084
2022-06-08 22:00:00+00:00,9768.478898443453
2022-06-08 23:00:00+00:00,9768.478898443453
2022-06-09 00:00:00+00:00,9768.478898443453
2022-06-09 02:00:00+00:00,9768.478898443453
2022-06-09 03:00:00+00:00,9757.967282512347
2022-06-09 04:00:00+00:00,9757.967282512347
2022-06-09 05:00:00+00:00,9757.967282512347
2022-06-09 06:00:00+00:00,9757.967282512347
2022-06-09 07:00:00+00:00,9757.967282512347
2022-06-09 08:00:00+00:00,9757.967282512347
2022-06-09 09:00:00+00:00,9757.967282512347
2022-06-09 10:00:00+00:00,9757.967282512347
2022-06-09 11:00:00+00:00,9757.967282512347
2022-06-09 12:00:00+00:00,9757.967282512347
2022-06-09 13:00:00+00:00,9757.967282512347
2022-06-09 14:00:00+00:00,9757.967282512347
2022-06-09 15:00:00+00:00,9757.967282512347
2022-06-09 16:00:00+00:00,9757.967282512347
2022-06-09 17:00:00+00:00,9757.967282512347
2022-06-09 18:00:00+00:00,9708.857036063324
2022-06-09 19:00:00+00:00,9708.857036063324
2022-06-09 20:00:00+00:00,9708.857036063324
2022-06-09 21:00:00+00:00,9659.934191652828
2022-06-09 22:00:00+00:00,9659.934191652828
2022-06-09 23:00:00+00:00,9756.031199341554
2022-06-10 00:00:00+00:00,9756.031199341554
2022-06-10 02:00:00+00:00,9706.944887271276
2022-06-10 03:00:00+00:00,9706.944887271276
2022-06-10 04:00:00+00:00,9772.894096537719
2022-06-10 05:00:00+00:00,9772.894096537719
2022-06-10 06:00:00+00:00,9772.894096537719
2022-06-10 07:00:00+00:00,9772.894096537719
2022-06-10 08:00:00+00:00,9870.374953718598
2022-06-10 09:00:00+00:00,9870.374953718598
2022-06-10 10:00:00+00:00,9870.374953718598
2022-06-10 11:00:00+00:00,9870.374953718598
2022-06-10 12:00:00+00:00,9870.374953718598
2022-06-10 13:00:00+00:00,9870.374953718598
2022-06-10 14:00:00+00:00,9870.374953718598
2022-06-10 15:00:00+00:00,9870.374953718598
2022-06-10 16:00:00+00:00,9870.374953718598
2022-06-10 17:00:00+00:00,9870.374953718598
2022-06-10 18:00:00+00:00,9859.33356807207
2022-06-10 19:00:00+00:00,9859.33356807207
2022-06-10 20:00:00+00:00,9859.33356807207
2022-06-10 21:00:00+00:00,9859.33356807207
2022-06-10 22:00:00+00:00,9859.33356807207
2022-06-10 23:00:00+00:00,9859.33356807207
2022-06-11 00:00:00+00:00,9859.33356807207
2022-06-13 02:00:00+00:00,9859.33356807207
2022-06-13 03:00:00+00:00,9859.33356807207
2022-06-13 04:00:00+00:00,9859.33356807207
2022-06-13 05:00:00+00:00,9859.33356807207
2022-06-13 06:00:00+00:00,9859.33356807207
2022-06-13 07:00:00+00:00,9859.33356807207
2022-06-13 08:00:00+00:00,9932.917439033414
2022-06-13 09:00:00+00:00,9932.917439033414
2022-06-13 10:00:00+00:00,9932.917439033414
2022-06-13 11:00:00+00:00,9932.917439033414
2022-06-13 12:00:00+00:00,9932.917439033414
2022-06-13 13:00:00+00:00,9883.039155211864
2022-06-13 14:00:00+00:00,9883.039155211864
2022-06-13 15:00:00+00:00,9883.039155211864
2022-06-13 16:00:00+00:00,9883.039155211864
2022-06-13 17:00:00+00:00,9883.039155211864
2022-06-13 18:00:00+00:00,9883.039155211864
2022-06-13 19:00:00+00:00,9874.430224551948
2022-06-13 20:00:00+00:00,9872.315392501343
2022-06-13 21:00:00+00:00,9872.315392501343
2022-06-13 22:00:00+00:00,9872.315392501343
2022-06-13 23:00:00+00:00,9872.315392501343
2022-06-14 00:00:00+00:00,9872.315392501343
2022-06-14 02:00:00+00:00,9891.026269395306
2022-06-14 03:00:00+00:00,9891.026269395306
2022-06-14 04:00:00+00:00,9891.026269395306
2022-06-14 05:00:00+00:00,9891.026269395306
2022-06-14 06:00:00+00:00,9841.210992669521
2022-06-14 07:00:00+00:00,9841.210992669521
2022-06-14 08:00:00+00:00,9841.210992669521
2022-06-14 09:00:00+00:00,9841.210992669521
2022-06-14 10:00:00+00:00,9841.210992669521
2022-06-14 11:00:00+00:00,9841.210992669521
2022-06-14 12:00:00+00:00,9841.210992669521
2022-06-14 13:00:00+00:00,9841.210992669521
2022-06-14 14:00:00+00:00,9841.210992669521
2022-06-14 15:00:00+00:00,9841.210992669521
2022-06-14 16:00:00+00:00,9841.210992669521
2022-06-14 17:00:00+00:00,9852.920169064517
2022-06-14 18:00:00+00:00,9854.271280904974
2022-06-14 19:00:00+00:00,9854.271280904974
2022-06-14 20:00:00+00:00,9854.271280904974
2022-06-14 21:00:00+00:00,9854.271280904974
2022-06-14 22:00:00+00:00,9854.271280904974
2022-06-14 23:00:00+00:00,9854.271280904974
2022-06-15 00:00:00+00:00,9922.41941895072
2022-06-15 02:00:00+00:00,9922.41941895072
2022-06-15 03:00:00+00:00,9922.41941895072
2022-06-15 04:00:00+00:00,9969.116122035133
2022-06-15 05:00:00+00:00,9969.116122035133
2022-06-15 06:00:00+00:00,9969.116122035133
2022-06-15 07:00:00+00:00,9969.116122035133
2022-06-15 08:00:00+00:00,9969.116122035133
2022-06-15 09:00:00+00:00,9969.116122035133
2022-06-15 10:00:00+00:00,9969.116122035133
2022-06-15 11:00:00+00:00,9969.116122035133
2022-06-15 12:00:00+00:00,9969.116122035133
2022-06-15 13:00:00+00:00,9969.116122035133
2022-06-15 14:00:00+00:00,9969.116122035133
2022-06-15 15:00:00+00:00,9969.116122035133
2022-06-15 16:00:00+00:00,9969.116122035133
2022-06-15 17:00:00+00:00,9969.116122035133
2022-06-15 18:00:00+00:00,9969.116122035133
2022-06-15 19:00:00+00:00,10043.65293213291
2022-06-15 20:00:00+00:00,10043.65293213291
2022-06-15 21:00:00+00:00,10043.65293213291
2022-06-15 22:00:00+00:00,10023.084032699508
2022-06-15 23:00:00+00:00,10023.084032699508
2022-06-16 00:00:00+00:00,10023.084032699508
2022-06-16 02:00:00+00:00,10081.32448473348
2022-06-16 03:00:00+00:00,10081.32448473348
2022-06-16 04:00:00+00:00,10081.32448473348
2022-06-16 05:00:00+00:00,10081.32448473348
2022-06-16 06:00:00+00:00,10081.32448473348
2022-06-16 07:00:00+00:00,10081.32448473348
2022-06-16 08:00:00+00:00,10081.32448473348
2022-06-16 09:00:00+00:00,10081.32448473348
2022-06-16 10:00:00+00:00,10081.32448473348
2022-06-16 11:00:00+00:00,10030.691886588993
2022-06-16 12:00:00+00:00,10030.691886588993
2022-06-16 13:00:00+00:00,10030.691886588993
2022-06-16 14:00:00+00:00,10030.691886588993
2022-06-16 15:00:00+00:00,10030.691886588993
2022-06-16 16:00:00+00:00,10030.691886588993
2022-06-16 17:00:00+00:00,10030.691886588993
2022-06-16 18:00:00+00:00,10030.691886588993
2022-06-16 19:00:00+00:00,10037.494675464732
2022-06-16 20:00:00+00:00,10021.306990369352
2022-06-16 21:00:00+00:00,9970.62759821556
2022-06-16 22:00:00+00:00,9970.62759821556
2022-06-16 23:00:00+00:00,9970.62759821556
2022-06-17 00:00:00+00:00,9970.62759821556
2022-06-17 02:00:00+00:00,10025.079701215947
2022-06-17 03:00:00+00:00,9974.587167282982
2022-06-17 04:00:00+00:00,9924.377648437388
2022-06-17 05:00:00+00:00,9924.377648437388
2022-06-17 06:00:00+00:00,9909.146943855094
2022-06-17 07:00:00+00:00,9909.146943855094
2022-06-17 08:00:00+00:00,9909.146943855094
2022-06-17 09:00:00+00:00,9909.146943855094
2022-06-17 10:00:00+00:00,9909.146943855094
2022-06-17 11:00:00+00:00,9909.146943855094
2022-06-17 12:00:00+00:00,9909.146943855094
2022-06-17 13:00:00+00:00,9909.146943855094
2022-06-17 14:00:00+00:00,9909.146943855094
2022-06-17 15:00:00+00:00,9909.146943855094
2022-06-17 16:00:00+00:00,9909.146943855094
2022-06-17 17:00:00+00:00,9909.146943855094
2022-06-17 18:00:00+00:00,9909.146943855094
2022-06-17 19:00:00+00:00,9909.146943855094
2022-06-17 20:00:00+00:00,9909.146943855094
2022-06-17 21:00:00+00:00,9909.146943855094
2022-06-17 22:00:00+00:00,9909.146943855094
2022-06-17 23:00:00+00:00,10007.94259226037
2022-06-18 00:00:00+00:00,10007.94259226037
2022-06-20 02:00:00+00:00,10007.94259226037
2022-06-20 03:00:00+00:00,10007.94259226037
2022-06-20 04:00:00+00:00,10007.94259226037
2022-06-20 05:00:00+00:00,10007.94259226037
2022-06-20 06:00:00+00:00,9985.989372981809
2022-06-20 07:00:00+00:00,9985.989372981809
2022-06-20 08:00:00+00:00,9985.989372981809
2022-06-20 09:00:00+00:00,9985.989372981809
2022-06-20 10:00:00+00:00,9985.989372981809
2022-06-20 11:00:00+00:00,9985.989372981809
2022-06-20 12:00:00+00:00,9985.989372981809
2022-06-20 13:00:00+00:00,9985.989372981809
2022-06-20 14:00:00+00:00,9985.989372981809
2022-06-20 15:00:00+00:00,9985.989372981809
2022-06-20 16:00:00+00:00,9985.989372981809
2022-06-20 17:00:00+00:00,9985.989372981809
2022-06-20 18:00:00+00:00,9985.989372981809
2022-06-20 19:00:00+00:00,9985.989372981809
2022-06-20 20:00:00+00:00,9985.989372981809
2022-06-20 21:00:00+00:00,9985.989372981809
2022-06-20 22:00:00+00:00,9985.989372981809
2022-06-20 23:00:00+00:00,9985.989372981809
2022-06-21 00:00:00+00:00,9985.989372981809
2022-06-21 02:00:00+00:00,9985.989372981809
2022-06-21 03:00:00+00:00,9985.989372981809
2022-06-21 04:00:00+00:00,9985.989372981809
2022-06-21 05:00:00+00:00,9985.989372981809
2022-06-21 06:00:00+00:00,9985.989372981809
2022-06-21 07:00:00+00:00,9985.989372981809
2022-06-21 08:00:00+00:00,9985.989372981809
2022-06-21 09:00:00+00:00,9985.989372981809
2022-06-21 10:00:00+00:00,9985.989372981809
2022-06-21 11:00:00+00:00,9985.989372981809
2022-06-21 12:00:00+00:00,9985.989372981809
2022-06-21 13:00:00+00:00,9985.989372981809
2022-06-21 14:00:00+00:00,9985.989372981809
2022-06-21 15:00:00+00:00,9985.989372981809
2022-06-21 16:00:00+00:00,9935.870514040771
2022-06-21 17:00:00+00:00,9935.870514040771
2022-06-21 18:00:00+00:00,9935.870514040771
2022-06-21 19:00:00+00:00,9935.870514040771
2022-06-21 20:00:00+00:00,9935.870514040771
2022-06-21 21:00:00+00:00,9935.870514040771
2022-06-21 22:00:00+00:00,9935.870514040771
2022-06-21 23:00:00+00:00,9935.870514040771
2022-06-22 00:00:00+00:00,9935.870514040771
2022-06-22 02:00:00+00:00,9911.250743489467
2022-06-22 03:00:00+00:00,9911.250743489467
2022-06-22 04:00:00+00:00,9911.250743489467
2022-06-22 05:00:00+00:00,9911.250743489467
2022-06-22 06:00:00+00:00,9911.250743489467
2022-06-22 07:00:00+00:00,9911.250743489467
2022-06-22 08:00:00+00:00,9911.250743489467
2022-06-22 09:00:00+00:00,9960.288806315455
2022-06-22 10:00:00+00:00,9960.288806315455
2022-06-22 11:00:00+00:00,9960.288806315455
2022-06-22 12:00:00+00:00,9960.288806315455
2022-06-22 13:00:00+00:00,9960.288806315455
2022-06-22 14:00:00+00:00,9960.288806315455
2022-06-22 15:00:00+00:00,9960.288806315455
2022-06-22 16:00:00+00:00,9960.288806315455
2022-06-22 17:00:00+00:00,9997.499514346131
2022-06-22 18:00:00+00:00,9965.49090495441
2022-06-22 19:00:00+00:00,9965.49090495441
2022-06-22 20:00:00+00:00,9936.109522986499
2022-06-22 21:00:00+00:00,9936.109522986499
2022-06-22 22:00:00+00:00,9886.03918100336
2022-06-22 23:00:00+00:00,9886.03918100336
2022-06-23 00:00:00+00:00,9886.03918100336
2022-06-23 02:00:00+00:00,9930.298627170572
2022-06-23 03:00:00+00:00,9930.298627170572
2022-06-23 04:00:00+00:00,9930.298627170572
2022-06-23 05:00:00+00:00,9880.389422894665
2022-06-23 06:00:00+00:00,9880.389422894665
2022-06-23 07:00:00+00:00,9897.573327097092
2022-06-23 08:00:00+00:00,9897.573327097092
2022-06-23 09:00:00+00:00,9897.573327097092
2022-06-23 10:00:00+00:00,9897.573327097092
2022-06-23 11:00:00+00:00,9897.573327097092
2022-06-23 12:00:00+00:00,9897.573327097092
2022-06-23 13:00:00+00:00,9897.573327097092
2022-06-23 14:00:00+00:00,9897.573327097092
2022-06-23 15:00:00+00:00,9897.573327097092
2022-06-23 16:00:00+00:00,9897.573327097092
2022-06-23 17:00:00+00:00,9897.573327097092
2022-06-23 18:00:00+00:00,9897.573327097092
2022-06-23 19:00:00+00:00,9897.573327097092
2022-06-23 20:00:00+00:00,9847.772958078396
2022-06-23 21:00:00+00:00,9847.772958078396
2022-06-23 22:00:00+00:00,9847.772958078396
2022-06-23 23:00:00+00:00,9847.772958078396
2022-06-24 00:00:00+00:00,9798.192217428868
2022-06-24 02:00:00+00:00,9798.192217428868
2022-06-24 03:00:00+00:00,9798.192217428868
2022-06-24 04:00:00+00:00,9798.192217428868
2022-06-24 05:00:00+00:00,9798.192217428868
2022-06-24 06:00:00+00:00,9798.192217428868
2022-06-24 07:00:00+00:00,9798.192217428868
2022-06-24 08:00:00+00:00,9798.192217428868
2022-06-24 09:00:00+00:00,9748.98218506185
2022-06-24 10:00:00+00:00,9748.98218506185
2022-06-24 11:00:00+00:00,9748.98218506185
2022-06-24 12:00:00+00:00,9699.938701281244
2022-06-24 13:00:00+00:00,9699.938701281244
2022-06-24 14:00:00+00:00,9699.938701281244
2022-06-24 15:00:00+00:00,9699.938701281244
2022-06-24 16:00:00+00:00,9699.938701281244
2022-06-24 17:00:00+00:00,9699.938701281244
2022-06-24 18:00:00+00:00,9699.938701281244
2022-06-24 19:00:00+00:00,9699.938701281244
2022-06-24 20:00:00+00:00,9699.938701281244
2022-06-24 21:00:00+00:00,9668.806104473946
2022-06-24 22:00:00+00:00,9712.272307858624
2022-06-24 23:00:00+00:00,9712.272307858624
2022-06-25 00:00:00+00:00,9712.272307858624
2022-06-27 02:00:00+00:00,9712.272307858624
2022-06-27 03:00:00+00:00,9712.272307858624
2022-06-27 04:00:00+00:00,9763.896779941622
2022-06-27 05:00:00+00:00,9763.896779941622
2022-06-27 06:00:00+00:00,9763.896779941622
2022-06-27 07:00:00+00:00,9763.896779941622
2022-06-27 08:00:00+00:00,9763.896779941622
2022-06-27 09:00:00+00:00,9714.840667991757
2022-06-27 10:00:00+00:00,9714.840667991757
2022-06-27 11:00:00+00:00,9714.840667991757
2022-06-27 12:00:00+00:00,9714.840667991757
2022-06-27 13:00:00+00:00,9714.840667991757
2022-06-27 14:00:00+00:00,9714.840667991757
2022-06-27 15:00:00+00:00,9763.42683563151
2022-06-27 16:00:00+00:00,9743.928505085201
2022-06-27 17:00:00+00:00,9743.928505085201
2022-06-27 18:00:00+00:00,9743.928505085201
2022-06-27 19:00:00+00:00,9743.928505085201
2022-06-27 20:00:00+00:00,9743.928505085201
2022-06-27 21:00:00+00:00,9743.928505085201
2022-06-27 22:00:00+00:00,9743.928505085201
2022-06-27 23:00:00+00:00,9743.928505085201
2022-06-28 00:00:00+00:00,9743.928505085201
2022-06-28 02:00:00+00:00,9743.928505085201
2022-06-28 03:00:00+00:00,9766.397934269418
2022-06-28 04:00:00+00:00,9766.397934269418
2022-06-28 05:00:00+00:00,9766.397934269418
2022-06-28 06:00:00+00:00,9717.275763619531
2022-06-28 07:00:00+00:00,9717.275763619531
2022-06-28 08:00:00+00:00,9717.275763619531
2022-06-28 09:00:00+00:00,9717.275763619531
2022-06-28 10:00:00+00:00,9717.275763619531
2022-06-28 11:00:00+00:00,9717.275763619531
2022-06-28 12:00:00+00:00,9717.275763619531
2022-06-28 13:00:00+00:00,9717.275763619531
2022-06-28 14:00:00+00:00,9717.275763619531
2022-06-28 15:00:00+00:00,9717.275763619531
2022-06-28 16:00:00+00:00,9717.275763619531
2022-06-28 17:00:00+00:00,9718.886591586917
2022-06-28 18:00:00+00:00,9718.886591586917
2022-06-28 19:00:00+00:00,9718.886591586917
2022-06-28 20:00:00+00:00,9718.886591586917
2022-06-28 21:00:00+00:00,9793.999555428027
2022-06-28 22:00:00+00:00,9793.999555428027
2022-06-28 23:00:00+00:00,9793.999555428027
2022-06-29 00:00:00+00:00,9842.67734218852
2022-06-29 02:00:00+00:00,9842.67734218852
2022-06-29 03:00:00+00:00,9793.040914892246
2022-06-29 04:00:00+00:00,9793.040914892246
2022-06-29 05:00:00+00:00,9793.040914892246
2022-06-29 06:00:00+00:00,9793.040914892246
2022-06-29 07:00:00+00:00,9793.040914892246
2022-06-29 08:00:00+00:00,9793.040914892246
2022-06-29 09:00:00+00:00,9793.040914892246
2022-06-29 10:00:00+00:00,9743.865967700016
2022-06-29 11:00:00+00:00,9743.865967700016
2022-06-29 12:00:00+00:00,9743.865967700016
2022-06-29 13:00:00+00:00,9743.865967700016
2022-06-29 14:00:00+00:00,9743.865967700016
2022-06-29 15:00:00+00:00,9803.365845159931
2022-06-29 16:00:00+00:00,9804.271204075862
2022-06-29 17:00:00+00:00,9804.271204075862
2022-06-29 18:00:00+00:00,9804.271204075862
2022-06-29 19:00:00+00:00,9804.271204075862
2022-06-29 20:00:00+00:00,9804.271204075862
2022-06-29 21:00:00+00:00,9846.867852537116
2022-06-29 22:00:00+00:00,9846.867852537116
2022-06-29 23:00:00+00:00,9846.867852537116
2022-06-30 00:00:00+00:00,9846.867852537116
2022-06-30 02:00:00+00:00,9796.991859705391
2022-06-30 03:00:00+00:00,9747.526458536106
2022-06-30 04:00:00+00:00,9747.526458536106
2022-06-30 05:00:00+00:00,9747.526458536106
2022-06-30 06:00:00+00:00,9747.526458536106
2022-06-30 07:00:00+00:00,9747.526458536106
2022-06-30 08:00:00+00:00,9747.526458536106
2022-06-30 09:00:00+00:00,9747.526458536106
2022-06-30 10:00:00+00:00,9747.526458536106
2022-06-30 11:00:00+00:00,9747.526458536106
2022-06-30 12:00:00+00:00,9747.526458536106
2022-06-30 13:00:00+00:00,9747.526458536106
2022-06-30 14:00:00+00:00,9747.526458536106
2022-06-30 15:00:00+00:00,9747.526458536106
2022-06-30 16:00:00+00:00,9747.526458536106
2022-06-30 17:00:00+00:00,9698.447356818428
2022-06-30 18:00:00+00:00,9698.447356818428
2022-06-30 19:00:00+00:00,9698.447356818428
2022-06-30 20:00:00+00:00,9698.447356818428
2022-06-30 21:00:00+00:00,9649.587679192882
2022-06-30 22:00:00+00:00,9649.587679192882
2022-06-30 23:00:00+00:00,9649.587679192882
2022-07-01 00:00:00+00:00,9649.587679192882
2022-07-01 02:00:00+00:00,9649.587679192882
2022-07-01 03:00:00+00:00,9699.571662884024
2022-07-01 04:00:00+00:00,9699.571662884024
2022-07-01 05:00:00+00:00,9699.571662884024
2022-07-01 06:00:00+00:00,9699.571662884024
2022-07-01 07:00:00+00:00,9699.571662884024
2022-07-01 08:00:00+00:00,9699.571662884024
2022-07-01 09:00:00+00:00,9699.571662884024
2022-07-01 10:00:00+00:00,9650.721426511263
2022-07-01 11:00:00+00:00,9650.721426511263
2022-07-01 12:00:00+00:00,9650.721426511263
2022-07-01 13:00:00+00:00,9602.109998226086
2022-07-01 14:00:00+00:00,9602.109998226086
2022-07-01 15:00:00+00:00,9602.109998226086
2022-07-01 16:00:00+00:00,9602.109998226086
2022-07-01 17:00:00+00:00,9602.109998226086
2022-07-01 18:00:00+00:00,9602.109998226086
2022-07-01 19:00:00+00:00,9689.439356735165
2022-07-01 20:00:00+00:00,9689.439356735165
2022-07-01 21:00:00+00:00,9689.439356735165
2022-07-01 22:00:00+00:00,9689.439356735165
2022-07-01 23:00:00+00:00,9689.439356735165
2022-07-02 00:00:00+00:00,9689.439356735165
2022-07-04 02:00:00+00:00,9689.439356735165
2022-07-04 03:00:00+00:00,9689.439356735165
2022-07-04 04:00:00+00:00,9689.439356735165
2022-07-04 05:00:00+00:00,9689.439356735165
2022-07-04 06:00:00+00:00,9689.439356735165
2022-07-04 07:00:00+00:00,9689.439356735165
2022-07-04 08:00:00+00:00,9689.439356735165
2022-07-04 09:00:00+00:00,9689.439356735165
2022-07-04 10:00:00+00:00,9689.439356735165
2022-07-04 11:00:00+00:00,9689.439356735165
2022-07-04 12:00:00+00:00,9689.439356735165
2022-07-04 13:00:00+00:00,9689.439356735165
2022-07-04 14:00:00+00:00,9689.439356735165
2022-07-04 15:00:00+00:00,9737.527697487421
2022-07-04 16:00:00+00:00,9737.527697487421
2022-07-04 17:00:00+00:00,9737.527697487421
2022-07-04 18:00:00+00:00,9688.272374531025
2022-07-04 19:00:00+00:00,9688.272374531025
2022-07-04 20:00:00+00:00,9688.272374531025
2022-07-04 21:00:00+00:00,9688.272374531025
2022-07-04 22:00:00+00:00,9688.272374531025
2022-07-04 23:00:00+00:00,9731.531500899993
2022-07-05 00:00:00+00:00,9731.531500899993
2022-07-05 02:00:00+00:00,9731.531500899993
2022-07-05 03:00:00+00:00,9779.577467550904
2022-07-05 04:00:00+00:00,9827.80636974476
2022-07-05 05:00:00+00:00,9827.80636974476
2022-07-05 06:00:00+00:00,9827.80636974476
2022-07-05 07:00:00+00:00,9827.80636974476
2022-07-05 08:00:00+00:00,9827.80636974476
2022-07-05 09:00:00+00:00,9827.80636974476
2022-07-05 10:00:00+00:00,9827.80636974476
2022-07-05 11:00:00+00:00,9810.139093621208
2022-07-05 12:00:00+00:00,9810.139093621208
2022-07-05 13:00:00+00:00,9810.139093621208
2022-07-05 14:00:00+00:00,9810.139093621208
2022-07-05 15:00:00+00:00,9810.139093621208
2022-07-05 16:00:00+00:00,9810.139093621208
2022-07-05 17:00:00+00:00,9810.139093621208
2022-07-05 18:00:00+00:00,9810.139093621208
2022-07-05 19:00:00+00:00,9787.358965584099
2022-07-05 20:00:00+00:00,9738.09711833982
2022-07-05 21:00:00+00:00,9738.09711833982
2022-07-05 22:00:00+00:00,9738.09711833982
2022-07-05 23:00:00+00:00,9738.09711833982
2022-07-06 00:00:00+00:00,9786.369803524105
2022-07-06 02:00:00+00:00,9835.059318081969
2022-07-06 03:00:00+00:00,9835.059318081969
2022-07-06 04:00:00+00:00,9835.059318081969
2022-07-06 05:00:00+00:00,9839.211954610822
2022-07-06 06:00:00+00:00,9839.211954610822
2022-07-06 07:00:00+00:00,9839.211954610822
2022-07-06 08:00:00+00:00,9839.211954610822
2022-07-06 09:00:00+00:00,9839.211954610822
2022-07-06 10:00:00+00:00,9839.211954610822
2022-07-06 11:00:00+00:00,9839.211954610822
2022-07-06 12:00:00+00:00,9839.211954610822
2022-07-06 13:00:00+00:00,9839.211954610822
2022-07-06 14:00:00+00:00,9839.211954610822
2022-07-06 15:00:00+00:00,9839.211954610822
2022-07-06 16:00:00+00:00,9839.211954610822
2022-07-06 17:00:00+00:00,9839.211954610822
2022-07-06 18:00:00+00:00,9839.211954610822
2022-07-06 19:00:00+00:00,9839.211954610822
2022-07-06 20:00:00+00:00,9839.211954610822
2022-07-06 21:00:00+00:00,9839.211954610822
2022-07-06 22:00:00+00:00,9839.211954610822
2022-07-06 23:00:00+00:00,9839.211954610822
2022-07-07 00:00:00+00:00,9839.211954610822
2022-07-07 02:00:00+00:00,9839.211954610822
2022-07-07 03:00:00+00:00,9787.772307663603
2022-07-07 04:00:00+00:00,9787.772307663603
2022-07-07 05:00:00+00:00,9787.772307663603
2022-07-07 06:00:00+00:00,9784.224196404197
2022-07-07 07:00:00+00:00,9784.224196404197
2022-07-07 08:00:00+00:00,9784.224196404197
2022-07-07 09:00:00+00:00,9784.224196404197
2022-07-07 10:00:00+00:00,9832.864869796405
2022-07-07 11:00:00+00:00,9832.864869796405
2022-07-07 12:00:00+00:00,9832.864869796405
2022-07-07 13:00:00+00:00,9832.864869796405
2022-07-07 14:00:00+00:00,9832.864869796405
2022-07-07 15:00:00+00:00,9889.682257591012
2022-07-07 16:00:00+00:00,9889.682257591012
2022-07-07 17:00:00+00:00,9889.682257591012
2022-07-07 18:00:00+00:00,9889.682257591012
2022-07-07 19:00:00+00:00,9938.8215443931
2022-07-07 20:00:00+00:00,9938.8215443931
2022-07-07 21:00:00+00:00,9938.8215443931
2022-07-07 22:00:00+00:00,9888.681890019865
2022-07-07 23:00:00+00:00,9888.681890019865
2022-07-08 00:00:00+00:00,9888.681890019865
2022-07-08 02:00:00+00:00,9888.681890019865
2022-07-08 03:00:00+00:00,9888.681890019865
2022-07-08 04:00:00+00:00,9888.681890019865
2022-07-08 05:00:00+00:00,9883.444499114106
2022-07-08 06:00:00+00:00,9883.444499114106
2022-07-08 07:00:00+00:00,9883.444499114106
2022-07-08 08:00:00+00:00,9883.444499114106
2022-07-08 09:00:00+00:00,9833.837859234922
2022-07-08 10:00:00+00:00,9833.837859234922
2022-07-08 11:00:00+00:00,9833.837859234922
2022-07-08 12:00:00+00:00,9833.837859234922
2022-07-08 13:00:00+00:00,9827.211060179696
2022-07-08 14:00:00+00:00,9810.787077594385
2022-07-08 15:00:00+00:00,9810.787077594385
2022-07-08 16:00:00+00:00,9810.787077594385
2022-07-08 17:00:00+00:00,9810.787077594385
2022-07-08 18:00:00+00:00,9822.754845885807
2022-07-08 19:00:00+00:00,9822.754845885807
2022-07-08 20:00:00+00:00,9896.24442097849
2022-07-08 21:00:00+00:00,9896.24442097849
2022-07-08 22:00:00+00:00,9896.24442097849
2022-07-08 23:00:00+00:00,9896.24442097849
2022-07-09 00:00:00+00:00,9896.24442097849
2022-07-11 02:00:00+00:00,9896.24442097849
2022-07-11 03:00:00+00:00,9890.343940530889
2022-07-11 04:00:00+00:00,9890.343940530889
2022-07-11 05:00:00+00:00,9890.343940530889
2022-07-11 06:00:00+00:00,9890.343940530889
2022-07-11 07:00:00+00:00,9890.343940530889
2022-07-11 08:00:00+00:00,9890.343940530889
2022-07-11 09:00:00+00:00,9890.343940530889
2022-07-11 10:00:00+00:00,9840.50685596708
2022-07-11 11:00:00+00:00,9840.50685596708
2022-07-11 12:00:00+00:00,9840.50685596708
2022-07-11 13:00:00+00:00,9840.50685596708
2022-07-11 14:00:00+00:00,9840.50685596708
2022-07-11 15:00:00+00:00,9840.50685596708
2022-07-11 16:00:00+00:00,9840.50685596708
2022-07-11 17:00:00+00:00,9840.50685596708
2022-07-11 18:00:00+00:00,9856.05987434841
2022-07-11 19:00:00+00:00,9872.54348275501
2022-07-11 20:00:00+00:00,9872.54348275501
2022-07-11 21:00:00+00:00,9872.54348275501
2022-07-11 22:00:00+00:00,9872.54348275501
2022-07-11 23:00:00+00:00,9885.698481196338
2022-07-12 00:00:00+00:00,9852.958557051314
2022-07-12 02:00:00+00:00,9852.958557051314
2022-07-12 03:00:00+00:00,9887.041672985599
2022-07-12 04:00:00+00:00,9837.251310123938
2022-07-12 05:00:00+00:00,9837.251310123938
2022-07-12 06:00:00+00:00,9837.251310123938
2022-07-12 07:00:00+00:00,9808.659621856927
2022-07-12 08:00:00+00:00,9808.659621856927
2022-07-12 09:00:00+00:00,9808.659621856927
2022-07-12 10:00:00+00:00,9808.659621856927
2022-07-12 11:00:00+00:00,9808.659621856927
2022-07-12 12:00:00+00:00,9808.659621856927
2022-07-12 13:00:00+00:00,9857.218207182248
2022-07-12 14:00:00+00:00,9857.218207182248
2022-07-12 15:00:00+00:00,9857.218207182248
2022-07-12 16:00:00+00:00,9833.468920964411
2022-07-12 17:00:00+00:00,9833.468920964411
2022-07-12 18:00:00+00:00,9833.468920964411
2022-07-12 19:00:00+00:00,9833.468920964411
2022-07-12 20:00:00+00:00,9870.048975449037
2022-07-12 21:00:00+00:00,9870.048975449037
2022-07-12 22:00:00+00:00,9870.048975449037
2022-07-12 23:00:00+00:00,9870.048975449037
2022-07-13 00:00:00+00:00,9870.048975449037
2022-07-13 02:00:00+00:00,9870.048975449037
2022-07-13 03:00:00+00:00,9870.048975449037
2022-07-13 04:00:00+00:00,9852.067933833123
2022-07-13 05:00:00+00:00,9852.067933833123
2022-07-13 06:00:00+00:00,9852.067933833123
2022-07-13 07:00:00+00:00,9852.067933833123
2022-07-13 08:00:00+00:00,9852.067933833123
2022-07-13 09:00:00+00:00,9802.228229476144
2022-07-13 10:00:00+00:00,9802.228229476144
2022-07-13 11:00:00+00:00,9802.228229476144
2022-07-13 12:00:00+00:00,9752.817559581474
2022-07-13 13:00:00+00:00,9752.817559581474
2022-07-13 14:00:00+00:00,9752.817559581474
2022-07-13 15:00:00+00:00,9752.817559581474
2022-07-13 16:00:00+00:00,9703.652133611593
2022-07-13 17:00:00+00:00,9703.652133611593
2022-07-13 18:00:00+00:00,9703.652133611593
2022-07-13 19:00:00+00:00,9703.652133611593
2022-07-13 20:00:00+00:00,9703.652133611593
2022-07-13 21:00:00+00:00,9703.652133611593
2022-07-13 22:00:00+00:00,9654.720115970018
2022-07-13 23:00:00+00:00,9654.720115970018
2022-07-14 00:00:00+00:00,9654.720115970018
2022-07-14 02:00:00+00:00,9654.720115970018
2022-07-14 03:00:00+00:00,9654.720115970018
2022-07-14 04:00:00+00:00,9660.309244857013
2022-07-14 05:00:00+00:00,9708.128972126746
2022-07-14 06:00:00+00:00,9708.128972126746
2022-07-14 07:00:00+00:00,9708.128972126746
2022-07-14 08:00:00+00:00,9708.128972126746
2022-07-14 09:00:00+00:00,9708.128972126746
2022-07-14 10:00:00+00:00,9708.128972126746
2022-07-14 11:00:00+00:00,9708.128972126746
2022-07-14 12:00:00+00:00,9708.128972126746
2022-07-14 13:00:00+00:00,9708.128972126746
2022-07-14 14:00:00+00:00,9708.128972126746
2022-07-14 15:00:00+00:00,9708.128972126746
2022-07-14 16:00:00+00:00,9708.128972126746
2022-07-14 17:00:00+00:00,9708.128972126746
2022-07-14 18:00:00+00:00,9708.128972126746
2022-07-14 19:00:00+00:00,9708.128972126746
2022-07-14 20:00:00+00:00,9708.128972126746
2022-07-14 21:00:00+00:00,9708.128972126746
2022-07-14 22:00:00+00:00,9708.128972126746
2022-07-14 23:00:00+00:00,9659.355592013566
2022-07-15 00:00:00+00:00,9659.355592013566
2022-07-15 02:00:00+00:00,9659.355592013566
2022-07-15 03:00:00+00:00,9617.829578944235
2022-07-15 04:00:00+00:00,9617.829578944235
2022-07-15 05:00:00+00:00,9617.829578944235
2022-07-15 06:00:00+00:00,9569.516326737037
2022-07-15 07:00:00+00:00,9569.516326737037
2022-07-15 08:00:00+00:00,9569.516326737037
2022-07-15 09:00:00+00:00,9569.516326737037
2022-07-15 10:00:00+00:00,9569.516326737037
2022-07-15 11:00:00+00:00,9569.516326737037
2022-07-15 12:00:00+00:00,9569.516326737037
2022-07-15 13:00:00+00:00,9569.516326737037
2022-07-15 14:00:00+00:00,9569.516326737037
2022-07-15 15:00:00+00:00,9572.378829361252
2022-07-15 16:00:00+00:00,9564.128606773042
2022-07-15 17:00:00+00:00,9564.128606773042
2022-07-15 18:00:00+00:00,9564.128606773042
2022-07-15 19:00:00+00:00,9564.128606773042
2022-07-15 20:00:00+00:00,9515.893580187714
2022-07-15 21:00:00+00:00,9515.893580187714
2022-07-15 22:00:00+00:00,9467.876527205182
2022-07-15 23:00:00+00:00,9467.876527205182
2022-07-16 00:00:00+00:00,9467.876527205182
2022-07-18 02:00:00+00:00,9467.876527205182
2022-07-18 03:00:00+00:00,9467.876527205182
2022-07-18 04:00:00+00:00,9505.327180499877
2022-07-18 05:00:00+00:00,9505.327180499877
2022-07-18 06:00:00+00:00,9505.327180499877
2022-07-18 07:00:00+00:00,9505.327180499877
2022-07-18 08:00:00+00:00,9505.327180499877
2022-07-18 09:00:00+00:00,9505.327180499877
2022-07-18 10:00:00+00:00,9505.327180499877
2022-07-18 11:00:00+00:00,9505.327180499877
2022-07-18 12:00:00+00:00,9505.327180499877
2022-07-18 13:00:00+00:00,9505.327180499877
2022-07-18 14:00:00+00:00,9522.167583213546
2022-07-18 15:00:00+00:00,9505.57794302906
2022-07-18 16:00:00+00:00,9505.57794302906
2022-07-18 17:00:00+00:00,9505.57794302906
2022-07-18 18:00:00+00:00,9505.57794302906
2022-07-18 19:00:00+00:00,9505.57794302906
2022-07-25 07:00:00+00:00,9505.57794302906
2022-07-25 08:00:00+00:00,9505.57794302906
2022-07-25 09:00:00+00:00,9505.57794302906
2022-07-25 10:00:00+00:00,9505.57794302906
2022-07-25 11:00:00+00:00,9505.57794302906
2022-07-25 12:00:00+00:00,9505.57794302906
2022-07-25 13:00:00+00:00,9561.42862203886
2022-07-25 14:00:00+00:00,9561.42862203886
2022-07-25 15:00:00+00:00,9561.42862203886
2022-07-25 16:00:00+00:00,9561.42862203886
2022-07-25 17:00:00+00:00,9561.42862203886
2022-07-25 18:00:00+00:00,9561.42862203886
2022-07-25 19:00:00+00:00,9561.42862203886
2022-07-25 20:00:00+00:00,9550.468083600937
2022-07-25 21:00:00+00:00,9562.646793126016
2022-07-25 22:00:00+00:00,9562.646793126016
2022-07-25 23:00:00+00:00,9562.646793126016
2022-07-26 00:00:00+00:00,9549.45372681648
2022-07-26 02:00:00+00:00,9533.244340270008
2022-07-26 03:00:00+00:00,9533.244340270008
2022-07-26 04:00:00+00:00,9558.746600564544
2022-07-26 05:00:00+00:00,9540.380629714233
2022-07-26 06:00:00+00:00,9540.380629714233
2022-07-26 07:00:00+00:00,9540.380629714233
2022-07-26 08:00:00+00:00,9540.380629714233
2022-07-26 09:00:00+00:00,9540.380629714233
2022-07-26 10:00:00+00:00,9540.380629714233
2022-07-26 11:00:00+00:00,9492.194783644927
2022-07-26 12:00:00+00:00,9492.194783644927
2022-07-26 13:00:00+00:00,9492.194783644927
2022-07-26 14:00:00+00:00,9492.194783644927
2022-07-26 15:00:00+00:00,9539.149646161542
2022-07-26 16:00:00+00:00,9539.149646161542
2022-07-26 17:00:00+00:00,9539.149646161542
2022-07-26 18:00:00+00:00,9539.149646161542
2022-07-26 19:00:00+00:00,9539.149646161542
2022-07-26 20:00:00+00:00,9539.149646161542
2022-07-26 21:00:00+00:00,9539.149646161542
2022-07-26 22:00:00+00:00,9539.149646161542
2022-07-26 23:00:00+00:00,9539.149646161542
2022-07-27 00:00:00+00:00,9539.149646161542
2022-07-27 02:00:00+00:00,9539.149646161542
2022-07-27 03:00:00+00:00,9539.149646161542
2022-07-27 04:00:00+00:00,9490.94496632419
2022-07-27 05:00:00+00:00,9490.94496632419
2022-07-27 06:00:00+00:00,9490.94496632419
2022-07-27 07:00:00+00:00,9490.94496632419
2022-07-27 08:00:00+00:00,9490.94496632419
2022-07-27 09:00:00+00:00,9490.94496632419
2022-07-27 10:00:00+00:00,9490.94496632419
2022-07-27 11:00:00+00:00,9490.94496632419
2022-07-27 12:00:00+00:00,9490.94496632419
2022-07-27 13:00:00+00:00,9490.94496632419
2022-07-27 14:00:00+00:00,9538.099313990058
2022-07-27 15:00:00+00:00,9538.099313990058
2022-07-27 16:00:00+00:00,9538.099313990058
2022-07-27 17:00:00+00:00,9538.099313990058
2022-07-27 18:00:00+00:00,9538.099313990058
2022-07-27 19:00:00+00:00,9538.099313990058
2022-07-27 20:00:00+00:00,9538.099313990058
2022-07-27 21:00:00+00:00,9538.099313990058
2022-07-27 22:00:00+00:00,9538.099313990058
2022-07-27 23:00:00+00:00,9538.099313990058
2022-07-28 00:00:00+00:00,9538.099313990058
2022-07-28 02:00:00+00:00,9538.099313990058
2022-07-28 03:00:00+00:00,9538.099313990058
2022-07-28 04:00:00+00:00,9538.099313990058
2022-07-28 05:00:00+00:00,9538.099313990058
2022-07-28 06:00:00+00:00,9538.099313990058
2022-07-28 07:00:00+00:00,9538.099313990058
2022-07-28 08:00:00+00:00,9538.099313990058
2022-07-28 09:00:00+00:00,9490.117533950075
2022-07-28 10:00:00+00:00,9490.117533950075
2022-07-28 11:00:00+00:00,9490.117533950075
2022-07-28 12:00:00+00:00,9490.117533950075
2022-07-28 13:00:00+00:00,9490.117533950075
2022-07-28 14:00:00+00:00,9537.108611330359
2022-07-28 15:00:00+00:00,9537.108611330359
2022-07-28 16:00:00+00:00,9537.108611330359
2022-07-28 17:00:00+00:00,9537.108611330359
2022-07-28 18:00:00+00:00,9537.108611330359
2022-07-28 19:00:00+00:00,9537.108611330359
2022-07-28 20:00:00+00:00,9537.108611330359
2022-07-28 21:00:00+00:00,9537.108611330359
2022-07-28 22:00:00+00:00,9537.108611330359
2022-07-28 23:00:00+00:00,9537.108611330359
2022-07-29 00:00:00+00:00,9537.108611330359
2022-07-29 02:00:00+00:00,9537.108611330359
2022-07-29 03:00:00+00:00,9489.109764212259
2022-07-29 04:00:00+00:00,9489.109764212259
2022-07-29 05:00:00+00:00,9489.109764212259
2022-07-29 06:00:00+00:00,9489.109764212259
2022-07-29 07:00:00+00:00,9467.002194277975
2022-07-29 08:00:00+00:00,9467.002194277975
2022-07-29 09:00:00+00:00,9467.002194277975
2022-07-29 10:00:00+00:00,9467.002194277975
2022-07-29 11:00:00+00:00,9419.259324977606
2022-07-29 12:00:00+00:00,9419.259324977606
2022-07-29 13:00:00+00:00,9419.259324977606
2022-07-29 14:00:00+00:00,9419.259324977606
2022-07-29 15:00:00+00:00,9419.259324977606
2022-07-29 16:00:00+00:00,9419.259324977606
2022-07-29 17:00:00+00:00,9419.259324977606
2022-07-29 18:00:00+00:00,9419.259324977606
2022-07-29 19:00:00+00:00,9419.259324977606
2022-07-29 20:00:00+00:00,9419.259324977606
2022-07-29 21:00:00+00:00,9419.259324977606
2022-07-29 22:00:00+00:00,9419.259324977606
2022-07-29 23:00:00+00:00,9419.259324977606
2022-07-30 00:00:00+00:00,9371.915150989542
2022-08-01 02:00:00+00:00,9371.915150989542
2022-08-01 03:00:00+00:00,9371.915150989542
2022-08-01 04:00:00+00:00,9371.915150989542
2022-08-01 05:00:00+00:00,9371.915150989542
2022-08-01 06:00:00+00:00,9371.915150989542
2022-08-01 07:00:00+00:00,9371.915150989542
2022-08-01 08:00:00+00:00,9320.066940185254
2022-08-01 09:00:00+00:00,9320.066940185254
2022-08-01 10:00:00+00:00,9320.066940185254
2022-08-01 11:00:00+00:00,9320.066940185254
2022-08-01 12:00:00+00:00,9320.066940185254
2022-08-01 13:00:00+00:00,9306.64295329375
2022-08-01 14:00:00+00:00,9306.64295329375
2022-08-01 15:00:00+00:00,9306.64295329375
2022-08-01 16:00:00+00:00,9306.64295329375
2022-08-01 17:00:00+00:00,9306.64295329375
2022-08-01 18:00:00+00:00,9306.64295329375
2022-08-01 19:00:00+00:00,9306.64295329375
2022-08-01 20:00:00+00:00,9259.92671860374
2022-08-01 21:00:00+00:00,9259.92671860374
2022-08-01 22:00:00+00:00,9259.92671860374
2022-08-01 23:00:00+00:00,9259.92671860374
2022-08-02 00:00:00+00:00,9259.92671860374
2022-08-02 02:00:00+00:00,9270.133596939862
2022-08-02 03:00:00+00:00,9254.997255410437
2022-08-02 04:00:00+00:00,9254.997255410437
2022-08-02 05:00:00+00:00,9266.92366579307
2022-08-02 06:00:00+00:00,9296.309318089721
2022-08-02 07:00:00+00:00,9289.97259354789
2022-08-02 08:00:00+00:00,9289.97259354789
2022-08-02 09:00:00+00:00,9243.008794733756
2022-08-02 10:00:00+00:00,9196.310034210115
2022-08-02 11:00:00+00:00,9196.310034210115
2022-08-02 12:00:00+00:00,9196.310034210115
2022-08-02 13:00:00+00:00,9196.310034210115
2022-08-02 14:00:00+00:00,9196.310034210115
2022-08-02 15:00:00+00:00,9196.310034210115
2022-08-02 16:00:00+00:00,9213.528122714157
2022-08-02 17:00:00+00:00,9224.336339995243
2022-08-02 18:00:00+00:00,9224.336339995243
2022-08-02 19:00:00+00:00,9224.336339995243
2022-08-02 20:00:00+00:00,9224.336339995243
2022-08-02 21:00:00+00:00,9224.336339995243
2022-08-02 22:00:00+00:00,9224.336339995243
2022-08-02 23:00:00+00:00,9224.336339995243
2022-08-03 00:00:00+00:00,9224.336339995243
2022-08-03 02:00:00+00:00,9224.336339995243
2022-08-03 03:00:00+00:00,9224.336339995243
2022-08-03 04:00:00+00:00,9224.336339995243
2022-08-03 05:00:00+00:00,9224.336339995243
2022-08-03 06:00:00+00:00,9224.336339995243
2022-08-03 07:00:00+00:00,9224.336339995243
2022-08-03 08:00:00+00:00,9224.336339995243
2022-08-03 09:00:00+00:00,9224.336339995243
2022-08-03 10:00:00+00:00,9177.991796712455
2022-08-03 11:00:00+00:00,9177.991796712455
2022-08-03 12:00:00+00:00,9177.991796712455
2022-08-03 13:00:00+00:00,9177.991796712455
2022-08-03 14:00:00+00:00,9177.991796712455
2022-08-03 15:00:00+00:00,9177.991796712455
2022-08-03 16:00:00+00:00,9177.991796712455
2022-08-03 17:00:00+00:00,9177.991796712455
2022-08-03 18:00:00+00:00,9131.79378009004
2022-08-03 19:00:00+00:00,9131.79378009004
2022-08-03 20:00:00+00:00,9131.79378009004
2022-08-03 21:00:00+00:00,9131.79378009004
2022-08-03 22:00:00+00:00,9131.79378009004
2022-08-03 23:00:00+00:00,9131.79378009004
2022-08-04 00:00:00+00:00,9131.79378009004
2022-08-04 02:00:00+00:00,9131.79378009004
2022-08-04 03:00:00+00:00,9131.79378009004
2022-08-04 04:00:00+00:00,9131.79378009004
2022-08-04 05:00:00+00:00,9131.79378009004
2022-08-04 06:00:00+00:00,9131.79378009004
2022-08-04 07:00:00+00:00,9131.79378009004
2022-08-04 08:00:00+00:00,9131.79378009004
2022-08-04 09:00:00+00:00,9146.498343410853
2022-08-04 10:00:00+00:00,9136.973636211971
2022-08-04 11:00:00+00:00,9135.890421155585
2022-08-04 12:00:00+00:00,9135.890421155585
2022-08-04 13:00:00+00:00,9135.890421155585
2022-08-04 14:00:00+00:00,9135.890421155585
2022-08-04 15:00:00+00:00,9135.890421155585
2022-08-04 16:00:00+00:00,9153.35902465301
2022-08-04 17:00:00+00:00,9153.35902465301
2022-08-04 18:00:00+00:00,9169.003454981128
2022-08-04 19:00:00+00:00,9175.884816158981
2022-08-04 20:00:00+00:00,9172.064057630081
2022-08-04 21:00:00+00:00,9172.064057630081
2022-08-04 22:00:00+00:00,9172.064057630081
2022-08-04 23:00:00+00:00,9172.064057630081
2022-08-05 00:00:00+00:00,9171.13320335801
2022-08-05 02:00:00+00:00,9171.13320335801
2022-08-05 03:00:00+00:00,9171.13320335801
2022-08-05 04:00:00+00:00,9171.13320335801
2022-08-05 05:00:00+00:00,9171.13320335801
2022-08-05 06:00:00+00:00,9184.199678856097
2022-08-05 07:00:00+00:00,9184.199678856097
2022-08-05 08:00:00+00:00,9184.199678856097
2022-08-05 09:00:00+00:00,9229.700630458492
2022-08-05 10:00:00+00:00,9229.700630458492
2022-08-05 11:00:00+00:00,9229.700630458492
2022-08-05 12:00:00+00:00,9229.700630458492
2022-08-05 13:00:00+00:00,9259.842318743149
2022-08-05 14:00:00+00:00,9253.285748160946
2022-08-05 15:00:00+00:00,9253.285748160946
2022-08-05 16:00:00+00:00,9253.285748160946
2022-08-05 17:00:00+00:00,9253.285748160946
2022-08-05 18:00:00+00:00,9253.285748160946
2022-08-05 19:00:00+00:00,9253.285748160946
2022-08-05 20:00:00+00:00,9206.768444968293
2022-08-05 21:00:00+00:00,9206.768444968293
2022-08-05 22:00:00+00:00,9206.768444968293
2022-08-05 23:00:00+00:00,9206.768444968293
2022-08-06 00:00:00+00:00,9206.768444968293
2022-08-08 02:00:00+00:00,9206.768444968293
2022-08-08 03:00:00+00:00,9206.768444968293
2022-08-08 04:00:00+00:00,9206.768444968293
2022-08-08 05:00:00+00:00,9206.768444968293
2022-08-08 06:00:00+00:00,9205.7970679283
2022-08-08 07:00:00+00:00,9201.164251594895
2022-08-08 08:00:00+00:00,9201.164251594895
2022-08-08 09:00:00+00:00,9201.164251594895
2022-08-08 10:00:00+00:00,9173.13589135313
2022-08-08 11:00:00+00:00,9173.13589135313
2022-08-08 12:00:00+00:00,9173.13589135313
2022-08-08 13:00:00+00:00,9173.13589135313
2022-08-08 14:00:00+00:00,9173.13589135313
2022-08-08 15:00:00+00:00,9173.13589135313
2022-08-08 16:00:00+00:00,9173.13589135313
2022-08-08 17:00:00+00:00,9173.13589135313
2022-08-08 18:00:00+00:00,9173.13589135313
2022-08-08 19:00:00+00:00,9173.13589135313
2022-08-08 20:00:00+00:00,9173.13589135313
2022-08-08 21:00:00+00:00,9173.13589135313
2022-08-08 22:00:00+00:00,9173.13589135313
2022-08-08 23:00:00+00:00,9173.13589135313
2022-08-09 00:00:00+00:00,9173.13589135313
2022-08-09 02:00:00+00:00,9173.13589135313
2022-08-09 03:00:00+00:00,9173.13589135313
2022-08-09 04:00:00+00:00,9173.13589135313
2022-08-09 05:00:00+00:00,9173.13589135313
2022-08-09 06:00:00+00:00,9173.13589135313
2022-08-09 07:00:00+00:00,9173.13589135313
2022-08-09 08:00:00+00:00,9173.13589135313
2022-08-09 09:00:00+00:00,9173.13589135313
2022-08-09 10:00:00+00:00,9173.13589135313
2022-08-09 11:00:00+00:00,9173.13589135313
2022-08-09 12:00:00+00:00,9173.13589135313
2022-08-09 13:00:00+00:00,9173.13589135313
2022-08-09 14:00:00+00:00,9173.13589135313
2022-08-09 15:00:00+00:00,9241.678372658742
2022-08-09 16:00:00+00:00,9241.678372658742
2022-08-09 17:00:00+00:00,9195.289559118071
2022-08-09 18:00:00+00:00,9149.184220810921
2022-08-09 19:00:00+00:00,9149.184220810921
2022-08-09 20:00:00+00:00,9149.184220810921
2022-08-09 21:00:00+00:00,9149.184220810921
2022-08-09 22:00:00+00:00,9149.184220810921
2022-08-09 23:00:00+00:00,9149.184220810921
2022-08-10 00:00:00+00:00,9149.184220810921
2022-08-10 02:00:00+00:00,9149.184220810921
2022-08-10 03:00:00+00:00,9149.184220810921
2022-08-10 04:00:00+00:00,9149.184220810921
2022-08-10 05:00:00+00:00,9158.316581450163
2022-08-10 06:00:00+00:00,9160.65931944184
2022-08-10 07:00:00+00:00,9160.65931944184
2022-08-10 08:00:00+00:00,9170.53598283845
2022-08-10 09:00:00+00:00,9174.324199279194
2022-08-10 10:00:00+00:00,9174.324199279194
2022-08-10 11:00:00+00:00,9209.380671109171
2022-08-10 12:00:00+00:00,9209.380671109171
2022-08-10 13:00:00+00:00,9209.380671109171
2022-08-10 14:00:00+00:00,9209.380671109171
2022-08-10 15:00:00+00:00,9209.380671109171
2022-08-10 16:00:00+00:00,9209.380671109171
2022-08-10 17:00:00+00:00,9209.380671109171
2022-08-10 18:00:00+00:00,9255.098624069706
2022-08-10 19:00:00+00:00,9255.098624069706
2022-08-10 20:00:00+00:00,9255.098624069706
2022-08-10 21:00:00+00:00,9255.098624069706
2022-08-10 22:00:00+00:00,9255.098624069706
2022-08-10 23:00:00+00:00,9255.098624069706
2022-08-11 00:00:00+00:00,9255.098624069706
2022-08-11 02:00:00+00:00,9255.098624069706
2022-08-11 03:00:00+00:00,9255.098624069706
2022-08-11 04:00:00+00:00,9255.098624069706
2022-08-11 05:00:00+00:00,9255.098624069706
2022-08-11 06:00:00+00:00,9255.098624069706
2022-08-11 07:00:00+00:00,9255.098624069706
2022-08-11 08:00:00+00:00,9255.098624069706
2022-08-11 09:00:00+00:00,9255.098624069706
2022-08-11 10:00:00+00:00,9255.098624069706
2022-08-11 11:00:00+00:00,9255.098624069706
2022-08-11 12:00:00+00:00,9255.098624069706
2022-08-11 13:00:00+00:00,9255.098624069706
2022-08-11 14:00:00+00:00,9255.098624069706
2022-08-11 15:00:00+00:00,9255.098624069706
2022-08-11 16:00:00+00:00,9255.098624069706
2022-08-11 17:00:00+00:00,9255.098624069706
2022-08-11 18:00:00+00:00,9255.098624069706
2022-08-11 19:00:00+00:00,9255.098624069706
2022-08-11 20:00:00+00:00,9255.098624069706
2022-08-11 21:00:00+00:00,9324.324906105925
2022-08-11 22:00:00+00:00,9324.324906105925
2022-08-11 23:00:00+00:00,9324.324906105925
2022-08-12 00:00:00+00:00,9315.22662598357
2022-08-12 02:00:00+00:00,9315.22662598357
2022-08-12 03:00:00+00:00,9315.22662598357
2022-08-12 04:00:00+00:00,9315.22662598357
2022-08-12 05:00:00+00:00,9315.22662598357
2022-08-12 06:00:00+00:00,9296.611149306007
2022-08-12 07:00:00+00:00,9249.604443735821
2022-08-12 08:00:00+00:00,9249.604443735821
2022-08-12 09:00:00+00:00,9249.604443735821
2022-08-12 10:00:00+00:00,9268.111470208378
2022-08-12 11:00:00+00:00,9281.234608583176
2022-08-12 12:00:00+00:00,9293.025873652732
2022-08-12 13:00:00+00:00,9344.888448473908
2022-08-12 14:00:00+00:00,9344.888448473908
2022-08-12 15:00:00+00:00,9351.20436377773
2022-08-12 16:00:00+00:00,9308.140123218587
2022-08-12 17:00:00+00:00,9308.140123218587
2022-08-12 18:00:00+00:00,9308.140123218587
2022-08-12 19:00:00+00:00,9308.140123218587
2022-08-12 20:00:00+00:00,9308.140123218587
2022-08-12 21:00:00+00:00,9305.251516368538
2022-08-12 22:00:00+00:00,9304.90955327207
2022-08-12 23:00:00+00:00,9304.90955327207
2022-08-13 00:00:00+00:00,9304.90955327207
2022-08-15 02:00:00+00:00,9304.90955327207
2022-08-15 03:00:00+00:00,9304.90955327207
2022-08-15 04:00:00+00:00,9285.663726633824
2022-08-15 05:00:00+00:00,9280.963885734303
2022-08-15 06:00:00+00:00,9280.963885734303
2022-08-15 07:00:00+00:00,9280.963885734303
2022-08-15 08:00:00+00:00,9262.29087165252
2022-08-15 09:00:00+00:00,9262.29087165252
2022-08-15 10:00:00+00:00,9262.29087165252
2022-08-15 11:00:00+00:00,9262.29087165252
2022-08-15 12:00:00+00:00,9262.29087165252
2022-08-15 13:00:00+00:00,9262.29087165252
2022-08-15 14:00:00+00:00,9262.29087165252
2022-08-15 15:00:00+00:00,9262.29087165252
2022-08-15 16:00:00+00:00,9262.29087165252
2022-08-15 17:00:00+00:00,9262.29087165252
2022-08-15 18:00:00+00:00,9331.492516476554
2022-08-15 19:00:00+00:00,9284.40756513562
2022-08-15 20:00:00+00:00,9284.40756513562
2022-08-15 21:00:00+00:00,9284.40756513562
2022-08-15 22:00:00+00:00,9284.40756513562
2022-08-15 23:00:00+00:00,9284.40756513562
2022-08-16 00:00:00+00:00,9284.40756513562
2022-08-16 02:00:00+00:00,9284.40756513562
2022-08-16 03:00:00+00:00,9284.40756513562
2022-08-16 04:00:00+00:00,9284.40756513562
2022-08-16 05:00:00+00:00,9284.40756513562
2022-08-16 06:00:00+00:00,9284.40756513562
2022-08-16 07:00:00+00:00,9246.952947446736
2022-08-16 08:00:00+00:00,9246.952947446736
2022-08-16 09:00:00+00:00,9200.415837248833
2022-08-16 10:00:00+00:00,9200.415837248833
2022-08-16 11:00:00+00:00,9200.415837248833
2022-08-16 12:00:00+00:00,9200.415837248833
2022-08-16 13:00:00+00:00,9248.132733604209
2022-08-16 14:00:00+00:00,9248.132733604209
2022-08-16 15:00:00+00:00,9248.132733604209
2022-08-16 16:00:00+00:00,9248.132733604209
2022-08-16 17:00:00+00:00,9248.132733604209
2022-08-16 18:00:00+00:00,9243.590872644269
2022-08-16 19:00:00+00:00,9243.929865316304
2022-08-16 20:00:00+00:00,9243.929865316304
2022-08-16 21:00:00+00:00,9248.188099193057
2022-08-16 22:00:00+00:00,9242.927642163782
2022-08-16 23:00:00+00:00,9242.927642163782
2022-08-17 00:00:00+00:00,9242.927642163782
2022-08-17 02:00:00+00:00,9196.528188548475
2022-08-17 03:00:00+00:00,9196.528188548475
2022-08-17 04:00:00+00:00,9150.360366625353
2022-08-17 05:00:00+00:00,9150.360366625353
2022-08-17 06:00:00+00:00,9150.360366625353
2022-08-17 07:00:00+00:00,9171.925872571823
2022-08-17 08:00:00+00:00,9171.925872571823
2022-08-17 09:00:00+00:00,9171.925872571823
2022-08-17 10:00:00+00:00,9171.925872571823
2022-08-17 11:00:00+00:00,9171.925872571823
2022-08-17 12:00:00+00:00,9171.925872571823
2022-08-17 13:00:00+00:00,9171.925872571823
2022-08-17 14:00:00+00:00,9217.604259278965
2022-08-17 15:00:00+00:00,9217.604259278965
2022-08-17 16:00:00+00:00,9234.338417577888
2022-08-17 17:00:00+00:00,9234.338417577888
2022-08-17 18:00:00+00:00,9242.616666943903
2022-08-17 19:00:00+00:00,9242.616666943903
2022-08-17 20:00:00+00:00,9242.616666943903
2022-08-17 21:00:00+00:00,9242.616666943903
2022-08-17 22:00:00+00:00,9242.616666943903
2022-08-17 23:00:00+00:00,9242.616666943903
2022-08-18 00:00:00+00:00,9242.616666943903
2022-08-18 02:00:00+00:00,9242.616666943903
2022-08-18 03:00:00+00:00,9242.616666943903
2022-08-18 04:00:00+00:00,9242.616666943903
2022-08-18 05:00:00+00:00,9242.616666943903
2022-08-18 06:00:00+00:00,9242.616666943903
2022-08-18 07:00:00+00:00,9242.616666943903
2022-08-18 08:00:00+00:00,9242.616666943903
2022-08-18 09:00:00+00:00,9242.616666943903
2022-08-18 10:00:00+00:00,9242.616666943903
2022-08-18 11:00:00+00:00,9242.616666943903
2022-08-18 12:00:00+00:00,9242.616666943903
2022-08-18 13:00:00+00:00,9242.616666943903
2022-08-18 14:00:00+00:00,9242.616666943903
2022-08-18 15:00:00+00:00,9242.616666943903
2022-08-18 16:00:00+00:00,9242.616666943903
2022-08-18 17:00:00+00:00,9242.616666943903
2022-08-18 18:00:00+00:00,9242.616666943903
2022-08-18 19:00:00+00:00,9242.616666943903
2022-08-18 20:00:00+00:00,9242.616666943903
2022-08-18 21:00:00+00:00,9242.616666943903
2022-08-18 22:00:00+00:00,9242.616666943903
2022-08-18 23:00:00+00:00,9242.616666943903
2022-08-19 00:00:00+00:00,9242.616666943903
2022-08-19 02:00:00+00:00,9242.616666943903
2022-08-19 03:00:00+00:00,9242.616666943903
2022-08-19 04:00:00+00:00,9286.585441653862
2022-08-19 05:00:00+00:00,9286.585441653862
2022-08-19 06:00:00+00:00,9286.585441653862
2022-08-19 07:00:00+00:00,9286.585441653862
2022-08-19 08:00:00+00:00,9233.691833443278
2022-08-19 09:00:00+00:00,9233.691833443278
2022-08-19 10:00:00+00:00,9246.873625716216
2022-08-19 11:00:00+00:00,9246.873625716216
2022-08-19 12:00:00+00:00,9200.254912999204
2022-08-19 13:00:00+00:00,9200.254912999204
2022-08-19 14:00:00+00:00,9214.419018767774
2022-08-19 15:00:00+00:00,9214.419018767774
2022-08-19 16:00:00+00:00,9226.353249440761
2022-08-19 17:00:00+00:00,9226.353249440761
2022-08-19 18:00:00+00:00,9226.353249440761
2022-08-19 19:00:00+00:00,9191.104121250724
2022-08-19 20:00:00+00:00,9191.104121250724
2022-08-19 21:00:00+00:00,9191.104121250724
2022-08-19 22:00:00+00:00,9191.104121250724
2022-08-19 23:00:00+00:00,9191.104121250724
2022-08-20 00:00:00+00:00,9191.104121250724
2022-08-22 02:00:00+00:00,9191.104121250724
2022-08-22 03:00:00+00:00,9191.104121250724
2022-08-22 04:00:00+00:00,9191.104121250724
2022-08-22 05:00:00+00:00,9191.104121250724
2022-08-22 06:00:00+00:00,9181.74198244471
2022-08-22 07:00:00+00:00,9181.74198244471
2022-08-22 08:00:00+00:00,9181.74198244471
2022-08-22 09:00:00+00:00,9135.362886853007
2022-08-22 10:00:00+00:00,9135.362886853007
2022-08-22 11:00:00+00:00,9135.362886853007
2022-08-22 12:00:00+00:00,9135.362886853007
2022-08-22 13:00:00+00:00,9135.362886853007
2022-08-22 14:00:00+00:00,9089.162984532522
2022-08-22 15:00:00+00:00,9089.162984532522
2022-08-22 16:00:00+00:00,9089.162984532522
2022-08-22 17:00:00+00:00,9089.162984532522
2022-08-22 18:00:00+00:00,9089.162984532522
2022-08-22 19:00:00+00:00,9089.162984532522
2022-08-22 20:00:00+00:00,9089.162984532522
2022-08-22 21:00:00+00:00,9089.162984532522
2022-08-22 22:00:00+00:00,9089.162984532522
2022-08-22 23:00:00+00:00,9089.162984532522
2022-08-23 00:00:00+00:00,9089.162984532522
2022-08-23 02:00:00+00:00,9089.162984532522
2022-08-23 03:00:00+00:00,9089.162984532522
2022-08-23 04:00:00+00:00,9089.162984532522
2022-08-23 05:00:00+00:00,9089.162984532522
2022-08-23 06:00:00+00:00,9089.162984532522
2022-08-23 07:00:00+00:00,9089.162984532522
2022-08-23 08:00:00+00:00,9133.923904191128
2022-08-23 09:00:00+00:00,9087.694539631171
2022-08-23 10:00:00+00:00,9087.694539631171
2022-08-23 11:00:00+00:00,9087.694539631171
2022-08-23 12:00:00+00:00,9087.694539631171
2022-08-23 13:00:00+00:00,9042.016308036431
2022-08-23 14:00:00+00:00,9042.016308036431
2022-08-23 15:00:00+00:00,9042.016308036431
2022-08-23 16:00:00+00:00,8996.378943766087
2022-08-23 17:00:00+00:00,8996.378943766087
2022-08-23 18:00:00+00:00,8996.378943766087
2022-08-23 19:00:00+00:00,8996.378943766087
2022-08-23 20:00:00+00:00,8996.378943766087
2022-08-23 21:00:00+00:00,8996.378943766087
2022-08-23 22:00:00+00:00,8996.378943766087
2022-08-23 23:00:00+00:00,8996.378943766087
2022-08-24 00:00:00+00:00,8996.378943766087
2022-08-24 02:00:00+00:00,8951.190961888768
2022-08-24 03:00:00+00:00,8951.190961888768
2022-08-24 04:00:00+00:00,8951.190961888768
2022-08-24 05:00:00+00:00,8951.190961888768
2022-08-24 06:00:00+00:00,8951.190961888768
2022-08-24 07:00:00+00:00,8998.764302738678
2022-08-24 08:00:00+00:00,9005.246774773692
2022-08-24 09:00:00+00:00,9013.425616370003
2022-08-24 10:00:00+00:00,9013.425616370003
2022-08-24 11:00:00+00:00,9013.425616370003
2022-08-24 12:00:00+00:00,9013.425616370003
2022-08-24 13:00:00+00:00,9013.425616370003
2022-08-24 14:00:00+00:00,9013.425616370003
2022-08-24 15:00:00+00:00,9013.425616370003
2022-08-24 16:00:00+00:00,9013.425616370003
2022-08-24 17:00:00+00:00,9013.425616370003
2022-08-24 18:00:00+00:00,9013.425616370003
2022-08-24 19:00:00+00:00,9058.282174028627
2022-08-24 20:00:00+00:00,9058.282174028627
2022-08-24 21:00:00+00:00,9058.282174028627
2022-08-24 22:00:00+00:00,9058.282174028627
2022-08-24 23:00:00+00:00,9058.282174028627
2022-08-25 00:00:00+00:00,9058.282174028627
2022-08-25 02:00:00+00:00,9058.282174028627
2022-08-25 03:00:00+00:00,9058.282174028627
2022-08-25 04:00:00+00:00,9058.282174028627
2022-08-25 05:00:00+00:00,9058.282174028627
2022-08-25 06:00:00+00:00,9058.282174028627
2022-08-25 07:00:00+00:00,9058.282174028627
2022-08-25 08:00:00+00:00,9058.282174028627
2022-08-25 09:00:00+00:00,9058.282174028627
2022-08-25 10:00:00+00:00,9058.282174028627
2022-08-25 11:00:00+00:00,9058.282174028627
2022-08-25 12:00:00+00:00,9058.282174028627
2022-08-25 13:00:00+00:00,9058.282174028627
2022-08-25 14:00:00+00:00,9058.282174028627
2022-08-25 15:00:00+00:00,9058.282174028627
2022-08-25 16:00:00+00:00,9058.282174028627
2022-08-25 17:00:00+00:00,9058.282174028627
2022-08-25 18:00:00+00:00,9058.282174028627
2022-08-25 19:00:00+00:00,9058.282174028627
2022-08-25 20:00:00+00:00,9058.282174028627
2022-08-25 21:00:00+00:00,9012.777853856634
2022-08-25 22:00:00+00:00,9012.777853856634
2022-08-25 23:00:00+00:00,9012.777853856634
2022-08-26 00:00:00+00:00,9012.777853856634
2022-08-26 02:00:00+00:00,9012.777853856634
2022-08-26 03:00:00+00:00,9012.777853856634
2022-08-26 04:00:00+00:00,9012.777853856634
2022-08-26 05:00:00+00:00,9012.777853856634
2022-08-26 06:00:00+00:00,9012.777853856634
2022-08-26 07:00:00+00:00,8967.406611466748
2022-08-26 08:00:00+00:00,8967.406611466748
2022-08-26 09:00:00+00:00,8967.406611466748
2022-08-26 10:00:00+00:00,8967.406611466748
2022-08-26 11:00:00+00:00,8967.406611466748
2022-08-26 12:00:00+00:00,8967.406611466748
2022-08-26 13:00:00+00:00,8967.556350878456
2022-08-26 14:00:00+00:00,8936.860291473933
2022-08-26 15:00:00+00:00,8936.860291473933
2022-08-26 16:00:00+00:00,8936.860291473933
2022-08-26 17:00:00+00:00,8936.94147324011
2022-08-26 18:00:00+00:00,8936.94147324011
2022-08-26 19:00:00+00:00,8936.94147324011
2022-08-26 20:00:00+00:00,8936.94147324011
2022-08-26 21:00:00+00:00,8936.94147324011
2022-08-26 22:00:00+00:00,8936.94147324011
2022-08-26 23:00:00+00:00,8936.94147324011
2022-08-27 00:00:00+00:00,8936.94147324011
2022-08-29 02:00:00+00:00,8936.94147324011
2022-08-29 03:00:00+00:00,8936.94147324011
2022-08-29 04:00:00+00:00,8936.94147324011
2022-08-29 05:00:00+00:00,8936.94147324011
2022-08-29 06:00:00+00:00,8936.94147324011
2022-08-29 07:00:00+00:00,8936.94147324011
2022-08-29 08:00:00+00:00,8936.94147324011
2022-08-29 09:00:00+00:00,8936.94147324011
2022-08-29 10:00:00+00:00,8936.94147324011
2022-08-29 11:00:00+00:00,8986.419896098945
2022-08-29 12:00:00+00:00,8979.764129645142
2022-08-29 13:00:00+00:00,8979.764129645142
2022-08-29 14:00:00+00:00,8979.764129645142
2022-08-29 15:00:00+00:00,8979.764129645142
2022-08-29 16:00:00+00:00,8979.764129645142
2022-08-29 17:00:00+00:00,8979.764129645142
2022-08-29 18:00:00+00:00,8989.200604757652
2022-08-29 19:00:00+00:00,8989.200604757652
2022-08-29 20:00:00+00:00,8989.200604757652
2022-08-29 21:00:00+00:00,8989.200604757652
2022-08-29 22:00:00+00:00,9024.163764418765
2022-08-29 23:00:00+00:00,9024.163764418765
2022-08-30 00:00:00+00:00,9024.163764418765
2022-08-30 02:00:00+00:00,9024.163764418765
2022-08-30 03:00:00+00:00,9024.163764418765
2022-08-30 04:00:00+00:00,8978.842556319567
2022-08-30 05:00:00+00:00,8978.842556319567
2022-08-30 06:00:00+00:00,8978.842556319567
2022-08-30 07:00:00+00:00,8978.842556319567
2022-08-30 08:00:00+00:00,9008.443892649306
2022-08-30 09:00:00+00:00,9012.256824223967
2022-08-30 10:00:00+00:00,9012.256824223967
2022-08-30 11:00:00+00:00,9012.256824223967
2022-08-30 12:00:00+00:00,9010.600833737382
2022-08-30 13:00:00+00:00,9010.600833737382
2022-08-30 14:00:00+00:00,9010.600833737382
2022-08-30 15:00:00+00:00,9010.600833737382
2022-08-30 16:00:00+00:00,9010.600833737382
2022-08-30 17:00:00+00:00,9010.600833737382
2022-08-30 18:00:00+00:00,9010.600833737382
2022-08-30 19:00:00+00:00,9010.600833737382
2022-08-30 20:00:00+00:00,9010.600833737382
2022-08-30 21:00:00+00:00,9055.23510901746
2022-08-30 22:00:00+00:00,9055.23510901746
2022-08-30 23:00:00+00:00,9065.243738751833
2022-08-31 00:00:00+00:00,9065.243738751833
2022-08-31 02:00:00+00:00,9078.71373649521
2022-08-31 03:00:00+00:00,9078.71373649521
2022-08-31 04:00:00+00:00,9103.17946960972
2022-08-31 05:00:00+00:00,9103.17946960972
2022-08-31 06:00:00+00:00,9103.17946960972
2022-08-31 07:00:00+00:00,9073.810258726631
2022-08-31 08:00:00+00:00,9073.810258726631
2022-08-31 09:00:00+00:00,9073.810258726631
2022-08-31 10:00:00+00:00,9073.810258726631
2022-08-31 11:00:00+00:00,9073.810258726631
2022-08-31 12:00:00+00:00,9073.810258726631
2022-08-31 13:00:00+00:00,9073.810258726631
2022-08-31 14:00:00+00:00,9073.810258726631
2022-08-31 15:00:00+00:00,9073.810258726631
2022-08-31 16:00:00+00:00,9073.810258726631
2022-08-31 17:00:00+00:00,9141.637694117397
2022-08-31 18:00:00+00:00,9141.637694117397
2022-08-31 19:00:00+00:00,9141.637694117397
2022-08-31 20:00:00+00:00,9151.66665159119
2022-08-31 21:00:00+00:00,9192.479084870014
2022-08-31 22:00:00+00:00,9192.479084870014
2022-08-31 23:00:00+00:00,9192.479084870014
2022-09-01 00:00:00+00:00,9192.479084870014
2022-09-01 02:00:00+00:00,9146.353768667392
2022-09-01 03:00:00+00:00,9146.353768667392
2022-09-01 04:00:00+00:00,9146.353768667392
2022-09-01 05:00:00+00:00,9146.353768667392
2022-09-01 06:00:00+00:00,9146.353768667392
2022-09-01 07:00:00+00:00,9177.351624354329
2022-09-01 08:00:00+00:00,9175.295126396259
2022-09-01 09:00:00+00:00,9175.295126396259
2022-09-01 10:00:00+00:00,9175.295126396259
2022-09-01 11:00:00+00:00,9168.570934380235
2022-09-01 12:00:00+00:00,9198.297588388434
2022-09-01 13:00:00+00:00,9198.297588388434
2022-09-01 14:00:00+00:00,9171.18828417709
2022-09-01 15:00:00+00:00,9171.18828417709
2022-09-01 16:00:00+00:00,9171.18828417709
2022-09-01 17:00:00+00:00,9199.923961436109
2022-09-01 18:00:00+00:00,9196.174377392867
2022-09-01 19:00:00+00:00,9196.174377392867
2022-09-01 20:00:00+00:00,9196.174377392867
2022-09-01 21:00:00+00:00,9149.995710963185
2022-09-01 22:00:00+00:00,9149.995710963185
2022-09-01 23:00:00+00:00,9149.995710963185
2022-09-02 00:00:00+00:00,9149.995710963185
2022-09-02 02:00:00+00:00,9149.995710963185
2022-09-02 03:00:00+00:00,9149.995710963185
2022-09-02 04:00:00+00:00,9149.995710963185
2022-09-02 05:00:00+00:00,9149.995710963185
2022-09-02 06:00:00+00:00,9149.995710963185
2022-09-02 07:00:00+00:00,9149.995710963185
2022-09-02 08:00:00+00:00,9151.92534443071
2022-09-02 09:00:00+00:00,9201.75669761808
2022-09-02 10:00:00+00:00,9201.75669761808
2022-09-02 11:00:00+00:00,9201.75669761808
2022-09-02 12:00:00+00:00,9201.75669761808
2022-09-02 13:00:00+00:00,9191.900119262262
2022-09-02 14:00:00+00:00,9191.900119262262
2022-09-02 15:00:00+00:00,9191.900119262262
2022-09-02 16:00:00+00:00,9184.12146201984
2022-09-02 17:00:00+00:00,9185.695252786909
2022-09-02 18:00:00+00:00,9185.695252786909
2022-09-02 19:00:00+00:00,9185.695252786909
2022-09-02 20:00:00+00:00,9217.057155169821
2022-09-02 21:00:00+00:00,9209.642932405442
2022-09-02 22:00:00+00:00,9209.642932405442
2022-09-02 23:00:00+00:00,9209.642932405442
2022-09-03 00:00:00+00:00,9209.642932405442
2022-09-05 02:00:00+00:00,9209.642932405442
2022-09-05 03:00:00+00:00,9209.642932405442
2022-09-05 04:00:00+00:00,9209.824643215146
2022-09-05 05:00:00+00:00,9228.653037725582
2022-09-05 06:00:00+00:00,9228.653037725582
2022-09-05 07:00:00+00:00,9228.653037725582
2022-09-05 08:00:00+00:00,9229.558456839832
2022-09-05 09:00:00+00:00,9172.355846050226
2022-09-05 10:00:00+00:00,9172.355846050226
2022-09-05 11:00:00+00:00,9207.610467731076
2022-09-05 12:00:00+00:00,9207.610467731076
2022-09-05 13:00:00+00:00,9207.610467731076
2022-09-05 14:00:00+00:00,9207.610467731076
2022-09-05 15:00:00+00:00,9207.610467731076
2022-09-05 16:00:00+00:00,9207.610467731076
2022-09-05 17:00:00+00:00,9207.610467731076
2022-09-05 18:00:00+00:00,9253.14693394596
2022-09-05 19:00:00+00:00,9253.14693394596
2022-09-05 20:00:00+00:00,9253.14693394596
2022-09-05 21:00:00+00:00,9253.14693394596
2022-09-05 22:00:00+00:00,9206.580919241716
2022-09-05 23:00:00+00:00,9206.580919241716
2022-09-06 00:00:00+00:00,9206.580919241716
2022-09-06 02:00:00+00:00,9206.580919241716
2022-09-06 03:00:00+00:00,9206.580919241716
2022-09-06 04:00:00+00:00,9206.580919241716
2022-09-06 05:00:00+00:00,9238.503264424564
2022-09-06 06:00:00+00:00,9246.988929502466
2022-09-06 07:00:00+00:00,9261.90085678398
2022-09-06 08:00:00+00:00,9215.094093619684
2022-09-06 09:00:00+00:00,9215.094093619684
2022-09-06 10:00:00+00:00,9215.094093619684
2022-09-06 11:00:00+00:00,9215.094093619684
2022-09-06 12:00:00+00:00,9215.094093619684
2022-09-06 13:00:00+00:00,9215.094093619684
2022-09-06 14:00:00+00:00,9215.094093619684
2022-09-06 15:00:00+00:00,9215.094093619684
2022-09-06 16:00:00+00:00,9215.094093619684
2022-09-06 17:00:00+00:00,9215.094093619684
2022-09-06 18:00:00+00:00,9215.094093619684
2022-09-06 19:00:00+00:00,9215.094093619684
2022-09-06 20:00:00+00:00,9215.094093619684
2022-09-06 21:00:00+00:00,9215.094093619684
2022-09-06 22:00:00+00:00,9215.094093619684
2022-09-06 23:00:00+00:00,9215.094093619684
2022-09-07 00:00:00+00:00,9215.094093619684
2022-09-07 02:00:00+00:00,9215.094093619684
2022-09-07 03:00:00+00:00,9215.094093619684
2022-09-07 04:00:00+00:00,9215.094093619684
2022-09-07 05:00:00+00:00,9215.094093619684
2022-09-07 06:00:00+00:00,9215.094093619684
2022-09-07 07:00:00+00:00,9215.094093619684
2022-09-07 08:00:00+00:00,9215.094093619684
2022-09-07 09:00:00+00:00,9262.490304705914
2022-09-07 10:00:00+00:00,9262.490304705914
2022-09-07 11:00:00+00:00,9262.490304705914
2022-09-07 12:00:00+00:00,9262.490304705914
2022-09-07 13:00:00+00:00,9262.490304705914
2022-09-07 14:00:00+00:00,9262.490304705914
2022-09-07 15:00:00+00:00,9262.490304705914
2022-09-07 16:00:00+00:00,9262.490304705914
2022-09-07 17:00:00+00:00,9262.490304705914
2022-09-07 18:00:00+00:00,9262.490304705914
2022-09-07 19:00:00+00:00,9262.490304705914
2022-09-07 20:00:00+00:00,9262.490304705914
2022-09-07 21:00:00+00:00,9262.673479709096
2022-09-07 22:00:00+00:00,9262.673479709096
2022-09-07 23:00:00+00:00,9262.673479709096
2022-09-08 00:00:00+00:00,9262.673479709096
2022-09-08 02:00:00+00:00,9262.673479709096
2022-09-08 03:00:00+00:00,9262.673479709096
2022-09-08 04:00:00+00:00,9262.673479709096
2022-09-08 05:00:00+00:00,9262.673479709096
2022-09-08 06:00:00+00:00,9262.673479709096
2022-09-08 07:00:00+00:00,9268.689540086953
2022-09-08 08:00:00+00:00,9299.801483550438
2022-09-08 09:00:00+00:00,9346.07094497856
2022-09-08 10:00:00+00:00,9346.07094497856
2022-09-08 11:00:00+00:00,9346.07094497856
2022-09-08 12:00:00+00:00,9346.07094497856
2022-09-08 13:00:00+00:00,9346.07094497856
2022-09-08 14:00:00+00:00,9346.07094497856
2022-09-08 15:00:00+00:00,9346.07094497856
2022-09-08 16:00:00+00:00,9346.07094497856
2022-09-08 17:00:00+00:00,9346.07094497856
2022-09-08 18:00:00+00:00,9346.07094497856
2022-09-08 19:00:00+00:00,9346.07094497856
2022-09-08 20:00:00+00:00,9346.07094497856
2022-09-08 21:00:00+00:00,9298.988840642505
2022-09-08 22:00:00+00:00,9252.247847488354
2022-09-08 23:00:00+00:00,9205.802941029291
2022-09-09 00:00:00+00:00,9159.609187578277
2022-09-09 02:00:00+00:00,9159.609187578277
2022-09-09 03:00:00+00:00,9159.609187578277
2022-09-09 04:00:00+00:00,9159.609187578277
2022-09-09 05:00:00+00:00,9159.609187578277
2022-09-09 06:00:00+00:00,9159.609187578277
2022-09-09 07:00:00+00:00,9159.609187578277
2022-09-09 08:00:00+00:00,9159.609187578277
2022-09-09 09:00:00+00:00,9159.609187578277
2022-09-09 10:00:00+00:00,9159.609187578277
2022-09-09 11:00:00+00:00,9138.782340575663
2022-09-09 12:00:00+00:00,9141.090790634866
2022-09-09 13:00:00+00:00,9141.090790634866
2022-09-09 14:00:00+00:00,9141.090790634866
2022-09-09 15:00:00+00:00,9141.090790634866
2022-09-09 16:00:00+00:00,9141.090790634866
2022-09-09 17:00:00+00:00,9143.631194981026
2022-09-09 18:00:00+00:00,9110.072033499247
2022-09-09 19:00:00+00:00,9178.317150540272
2022-09-09 20:00:00+00:00,9178.317150540272
2022-09-09 21:00:00+00:00,9178.317150540272
2022-09-09 22:00:00+00:00,9178.317150540272
2022-09-09 23:00:00+00:00,9178.317150540272
2022-09-10 00:00:00+00:00,9178.317150540272
2022-09-12 02:00:00+00:00,9178.317150540272
2022-09-12 03:00:00+00:00,9178.317150540272
2022-09-12 04:00:00+00:00,9178.317150540272
2022-09-12 05:00:00+00:00,9178.317150540272
2022-09-12 06:00:00+00:00,9178.317150540272
2022-09-12 07:00:00+00:00,9178.317150540272
2022-09-12 08:00:00+00:00,9178.317150540272
2022-09-12 09:00:00+00:00,9178.317150540272
2022-09-12 10:00:00+00:00,9178.317150540272
2022-09-12 11:00:00+00:00,9247.089996288774
2022-09-12 12:00:00+00:00,9200.65830584421
2022-09-12 13:00:00+00:00,9200.65830584421
2022-09-12 14:00:00+00:00,9200.65830584421
2022-09-12 15:00:00+00:00,9200.65830584421
2022-09-12 16:00:00+00:00,9200.65830584421
2022-09-12 17:00:00+00:00,9200.65830584421
2022-09-12 18:00:00+00:00,9200.65830584421
2022-09-12 19:00:00+00:00,9200.65830584421
2022-09-12 20:00:00+00:00,9200.65830584421
2022-09-12 21:00:00+00:00,9190.420978459571
2022-09-12 22:00:00+00:00,9196.448712976184
2022-09-12 23:00:00+00:00,9196.448712976184
2022-09-13 00:00:00+00:00,9196.448712976184
2022-09-13 02:00:00+00:00,9265.15377461858
2022-09-13 03:00:00+00:00,9265.15377461858
2022-09-13 04:00:00+00:00,9265.15377461858
2022-09-13 05:00:00+00:00,9265.15377461858
2022-09-13 06:00:00+00:00,9265.15377461858
2022-09-13 07:00:00+00:00,9265.15377461858
2022-09-13 08:00:00+00:00,9265.15377461858
2022-09-13 09:00:00+00:00,9265.15377461858
2022-09-13 10:00:00+00:00,9265.15377461858
2022-09-13 11:00:00+00:00,9265.15377461858
2022-09-13 12:00:00+00:00,9265.15377461858
2022-09-13 13:00:00+00:00,9265.15377461858
2022-09-13 14:00:00+00:00,9265.15377461858
2022-09-13 15:00:00+00:00,9265.15377461858
2022-09-13 16:00:00+00:00,9286.60760880252
2022-09-13 17:00:00+00:00,9286.60760880252
2022-09-13 18:00:00+00:00,9286.60760880252
2022-09-13 19:00:00+00:00,9303.626997785674
2022-09-13 20:00:00+00:00,9303.626997785674
2022-09-13 21:00:00+00:00,9303.626997785674
2022-09-13 22:00:00+00:00,9303.626997785674
2022-09-13 23:00:00+00:00,9303.626997785674
2022-09-14 00:00:00+00:00,9349.797558512537
2022-09-14 02:00:00+00:00,9349.797558512537
2022-09-14 03:00:00+00:00,9302.85628455548
2022-09-14 04:00:00+00:00,9302.85628455548
2022-09-14 05:00:00+00:00,9302.85628455548
2022-09-14 06:00:00+00:00,9302.85628455548
2022-09-14 07:00:00+00:00,9302.85628455548
2022-09-14 08:00:00+00:00,9256.163743530717
2022-09-14 09:00:00+00:00,9256.163743530717
2022-09-14 10:00:00+00:00,9256.163743530717
2022-09-14 11:00:00+00:00,9276.635860221078
2022-09-14 12:00:00+00:00,9276.635860221078
2022-09-14 13:00:00+00:00,9276.635860221078
2022-09-14 14:00:00+00:00,9276.635860221078
2022-09-14 15:00:00+00:00,9276.635860221078
2022-09-14 16:00:00+00:00,9276.635860221078
2022-09-14 17:00:00+00:00,9276.635860221078
2022-09-14 18:00:00+00:00,9276.635860221078
2022-09-14 19:00:00+00:00,9276.635860221078
2022-09-14 20:00:00+00:00,9276.635860221078
2022-09-14 21:00:00+00:00,9276.635860221078
2022-09-14 22:00:00+00:00,9276.635860221078
2022-09-14 23:00:00+00:00,9276.635860221078
2022-09-15 00:00:00+00:00,9230.06307258712
2022-09-15 02:00:00+00:00,9298.98226505233
2022-09-15 03:00:00+00:00,9298.98226505233
2022-09-15 04:00:00+00:00,9298.98226505233
2022-09-15 05:00:00+00:00,9298.98226505233
2022-09-15 06:00:00+00:00,9298.98226505233
2022-09-15 07:00:00+00:00,9298.98226505233
2022-09-15 08:00:00+00:00,9298.98226505233
2022-09-15 09:00:00+00:00,9319.731036872636
2022-09-15 10:00:00+00:00,9293.54524720325
2022-09-15 11:00:00+00:00,9293.54524720325
2022-09-15 12:00:00+00:00,9293.54524720325
2022-09-15 13:00:00+00:00,9293.54524720325
2022-09-15 14:00:00+00:00,9293.54524720325
2022-09-15 15:00:00+00:00,9293.54524720325
2022-09-15 16:00:00+00:00,9293.54524720325
2022-09-15 17:00:00+00:00,9293.54524720325
2022-09-15 18:00:00+00:00,9293.54524720325
2022-09-15 19:00:00+00:00,9293.54524720325
2022-09-15 20:00:00+00:00,9293.54524720325
2022-09-15 21:00:00+00:00,9293.54524720325
2022-09-15 22:00:00+00:00,9293.54524720325
2022-09-15 23:00:00+00:00,9293.54524720325
2022-09-16 00:00:00+00:00,9293.54524720325
2022-09-16 02:00:00+00:00,9293.54524720325
2022-09-16 03:00:00+00:00,9302.348498850644
2022-09-16 04:00:00+00:00,9302.348498850644
2022-09-16 05:00:00+00:00,9302.348498850644
2022-09-16 06:00:00+00:00,9302.348498850644
2022-09-16 07:00:00+00:00,9302.348498850644
2022-09-16 08:00:00+00:00,9302.348498850644
2022-09-16 09:00:00+00:00,9302.348498850644
2022-09-16 10:00:00+00:00,9290.367835749164
2022-09-16 11:00:00+00:00,9303.326367084332
2022-09-16 12:00:00+00:00,9303.326367084332
2022-09-16 13:00:00+00:00,9290.392964268598
2022-09-16 14:00:00+00:00,9290.392964268598
2022-09-16 15:00:00+00:00,9290.392964268598
2022-09-16 16:00:00+00:00,9290.392964268598
2022-09-16 17:00:00+00:00,9290.392964268598
2022-09-16 18:00:00+00:00,9290.392964268598
2022-09-16 19:00:00+00:00,9290.392964268598
2022-09-16 20:00:00+00:00,9290.392964268598
2022-09-16 21:00:00+00:00,9243.62227382696
2022-09-16 22:00:00+00:00,9243.62227382696
2022-09-16 23:00:00+00:00,9243.62227382696
2022-09-17 00:00:00+00:00,9243.62227382696
2022-09-19 02:00:00+00:00,9243.62227382696
2022-09-19 03:00:00+00:00,9243.62227382696
2022-09-19 04:00:00+00:00,9243.62227382696
2022-09-19 05:00:00+00:00,9243.62227382696
2022-09-19 06:00:00+00:00,9243.62227382696
2022-09-19 07:00:00+00:00,9243.62227382696
2022-09-19 08:00:00+00:00,9243.62227382696
2022-09-19 09:00:00+00:00,9243.62227382696
2022-09-19 10:00:00+00:00,9243.62227382696
2022-09-19 11:00:00+00:00,9243.62227382696
2022-09-19 12:00:00+00:00,9298.914475344509
2022-09-19 13:00:00+00:00,9298.914475344509
2022-09-19 14:00:00+00:00,9298.914475344509
2022-09-19 15:00:00+00:00,9298.914475344509
2022-09-19 16:00:00+00:00,9298.914475344509
2022-09-19 17:00:00+00:00,9298.914475344509
2022-09-19 18:00:00+00:00,9298.914475344509
2022-09-19 19:00:00+00:00,9298.914475344509
2022-09-19 20:00:00+00:00,9298.914475344509
2022-09-19 21:00:00+00:00,9298.914475344509
2022-09-19 22:00:00+00:00,9298.914475344509
2022-09-19 23:00:00+00:00,9298.914475344509
2022-09-20 00:00:00+00:00,9298.914475344509
2022-09-20 02:00:00+00:00,9298.914475344509
2022-09-20 03:00:00+00:00,9298.914475344509
2022-09-20 04:00:00+00:00,9298.914475344509
2022-09-20 05:00:00+00:00,9298.914475344509
2022-09-20 06:00:00+00:00,9298.914475344509
2022-09-20 07:00:00+00:00,9298.914475344509
2022-09-20 08:00:00+00:00,9298.914475344509
2022-09-20 09:00:00+00:00,9298.914475344509
2022-09-20 10:00:00+00:00,9298.914475344509
2022-09-20 11:00:00+00:00,9306.994031947648
2022-09-20 12:00:00+00:00,9283.850818622315
2022-09-20 13:00:00+00:00,9283.850818622315
2022-09-20 14:00:00+00:00,9289.20750552126
2022-09-20 15:00:00+00:00,9289.20750552126
2022-09-20 16:00:00+00:00,9289.20750552126
2022-09-20 17:00:00+00:00,9289.20750552126
2022-09-20 18:00:00+00:00,9289.20750552126
2022-09-20 19:00:00+00:00,9289.20750552126
2022-09-20 20:00:00+00:00,9329.064248406528
2022-09-20 21:00:00+00:00,9329.064248406528
2022-09-20 22:00:00+00:00,9329.064248406528
2022-09-20 23:00:00+00:00,9329.064248406528
2022-09-21 00:00:00+00:00,9329.064248406528
2022-09-21 02:00:00+00:00,9329.064248406528
2022-09-21 03:00:00+00:00,9329.064248406528
2022-09-21 04:00:00+00:00,9329.064248406528
2022-09-21 05:00:00+00:00,9329.064248406528
2022-09-21 06:00:00+00:00,9329.064248406528
2022-09-21 07:00:00+00:00,9329.064248406528
2022-09-21 08:00:00+00:00,9329.064248406528
2022-09-21 09:00:00+00:00,9293.741709421305
2022-09-21 10:00:00+00:00,9284.146120658635
2022-09-21 11:00:00+00:00,9284.146120658635
2022-09-21 12:00:00+00:00,9284.146120658635
2022-09-21 13:00:00+00:00,9276.089202669893
2022-09-21 14:00:00+00:00,9276.089202669893
2022-09-21 15:00:00+00:00,9276.089202669893
2022-09-21 16:00:00+00:00,9276.089202669893
2022-09-21 17:00:00+00:00,9276.089202669893
2022-09-21 18:00:00+00:00,9276.089202669893
2022-09-21 19:00:00+00:00,9276.089202669893
2022-09-21 20:00:00+00:00,9229.546770133353
2022-09-21 21:00:00+00:00,9229.546770133353
2022-09-21 22:00:00+00:00,9229.546770133353
2022-09-21 23:00:00+00:00,9229.546770133353
2022-09-22 00:00:00+00:00,9229.546770133353
2022-09-22 02:00:00+00:00,9229.546770133353
2022-09-22 03:00:00+00:00,9229.546770133353
2022-09-22 04:00:00+00:00,9229.546770133353
2022-09-22 05:00:00+00:00,9229.546770133353
2022-09-22 06:00:00+00:00,9229.546770133353
2022-09-22 07:00:00+00:00,9229.546770133353
2022-09-22 08:00:00+00:00,9259.059965369968
2022-09-22 09:00:00+00:00,9259.059965369968
2022-09-22 10:00:00+00:00,9259.059965369968
2022-09-22 11:00:00+00:00,9259.059965369968
2022-09-22 12:00:00+00:00,9259.059965369968
2022-09-22 13:00:00+00:00,9259.059965369968
2022-09-22 14:00:00+00:00,9251.840172470158
2022-09-22 15:00:00+00:00,9268.050800692441
2022-09-22 16:00:00+00:00,9286.78875169359
2022-09-22 17:00:00+00:00,9286.78875169359
2022-09-22 18:00:00+00:00,9286.78875169359
2022-09-22 19:00:00+00:00,9286.78875169359
2022-09-22 20:00:00+00:00,9286.78875169359
2022-09-22 21:00:00+00:00,9286.78875169359
2022-09-22 22:00:00+00:00,9286.78875169359
2022-09-22 23:00:00+00:00,9286.78875169359
2022-09-23 00:00:00+00:00,9286.78875169359
2022-09-23 02:00:00+00:00,9286.78875169359
2022-09-23 03:00:00+00:00,9322.79799264886
2022-09-23 04:00:00+00:00,9322.79799264886
2022-09-23 05:00:00+00:00,9322.79799264886
2022-09-23 06:00:00+00:00,9322.79799264886
2022-09-23 07:00:00+00:00,9322.79799264886
2022-09-23 08:00:00+00:00,9322.79799264886
2022-09-23 09:00:00+00:00,9354.637875653518
2022-09-23 10:00:00+00:00,9354.637875653518
2022-09-23 11:00:00+00:00,9354.637875653518
2022-09-23 12:00:00+00:00,9354.637875653518
2022-09-23 13:00:00+00:00,9354.637875653518
2022-09-23 14:00:00+00:00,9354.637875653518
2022-09-23 15:00:00+00:00,9354.637875653518
2022-09-23 16:00:00+00:00,9354.637875653518
2022-09-23 17:00:00+00:00,9354.637875653518
2022-09-23 18:00:00+00:00,9354.637875653518
2022-09-23 19:00:00+00:00,9354.637875653518
2022-09-23 20:00:00+00:00,9354.637875653518
2022-09-23 21:00:00+00:00,9354.637875653518
2022-09-23 22:00:00+00:00,9354.637875653518
2022-09-23 23:00:00+00:00,9354.637875653518
2022-09-24 00:00:00+00:00,9354.637875653518
2022-09-26 02:00:00+00:00,9354.637875653518
2022-09-26 03:00:00+00:00,9354.637875653518
2022-09-26 04:00:00+00:00,9354.637875653518
2022-09-26 05:00:00+00:00,9354.637875653518
2022-09-26 06:00:00+00:00,9354.637875653518
2022-09-26 07:00:00+00:00,9354.637875653518
2022-09-26 08:00:00+00:00,9334.16930400244
2022-09-26 09:00:00+00:00,9334.16930400244
2022-09-26 10:00:00+00:00,9334.16930400244
2022-09-26 11:00:00+00:00,9334.81603381653
2022-09-26 12:00:00+00:00,9334.81603381653
2022-09-26 13:00:00+00:00,9334.81603381653
2022-09-26 14:00:00+00:00,9334.81603381653
2022-09-26 15:00:00+00:00,9334.81603381653
2022-09-26 16:00:00+00:00,9334.81603381653
2022-09-26 17:00:00+00:00,9334.81603381653
2022-09-26 18:00:00+00:00,9334.81603381653
2022-09-26 19:00:00+00:00,9334.81603381653
2022-09-26 20:00:00+00:00,9334.81603381653
2022-09-26 21:00:00+00:00,9334.81603381653
2022-09-26 22:00:00+00:00,9334.81603381653
2022-09-26 23:00:00+00:00,9334.81603381653
2022-09-27 00:00:00+00:00,9334.81603381653
2022-09-27 02:00:00+00:00,9334.81603381653
2022-09-27 03:00:00+00:00,9334.81603381653
2022-09-27 04:00:00+00:00,9334.81603381653
2022-09-27 05:00:00+00:00,9334.81603381653
2022-09-27 06:00:00+00:00,9334.81603381653
2022-09-27 07:00:00+00:00,9334.625912917943
2022-09-27 08:00:00+00:00,9287.663864805725
2022-09-27 09:00:00+00:00,9287.663864805725
2022-09-27 10:00:00+00:00,9287.663864805725
2022-09-27 11:00:00+00:00,9287.663864805725
2022-09-27 12:00:00+00:00,9287.663864805725
2022-09-27 13:00:00+00:00,9287.663864805725
2022-09-27 14:00:00+00:00,9287.663864805725
2022-09-27 15:00:00+00:00,9287.663864805725
2022-09-27 16:00:00+00:00,9287.663864805725
2022-09-27 17:00:00+00:00,9287.663864805725
2022-09-27 18:00:00+00:00,9287.663864805725
2022-09-27 19:00:00+00:00,9287.663864805725
2022-09-27 20:00:00+00:00,9287.663864805725
2022-09-27 21:00:00+00:00,9287.663864805725
2022-09-27 22:00:00+00:00,9287.663864805725
2022-09-27 23:00:00+00:00,9287.663864805725
2022-09-28 00:00:00+00:00,9287.663864805725
2022-09-28 02:00:00+00:00,9287.663864805725
2022-09-28 03:00:00+00:00,9287.663864805725
2022-09-28 04:00:00+00:00,9287.663864805725
2022-09-28 05:00:00+00:00,9287.663864805725
2022-09-28 06:00:00+00:00,9287.663864805725
2022-09-28 07:00:00+00:00,9329.134119307537
2022-09-28 08:00:00+00:00,9336.114311416575
2022-09-28 09:00:00+00:00,9336.114311416575
2022-09-28 10:00:00+00:00,9361.362523791262
2022-09-28 11:00:00+00:00,9361.102281053234
2022-09-28 12:00:00+00:00,9361.102281053234
2022-09-28 13:00:00+00:00,9361.102281053234
2022-09-28 14:00:00+00:00,9361.102281053234
2022-09-28 15:00:00+00:00,9361.102281053234
2022-09-28 16:00:00+00:00,9361.102281053234
2022-09-28 17:00:00+00:00,9361.102281053234
2022-09-28 18:00:00+00:00,9361.102281053234
2022-09-28 19:00:00+00:00,9361.102281053234
2022-09-28 20:00:00+00:00,9361.102281053234
2022-09-28 21:00:00+00:00,9361.102281053234
2022-09-28 22:00:00+00:00,9361.102281053234
2022-09-28 23:00:00+00:00,9361.102281053234
2022-09-29 00:00:00+00:00,9361.102281053234
2022-09-29 02:00:00+00:00,9361.102281053234
2022-09-29 03:00:00+00:00,9361.102281053234
2022-09-29 04:00:00+00:00,9361.102281053234
2022-09-29 05:00:00+00:00,9361.102281053234
2022-09-29 06:00:00+00:00,9361.102281053234
2022-09-29 07:00:00+00:00,9338.707700132634
2022-09-29 08:00:00+00:00,9347.998421547694
2022-09-29 09:00:00+00:00,9348.477985360458
2022-09-29 10:00:00+00:00,9348.477985360458
2022-09-29 11:00:00+00:00,9348.477985360458
2022-09-29 12:00:00+00:00,9348.477985360458
2022-09-29 13:00:00+00:00,9301.51548889698
2022-09-29 14:00:00+00:00,9301.51548889698
2022-09-29 15:00:00+00:00,9301.51548889698
2022-09-29 16:00:00+00:00,9301.51548889698
2022-09-29 17:00:00+00:00,9301.51548889698
2022-09-29 18:00:00+00:00,9301.51548889698
2022-09-29 19:00:00+00:00,9301.51548889698
2022-09-29 20:00:00+00:00,9301.51548889698
2022-09-29 21:00:00+00:00,9301.51548889698
2022-09-29 22:00:00+00:00,9301.51548889698
2022-09-29 23:00:00+00:00,9301.51548889698
2022-09-30 00:00:00+00:00,9301.51548889698
2022-09-30 02:00:00+00:00,9301.51548889698
2022-09-30 03:00:00+00:00,9370.975642532228
2022-09-30 04:00:00+00:00,9370.975642532228
2022-09-30 05:00:00+00:00,9370.975642532228
2022-09-30 06:00:00+00:00,9370.975642532228
2022-09-30 07:00:00+00:00,9370.975642532228
2022-09-30 08:00:00+00:00,9370.975642532228
2022-09-30 09:00:00+00:00,9370.975642532228
2022-09-30 10:00:00+00:00,9370.975642532228
2022-09-30 11:00:00+00:00,9370.975642532228
2022-09-30 12:00:00+00:00,9370.975642532228
2022-09-30 13:00:00+00:00,9370.975642532228
2022-09-30 14:00:00+00:00,9370.975642532228
2022-09-30 15:00:00+00:00,9370.975642532228
2022-09-30 16:00:00+00:00,9370.975642532228
2022-09-30 17:00:00+00:00,9370.975642532228
2022-09-30 18:00:00+00:00,9370.975642532228
2022-09-30 19:00:00+00:00,9370.975642532228
2022-09-30 20:00:00+00:00,9370.975642532228
2022-09-30 21:00:00+00:00,9370.975642532228
2022-09-30 22:00:00+00:00,9370.975642532228
2022-09-30 23:00:00+00:00,9370.975642532228
2022-10-01 00:00:00+00:00,9370.975642532228
2022-10-03 02:00:00+00:00,9370.975642532228
2022-10-03 03:00:00+00:00,9370.975642532228
2022-10-03 04:00:00+00:00,9370.975642532228
2022-10-03 05:00:00+00:00,9382.01667610824
2022-10-03 06:00:00+00:00,9378.594334761256
2022-10-03 07:00:00+00:00,9383.614406739003
2022-10-03 08:00:00+00:00,9383.614406739003
2022-10-03 09:00:00+00:00,9383.614406739003
2022-10-03 10:00:00+00:00,9383.614406739003
2022-10-03 11:00:00+00:00,9383.614406739003
2022-10-03 12:00:00+00:00,9402.325924303663
2022-10-03 13:00:00+00:00,9402.325924303663
2022-10-03 14:00:00+00:00,9354.75566458782
2022-10-03 15:00:00+00:00,9354.75566458782
2022-10-03 16:00:00+00:00,9354.75566458782
2022-10-03 17:00:00+00:00,9354.75566458782
2022-10-03 18:00:00+00:00,9354.75566458782
2022-10-03 19:00:00+00:00,9354.75566458782
2022-10-03 20:00:00+00:00,9354.75566458782
2022-10-03 21:00:00+00:00,9354.75566458782
2022-10-03 22:00:00+00:00,9354.75566458782
2022-10-03 23:00:00+00:00,9354.75566458782
2022-10-04 00:00:00+00:00,9354.75566458782
2022-10-04 02:00:00+00:00,9354.75566458782
2022-10-04 03:00:00+00:00,9354.75566458782
2022-10-04 04:00:00+00:00,9354.75566458782
2022-10-04 05:00:00+00:00,9307.67836228193
2022-10-04 06:00:00+00:00,9260.954719857002
2022-10-04 07:00:00+00:00,9260.954719857002
2022-10-04 08:00:00+00:00,9260.954719857002
2022-10-04 09:00:00+00:00,9260.954719857002
2022-10-04 10:00:00+00:00,9260.954719857002
2022-10-04 11:00:00+00:00,9260.954719857002
2022-10-04 12:00:00+00:00,9260.954719857002
2022-10-04 13:00:00+00:00,9260.954719857002
2022-10-04 14:00:00+00:00,9310.962974982824
2022-10-04 15:00:00+00:00,9312.296255612147
2022-10-04 16:00:00+00:00,9312.296255612147
2022-10-04 17:00:00+00:00,9312.296255612147
2022-10-04 18:00:00+00:00,9312.296255612147
2022-10-04 19:00:00+00:00,9295.147200380776
2022-10-04 20:00:00+00:00,9300.97700264046
2022-10-04 21:00:00+00:00,9296.754491578746
2022-10-04 22:00:00+00:00,9280.701355863122
2022-10-04 23:00:00+00:00,9287.832846337082
2022-10-05 00:00:00+00:00,9287.832846337082
2022-10-05 02:00:00+00:00,9287.832846337082
2022-10-05 03:00:00+00:00,9287.832846337082
2022-10-05 04:00:00+00:00,9287.832846337082
2022-10-05 05:00:00+00:00,9287.832846337082
2022-10-05 06:00:00+00:00,9357.311641997674
2022-10-05 07:00:00+00:00,9357.311641997674
2022-10-05 08:00:00+00:00,9357.311641997674
2022-10-05 09:00:00+00:00,9357.311641997674
2022-10-05 10:00:00+00:00,9357.311641997674
2022-10-05 11:00:00+00:00,9357.311641997674
2022-10-05 12:00:00+00:00,9357.311641997674
2022-10-05 13:00:00+00:00,9357.311641997674
2022-10-05 14:00:00+00:00,9357.311641997674
2022-10-05 15:00:00+00:00,9357.311641997674
2022-10-05 16:00:00+00:00,9357.311641997674
2022-10-05 17:00:00+00:00,9357.311641997674
2022-10-05 18:00:00+00:00,9357.311641997674
2022-10-05 19:00:00+00:00,9357.311641997674
2022-10-05 20:00:00+00:00,9357.311641997674
2022-10-05 21:00:00+00:00,9357.311641997674
2022-10-05 22:00:00+00:00,9357.311641997674
2022-10-05 23:00:00+00:00,9357.311641997674
2022-10-06 00:00:00+00:00,9357.311641997674
2022-10-06 02:00:00+00:00,9357.311641997674
2022-10-06 03:00:00+00:00,9357.311641997674
2022-10-06 04:00:00+00:00,9357.311641997674
2022-10-06 05:00:00+00:00,9357.311641997674
2022-10-06 06:00:00+00:00,9357.311641997674
2022-10-06 07:00:00+00:00,9357.311641997674
2022-10-06 08:00:00+00:00,9357.311641997674
2022-10-06 09:00:00+00:00,9357.311641997674
2022-10-06 10:00:00+00:00,9357.311641997674
2022-10-06 11:00:00+00:00,9357.311641997674
2022-10-06 12:00:00+00:00,9357.311641997674
2022-10-06 13:00:00+00:00,9357.311641997674
2022-10-06 14:00:00+00:00,9357.311641997674
2022-10-06 15:00:00+00:00,9357.311641997674
2022-10-06 16:00:00+00:00,9357.311641997674
2022-10-06 17:00:00+00:00,9403.683073837941
2022-10-06 18:00:00+00:00,9403.683073837941
2022-10-06 19:00:00+00:00,9403.683073837941
2022-10-06 20:00:00+00:00,9403.683073837941
2022-10-06 21:00:00+00:00,9403.683073837941
2022-10-06 22:00:00+00:00,9403.683073837941
2022-10-06 23:00:00+00:00,9403.683073837941
2022-10-07 00:00:00+00:00,9403.683073837941
2022-10-07 02:00:00+00:00,9403.683073837941
2022-10-07 03:00:00+00:00,9403.683073837941
2022-10-07 04:00:00+00:00,9403.683073837941
2022-10-07 05:00:00+00:00,9403.683073837941
2022-10-07 06:00:00+00:00,9403.683073837941
2022-10-07 07:00:00+00:00,9403.683073837941
2022-10-07 08:00:00+00:00,9403.683073837941
2022-10-07 09:00:00+00:00,9356.277173264029
2022-10-07 10:00:00+00:00,9356.277173264029
2022-10-07 11:00:00+00:00,9356.277173264029
2022-10-07 12:00:00+00:00,9356.277173264029
2022-10-07 13:00:00+00:00,9356.277173264029
2022-10-07 14:00:00+00:00,9356.277173264029
2022-10-07 15:00:00+00:00,9356.21271373041
2022-10-07 16:00:00+00:00,9368.833643798118
2022-10-07 17:00:00+00:00,9368.833643798118
2022-10-07 18:00:00+00:00,9368.833643798118
2022-10-07 19:00:00+00:00,9368.833643798118
2022-10-07 20:00:00+00:00,9374.159949935656
2022-10-07 21:00:00+00:00,9369.76271847019
2022-10-07 22:00:00+00:00,9369.76271847019
2022-10-07 23:00:00+00:00,9369.76271847019
2022-10-08 00:00:00+00:00,9369.76271847019
2022-10-10 02:00:00+00:00,9369.76271847019
2022-10-10 03:00:00+00:00,9332.4743225609
2022-10-10 04:00:00+00:00,9332.4743225609
2022-10-10 05:00:00+00:00,9332.4743225609
2022-10-10 06:00:00+00:00,9332.4743225609
2022-10-10 07:00:00+00:00,9332.4743225609
2022-10-10 08:00:00+00:00,9332.4743225609
2022-10-10 09:00:00+00:00,9371.829096154766
2022-10-10 10:00:00+00:00,9386.072353570196
2022-10-10 11:00:00+00:00,9394.28478827981
2022-10-10 12:00:00+00:00,9394.28478827981
2022-10-10 13:00:00+00:00,9394.28478827981
2022-10-10 14:00:00+00:00,9394.28478827981
2022-10-10 15:00:00+00:00,9394.28478827981
2022-10-10 16:00:00+00:00,9394.28478827981
2022-10-10 17:00:00+00:00,9394.28478827981
2022-10-10 18:00:00+00:00,9394.28478827981
2022-10-10 19:00:00+00:00,9394.28478827981
2022-10-10 20:00:00+00:00,9394.28478827981
2022-10-10 21:00:00+00:00,9394.28478827981
2022-10-10 22:00:00+00:00,9394.28478827981
2022-10-10 23:00:00+00:00,9394.28478827981
2022-10-11 00:00:00+00:00,9394.28478827981
2022-10-11 02:00:00+00:00,9394.28478827981
2022-10-11 03:00:00+00:00,9419.86490116007
2022-10-11 04:00:00+00:00,9419.86490116007
2022-10-11 05:00:00+00:00,9419.86490116007
2022-10-11 06:00:00+00:00,9419.86490116007
2022-10-11 07:00:00+00:00,9419.86490116007
2022-10-11 08:00:00+00:00,9419.86490116007
2022-10-11 09:00:00+00:00,9419.86490116007
2022-10-11 10:00:00+00:00,9419.86490116007
2022-10-11 11:00:00+00:00,9419.86490116007
2022-10-11 12:00:00+00:00,9372.201040402764
2022-10-11 13:00:00+00:00,9372.201040402764
2022-10-11 14:00:00+00:00,9372.201040402764
2022-10-11 15:00:00+00:00,9324.981936317645
2022-10-11 16:00:00+00:00,9324.981936317645
2022-10-11 17:00:00+00:00,9324.981936317645
2022-10-11 18:00:00+00:00,9278.215144368303
2022-10-11 19:00:00+00:00,9278.215144368303
2022-10-11 20:00:00+00:00,9278.215144368303
2022-10-11 21:00:00+00:00,9278.215144368303
2022-10-11 22:00:00+00:00,9278.215144368303
2022-10-11 23:00:00+00:00,9278.215144368303
2022-10-12 00:00:00+00:00,9278.215144368303
2022-10-12 02:00:00+00:00,9278.215144368303
2022-10-12 03:00:00+00:00,9278.215144368303
2022-10-12 04:00:00+00:00,9278.215144368303
2022-10-12 05:00:00+00:00,9307.068156143738
2022-10-12 06:00:00+00:00,9321.709002397947
2022-10-12 07:00:00+00:00,9321.709002397947
2022-10-12 08:00:00+00:00,9329.754974542384
2022-10-12 09:00:00+00:00,9329.754974542384
2022-10-12 10:00:00+00:00,9376.030008319429
2022-10-12 11:00:00+00:00,9328.855196409104
2022-10-12 12:00:00+00:00,9328.855196409104
2022-10-12 13:00:00+00:00,9328.855196409104
2022-10-12 14:00:00+00:00,9328.855196409104
2022-10-12 15:00:00+00:00,9328.855196409104
2022-10-12 16:00:00+00:00,9328.855196409104
2022-10-12 17:00:00+00:00,9328.855196409104
2022-10-12 18:00:00+00:00,9328.855196409104
2022-10-12 19:00:00+00:00,9328.855196409104
2022-10-12 20:00:00+00:00,9328.855196409104
2022-10-12 21:00:00+00:00,9328.855196409104
2022-10-12 22:00:00+00:00,9328.855196409104
2022-10-12 23:00:00+00:00,9328.855196409104
2022-10-13 00:00:00+00:00,9328.855196409104
2022-10-13 02:00:00+00:00,9328.855196409104
2022-10-13 03:00:00+00:00,9328.855196409104
2022-10-13 04:00:00+00:00,9328.855196409104
2022-10-13 05:00:00+00:00,9328.855196409104
2022-10-13 06:00:00+00:00,9337.00015743604
2022-10-13 07:00:00+00:00,9335.007400008019
2022-10-13 08:00:00+00:00,9335.007400008019
2022-10-13 09:00:00+00:00,9335.007400008019
2022-10-13 10:00:00+00:00,9335.007400008019
2022-10-13 11:00:00+00:00,9335.007400008019
2022-10-13 12:00:00+00:00,9335.007400008019
2022-10-13 13:00:00+00:00,9335.007400008019
2022-10-13 14:00:00+00:00,9335.007400008019
2022-10-13 15:00:00+00:00,9335.007400008019
2022-10-13 16:00:00+00:00,9335.007400008019
2022-10-13 17:00:00+00:00,9335.007400008019
2022-10-13 18:00:00+00:00,9335.007400008019
2022-10-13 19:00:00+00:00,9335.007400008019
2022-10-13 20:00:00+00:00,9335.007400008019
2022-10-13 21:00:00+00:00,9335.007400008019
2022-10-13 22:00:00+00:00,9335.007400008019
2022-10-13 23:00:00+00:00,9335.007400008019
2022-10-14 00:00:00+00:00,9335.007400008019
2022-10-14 02:00:00+00:00,9335.007400008019
2022-10-14 03:00:00+00:00,9335.007400008019
2022-10-14 04:00:00+00:00,9335.007400008019
2022-10-14 05:00:00+00:00,9288.085775895255
2022-10-14 06:00:00+00:00,9288.085775895255
2022-10-14 07:00:00+00:00,9288.085775895255
2022-10-14 08:00:00+00:00,9288.085775895255
2022-10-14 09:00:00+00:00,9288.085775895255
2022-10-14 10:00:00+00:00,9303.686955832658
2022-10-14 11:00:00+00:00,9312.203956860352
2022-10-14 12:00:00+00:00,9324.62536880251
2022-10-14 13:00:00+00:00,9324.62536880251
2022-10-14 14:00:00+00:00,9324.62536880251
2022-10-14 15:00:00+00:00,9324.62536880251
2022-10-14 16:00:00+00:00,9324.62536880251
2022-10-14 17:00:00+00:00,9324.62536880251
2022-10-14 18:00:00+00:00,9324.62536880251
2022-10-14 19:00:00+00:00,9324.62536880251
2022-10-14 20:00:00+00:00,9324.62536880251
2022-10-14 21:00:00+00:00,9324.62536880251
2022-10-14 22:00:00+00:00,9324.62536880251
2022-10-14 23:00:00+00:00,9324.62536880251
2022-10-15 00:00:00+00:00,9324.62536880251
2022-10-17 02:00:00+00:00,9324.62536880251
2022-10-17 03:00:00+00:00,9324.62536880251
2022-10-17 04:00:00+00:00,9324.62536880251
2022-10-17 05:00:00+00:00,9324.62536880251
2022-10-17 06:00:00+00:00,9324.62536880251
2022-10-17 07:00:00+00:00,9324.62536880251
2022-10-17 08:00:00+00:00,9324.62536880251
2022-10-17 09:00:00+00:00,9324.62536880251
2022-10-17 10:00:00+00:00,9370.021583698759
2022-10-17 11:00:00+00:00,9359.21968925511
2022-10-17 12:00:00+00:00,9359.21968925511
2022-10-17 13:00:00+00:00,9359.21968925511
2022-10-17 14:00:00+00:00,9359.21968925511
2022-10-17 15:00:00+00:00,9359.21968925511
2022-10-17 16:00:00+00:00,9359.21968925511
2022-10-17 17:00:00+00:00,9359.21968925511
2022-10-17 18:00:00+00:00,9359.21968925511
2022-10-17 19:00:00+00:00,9359.21968925511
2022-10-17 20:00:00+00:00,9359.21968925511
2022-10-17 21:00:00+00:00,9367.64371169582
2022-10-17 22:00:00+00:00,9361.724546084877
2022-10-17 23:00:00+00:00,9361.724546084877
2022-10-18 00:00:00+00:00,9361.724546084877
2022-10-18 02:00:00+00:00,9371.372270271011
2022-10-18 03:00:00+00:00,9375.987646415351
2022-10-18 04:00:00+00:00,9375.987646415351
2022-10-18 05:00:00+00:00,9328.855131068472
2022-10-18 06:00:00+00:00,9328.855131068472
2022-10-18 07:00:00+00:00,9328.855131068472
2022-10-18 08:00:00+00:00,9306.742254028233
2022-10-18 09:00:00+00:00,9306.742254028233
2022-10-18 10:00:00+00:00,9350.482632394742
2022-10-18 11:00:00+00:00,9348.75175956949
2022-10-18 12:00:00+00:00,9348.75175956949
2022-10-18 13:00:00+00:00,9348.75175956949
2022-10-18 14:00:00+00:00,9348.75175956949
2022-10-18 15:00:00+00:00,9348.75175956949
2022-10-18 16:00:00+00:00,9348.75175956949
2022-10-18 17:00:00+00:00,9348.75175956949
2022-10-18 18:00:00+00:00,9348.75175956949
2022-10-18 19:00:00+00:00,9348.75175956949
2022-10-25 07:00:00+00:00,9348.75175956949
2022-10-25 08:00:00+00:00,9348.75175956949
2022-10-25 09:00:00+00:00,9348.75175956949
2022-10-25 10:00:00+00:00,9348.75175956949
2022-10-25 11:00:00+00:00,9348.75175956949
2022-10-25 12:00:00+00:00,9348.75175956949
2022-10-25 13:00:00+00:00,9348.75175956949
2022-10-25 14:00:00+00:00,9348.75175956949
2022-10-25 15:00:00+00:00,9348.75175956949
2022-10-25 16:00:00+00:00,9348.75175956949
2022-10-25 17:00:00+00:00,9348.75175956949
2022-10-25 18:00:00+00:00,9348.75175956949
2022-10-25 19:00:00+00:00,9348.75175956949
2022-10-25 20:00:00+00:00,9348.75175956949
2022-10-25 21:00:00+00:00,9348.75175956949
2022-10-25 22:00:00+00:00,9348.75175956949
2022-10-25 23:00:00+00:00,9348.75175956949
2022-10-26 00:00:00+00:00,9348.75175956949
2022-10-26 02:00:00+00:00,9348.75175956949
2022-10-26 03:00:00+00:00,9348.75175956949
2022-10-26 04:00:00+00:00,9348.75175956949
2022-10-26 05:00:00+00:00,9348.75175956949
2022-10-26 06:00:00+00:00,9348.75175956949
2022-10-26 07:00:00+00:00,9348.75175956949
2022-10-26 08:00:00+00:00,9348.75175956949
2022-10-26 09:00:00+00:00,9348.75175956949
2022-10-26 10:00:00+00:00,9348.75175956949
2022-10-26 11:00:00+00:00,9348.75175956949
2022-10-26 12:00:00+00:00,9348.75175956949
2022-10-26 13:00:00+00:00,9348.75175956949
2022-10-26 14:00:00+00:00,9348.75175956949
2022-10-26 15:00:00+00:00,9348.75175956949
2022-10-26 16:00:00+00:00,9348.75175956949
2022-10-26 17:00:00+00:00,9348.75175956949
2022-10-26 18:00:00+00:00,9348.75175956949
2022-10-26 19:00:00+00:00,9301.688799150472
2022-10-26 20:00:00+00:00,9301.688799150472
2022-10-26 21:00:00+00:00,9301.688799150472
2022-10-26 22:00:00+00:00,9301.688799150472
2022-10-26 23:00:00+00:00,9301.688799150472
2022-10-27 00:00:00+00:00,9301.688799150472
2022-10-27 02:00:00+00:00,9267.391549852398
2022-10-27 03:00:00+00:00,9267.391549852398
2022-10-27 04:00:00+00:00,9267.391549852398
2022-10-27 05:00:00+00:00,9267.391549852398
2022-10-27 06:00:00+00:00,9267.391549852398
2022-10-27 07:00:00+00:00,9267.391549852398
2022-10-27 08:00:00+00:00,9267.391549852398
2022-10-27 09:00:00+00:00,9267.391549852398
2022-10-27 10:00:00+00:00,9267.391549852398
2022-10-27 11:00:00+00:00,9267.391549852398
2022-10-27 12:00:00+00:00,9267.391549852398
2022-10-27 13:00:00+00:00,9267.391549852398
2022-10-27 14:00:00+00:00,9267.391549852398
2022-10-27 15:00:00+00:00,9267.391549852398
2022-10-27 16:00:00+00:00,9267.391549852398
2022-10-27 17:00:00+00:00,9267.391549852398
2022-10-27 18:00:00+00:00,9267.391549852398
2022-10-27 19:00:00+00:00,9267.391549852398
2022-10-27 20:00:00+00:00,9267.391549852398
2022-10-27 21:00:00+00:00,9267.391549852398
2022-10-27 22:00:00+00:00,9267.391549852398
2022-10-27 23:00:00+00:00,9267.391549852398
2022-10-28 00:00:00+00:00,9267.391549852398
2022-10-28 02:00:00+00:00,9267.391549852398
2022-10-28 03:00:00+00:00,9267.391549852398
2022-10-28 04:00:00+00:00,9267.391549852398
2022-10-28 05:00:00+00:00,9267.391549852398
2022-10-28 06:00:00+00:00,9267.391549852398
2022-10-28 07:00:00+00:00,9267.391549852398
2022-10-28 08:00:00+00:00,9267.391549852398
2022-10-28 09:00:00+00:00,9267.391549852398
2022-10-28 10:00:00+00:00,9267.391549852398
2022-10-28 11:00:00+00:00,9267.391549852398
2022-10-28 12:00:00+00:00,9220.8558689352
2022-10-28 13:00:00+00:00,9220.8558689352
2022-10-28 14:00:00+00:00,9220.8558689352
2022-10-28 15:00:00+00:00,9220.8558689352
2022-10-28 16:00:00+00:00,9220.8558689352
2022-10-28 17:00:00+00:00,9220.8558689352
2022-10-28 18:00:00+00:00,9220.8558689352
2022-10-28 19:00:00+00:00,9220.8558689352
2022-10-28 20:00:00+00:00,9220.8558689352
2022-10-28 21:00:00+00:00,9220.8558689352
2022-10-28 22:00:00+00:00,9220.8558689352
2022-10-28 23:00:00+00:00,9220.8558689352
2022-10-29 00:00:00+00:00,9234.291992756052
2022-10-31 02:00:00+00:00,9234.291992756052
2022-10-31 03:00:00+00:00,9234.291992756052
2022-10-31 04:00:00+00:00,9234.291992756052
2022-10-31 05:00:00+00:00,9234.291992756052
2022-10-31 06:00:00+00:00,9231.60477808939
2022-10-31 07:00:00+00:00,9277.364101785974
2022-10-31 08:00:00+00:00,9277.364101785974
2022-10-31 09:00:00+00:00,9277.364101785974
2022-10-31 10:00:00+00:00,9277.364101785974
2022-10-31 11:00:00+00:00,9277.364101785974
2022-10-31 12:00:00+00:00,9277.364101785974
2022-10-31 13:00:00+00:00,9230.78470857142
2022-10-31 14:00:00+00:00,9230.78470857142
2022-10-31 15:00:00+00:00,9230.78470857142
2022-10-31 16:00:00+00:00,9230.78470857142
2022-10-31 17:00:00+00:00,9230.78470857142
2022-10-31 18:00:00+00:00,9230.78470857142
2022-10-31 19:00:00+00:00,9230.78470857142
2022-10-31 20:00:00+00:00,9230.78470857142
2022-10-31 21:00:00+00:00,9230.78470857142
2022-10-31 22:00:00+00:00,9230.78470857142
2022-10-31 23:00:00+00:00,9230.78470857142
2022-11-01 00:00:00+00:00,9230.78470857142
2022-11-01 02:00:00+00:00,9230.78470857142
2022-11-01 03:00:00+00:00,9230.78470857142
2022-11-01 04:00:00+00:00,9230.78470857142
2022-11-01 05:00:00+00:00,9230.78470857142
2022-11-01 06:00:00+00:00,9230.78470857142
2022-11-01 07:00:00+00:00,9230.78470857142
2022-11-01 08:00:00+00:00,9230.78470857142
2022-11-01 09:00:00+00:00,9230.78470857142
2022-11-01 10:00:00+00:00,9230.78470857142
2022-11-01 11:00:00+00:00,9230.78470857142
2022-11-01 12:00:00+00:00,9230.78470857142
2022-11-01 13:00:00+00:00,9230.78470857142
2022-11-01 14:00:00+00:00,9230.78470857142
2022-11-01 15:00:00+00:00,9230.78470857142
2022-11-01 16:00:00+00:00,9230.78470857142
2022-11-01 17:00:00+00:00,9230.78470857142
2022-11-01 18:00:00+00:00,9230.78470857142
2022-11-01 19:00:00+00:00,9230.78470857142
2022-11-01 20:00:00+00:00,9230.78470857142
2022-11-01 21:00:00+00:00,9230.78470857142
2022-11-01 22:00:00+00:00,9230.78470857142
2022-11-01 23:00:00+00:00,9230.78470857142
2022-11-02 00:00:00+00:00,9230.78470857142
2022-11-02 02:00:00+00:00,9230.78470857142
2022-11-02 03:00:00+00:00,9230.78470857142
2022-11-02 04:00:00+00:00,9230.78470857142
2022-11-02 05:00:00+00:00,9230.78470857142
2022-11-02 06:00:00+00:00,9230.78470857142
2022-11-02 07:00:00+00:00,9230.78470857142
2022-11-02 08:00:00+00:00,9230.78470857142
2022-11-02 09:00:00+00:00,9230.78470857142
2022-11-02 10:00:00+00:00,9230.78470857142
2022-11-02 11:00:00+00:00,9230.78470857142
2022-11-02 12:00:00+00:00,9230.78470857142
2022-11-02 13:00:00+00:00,9230.78470857142
2022-11-02 14:00:00+00:00,9184.325426918482
2022-11-02 15:00:00+00:00,9184.325426918482
2022-11-02 16:00:00+00:00,9184.325426918482
2022-11-02 17:00:00+00:00,9184.325426918482
2022-11-02 18:00:00+00:00,9184.325426918482
2022-11-02 19:00:00+00:00,9184.325426918482
2022-11-02 20:00:00+00:00,9184.325426918482
2022-11-02 21:00:00+00:00,9184.325426918482
2022-11-02 22:00:00+00:00,9184.325426918482
2022-11-02 23:00:00+00:00,9184.325426918482
2022-11-03 00:00:00+00:00,9184.325426918482
2022-11-03 02:00:00+00:00,9184.325426918482
2022-11-03 03:00:00+00:00,9184.325426918482
2022-11-03 04:00:00+00:00,9184.325426918482
2022-11-03 05:00:00+00:00,9184.325426918482
2022-11-03 06:00:00+00:00,9184.325426918482
2022-11-03 07:00:00+00:00,9184.325426918482
2022-11-03 08:00:00+00:00,9184.325426918482
2022-11-03 09:00:00+00:00,9184.325426918482
2022-11-03 10:00:00+00:00,9184.325426918482
2022-11-03 11:00:00+00:00,9184.325426918482
2022-11-03 12:00:00+00:00,9184.325426918482
2022-11-03 13:00:00+00:00,9184.325426918482
2022-11-03 14:00:00+00:00,9184.325426918482
2022-11-03 15:00:00+00:00,9184.325426918482
2022-11-03 16:00:00+00:00,9184.325426918482
2022-11-03 17:00:00+00:00,9184.325426918482
2022-11-03 18:00:00+00:00,9184.325426918482
2022-11-03 19:00:00+00:00,9184.325426918482
2022-11-03 20:00:00+00:00,9184.325426918482
2022-11-03 21:00:00+00:00,9184.325426918482
2022-11-03 22:00:00+00:00,9184.325426918482
2022-11-03 23:00:00+00:00,9184.325426918482
2022-11-04 00:00:00+00:00,9184.325426918482
2022-11-04 02:00:00+00:00,9184.325426918482
2022-11-04 03:00:00+00:00,9184.325426918482
2022-11-04 04:00:00+00:00,9184.325426918482
2022-11-04 05:00:00+00:00,9184.325426918482
2022-11-04 06:00:00+00:00,9184.325426918482
2022-11-04 07:00:00+00:00,9184.325426918482
2022-11-04 08:00:00+00:00,9184.325426918482
2022-11-04 09:00:00+00:00,9184.325426918482
2022-11-04 10:00:00+00:00,9184.325426918482
2022-11-04 11:00:00+00:00,9138.201056382015
2022-11-04 12:00:00+00:00,9138.201056382015
2022-11-04 13:00:00+00:00,9138.201056382015
2022-11-04 14:00:00+00:00,9138.201056382015
2022-11-04 15:00:00+00:00,9138.201056382015
2022-11-04 16:00:00+00:00,9138.201056382015
2022-11-04 17:00:00+00:00,9138.201056382015
2022-11-04 18:00:00+00:00,9275.075678090592
2022-11-04 19:00:00+00:00,9275.075678090592
2022-11-04 20:00:00+00:00,9275.075678090592
2022-11-04 21:00:00+00:00,9275.075678090592
2022-11-04 22:00:00+00:00,9275.075678090592
2022-11-04 23:00:00+00:00,9275.075678090592
2022-11-05 00:00:00+00:00,9275.075678090592
2022-11-07 02:00:00+00:00,9275.075678090592
2022-11-07 03:00:00+00:00,9275.075678090592
2022-11-07 04:00:00+00:00,9275.075678090592
2022-11-07 05:00:00+00:00,9257.841879756288
2022-11-07 06:00:00+00:00,9304.53695876019
2022-11-07 07:00:00+00:00,9257.66799130303
2022-11-07 08:00:00+00:00,9257.66799130303
2022-11-07 09:00:00+00:00,9211.218757312157
2022-11-07 10:00:00+00:00,9211.218757312157
2022-11-07 11:00:00+00:00,9211.218757312157
2022-11-07 12:00:00+00:00,9211.218757312157
2022-11-07 13:00:00+00:00,9211.218757312157
2022-11-07 14:00:00+00:00,9211.218757312157
2022-11-07 15:00:00+00:00,9211.218757312157
2022-11-07 16:00:00+00:00,9211.218757312157
2022-11-07 17:00:00+00:00,9211.218757312157
2022-11-07 18:00:00+00:00,9211.218757312157
2022-11-07 19:00:00+00:00,9165.00828864365
2022-11-07 20:00:00+00:00,9165.00828864365
2022-11-07 21:00:00+00:00,9165.00828864365
2022-11-07 22:00:00+00:00,9165.00828864365
2022-11-07 23:00:00+00:00,9165.00828864365
2022-11-08 00:00:00+00:00,9165.00828864365
2022-11-08 02:00:00+00:00,9165.00828864365
2022-11-08 03:00:00+00:00,9165.00828864365
2022-11-08 04:00:00+00:00,9165.00828864365
2022-11-08 05:00:00+00:00,9165.00828864365
2022-11-08 06:00:00+00:00,9165.00828864365
2022-11-08 07:00:00+00:00,9165.00828864365
2022-11-08 08:00:00+00:00,9165.00828864365
2022-11-08 09:00:00+00:00,9165.00828864365
2022-11-08 10:00:00+00:00,9165.00828864365
2022-11-08 11:00:00+00:00,9165.00828864365
2022-11-08 12:00:00+00:00,9165.00828864365
2022-11-08 13:00:00+00:00,9165.00828864365
2022-11-08 14:00:00+00:00,9165.00828864365
2022-11-08 15:00:00+00:00,9165.00828864365
2022-11-08 16:00:00+00:00,9165.00828864365
2022-11-08 17:00:00+00:00,9165.00828864365
2022-11-08 18:00:00+00:00,9165.00828864365
2022-11-08 19:00:00+00:00,9165.00828864365
2022-11-08 20:00:00+00:00,9165.00828864365
2022-11-08 21:00:00+00:00,9165.00828864365
2022-11-08 22:00:00+00:00,9165.00828864365
2022-11-08 23:00:00+00:00,9165.00828864365
2022-11-09 00:00:00+00:00,9165.00828864365
2022-11-09 02:00:00+00:00,9165.00828864365
2022-11-09 03:00:00+00:00,9165.00828864365
2022-11-09 04:00:00+00:00,9165.00828864365
2022-11-09 05:00:00+00:00,9165.00828864365
2022-11-09 06:00:00+00:00,9165.00828864365
2022-11-09 07:00:00+00:00,9165.00828864365
2022-11-09 08:00:00+00:00,9165.00828864365
2022-11-09 09:00:00+00:00,9165.00828864365
2022-11-09 10:00:00+00:00,9165.00828864365
2022-11-09 11:00:00+00:00,9165.00828864365
2022-11-09 12:00:00+00:00,9165.00828864365
2022-11-09 13:00:00+00:00,9165.00828864365
2022-11-09 14:00:00+00:00,9165.00828864365
2022-11-09 15:00:00+00:00,9165.00828864365
2022-11-09 16:00:00+00:00,9165.00828864365
2022-11-09 17:00:00+00:00,9165.00828864365
2022-11-09 18:00:00+00:00,9165.00828864365
2022-11-09 19:00:00+00:00,9165.00828864365
2022-11-09 20:00:00+00:00,9165.00828864365
2022-11-09 21:00:00+00:00,9165.00828864365
2022-11-09 22:00:00+00:00,9165.00828864365
2022-11-09 23:00:00+00:00,9165.00828864365
2022-11-10 00:00:00+00:00,9165.00828864365
2022-11-10 02:00:00+00:00,9165.00828864365
2022-11-10 03:00:00+00:00,9118.965639153907
2022-11-10 04:00:00+00:00,9118.965639153907
2022-11-10 05:00:00+00:00,9118.965639153907
2022-11-10 06:00:00+00:00,9118.965639153907
2022-11-10 07:00:00+00:00,9118.965639153907
2022-11-10 08:00:00+00:00,9118.965639153907
2022-11-10 09:00:00+00:00,9118.965639153907
2022-11-10 10:00:00+00:00,9118.965639153907
2022-11-10 11:00:00+00:00,9118.965639153907
2022-11-10 12:00:00+00:00,9118.965639153907
2022-11-10 13:00:00+00:00,9118.965639153907
2022-11-10 14:00:00+00:00,9118.965639153907
2022-11-10 15:00:00+00:00,9118.965639153907
2022-11-10 16:00:00+00:00,9118.965639153907
2022-11-10 17:00:00+00:00,9118.965639153907
2022-11-10 18:00:00+00:00,9118.965639153907
2022-11-10 19:00:00+00:00,9118.965639153907
2022-11-10 20:00:00+00:00,9118.965639153907
2022-11-10 21:00:00+00:00,9118.965639153907
2022-11-10 22:00:00+00:00,9118.965639153907
2022-11-10 23:00:00+00:00,9118.965639153907
2022-11-11 00:00:00+00:00,9118.965639153907
2022-11-11 02:00:00+00:00,9118.965639153907
2022-11-11 03:00:00+00:00,9118.965639153907
2022-11-11 04:00:00+00:00,9118.965639153907
2022-11-11 05:00:00+00:00,9118.965639153907
2022-11-11 06:00:00+00:00,9118.965639153907
2022-11-11 07:00:00+00:00,9118.965639153907
2022-11-11 08:00:00+00:00,9118.965639153907
2022-11-11 09:00:00+00:00,9118.965639153907
2022-11-11 10:00:00+00:00,9118.965639153907
2022-11-11 11:00:00+00:00,9118.965639153907
2022-11-11 12:00:00+00:00,9118.965639153907
2022-11-11 13:00:00+00:00,9118.965639153907
2022-11-11 14:00:00+00:00,9118.965639153907
2022-11-11 15:00:00+00:00,9118.965639153907
2022-11-11 16:00:00+00:00,9118.965639153907
2022-11-11 17:00:00+00:00,9118.965639153907
2022-11-11 18:00:00+00:00,9118.965639153907
2022-11-11 19:00:00+00:00,9118.965639153907
2022-11-11 20:00:00+00:00,9118.965639153907
2022-11-11 21:00:00+00:00,9118.965639153907
2022-11-11 22:00:00+00:00,9118.965639153907
2022-11-11 23:00:00+00:00,9118.965639153907
2022-11-12 00:00:00+00:00,9118.965639153907
2022-11-14 02:00:00+00:00,9118.965639153907
2022-11-14 03:00:00+00:00,9118.965639153907
2022-11-14 04:00:00+00:00,9118.965639153907
2022-11-14 05:00:00+00:00,9118.965639153907
2022-11-14 06:00:00+00:00,9118.965639153907
2022-11-14 07:00:00+00:00,9118.965639153907
2022-11-14 08:00:00+00:00,9118.965639153907
2022-11-14 09:00:00+00:00,9118.965639153907
2022-11-14 10:00:00+00:00,9118.965639153907
2022-11-14 11:00:00+00:00,9118.965639153907
2022-11-14 12:00:00+00:00,9118.965639153907
2022-11-14 13:00:00+00:00,9118.965639153907
2022-11-14 14:00:00+00:00,9118.965639153907
2022-11-14 15:00:00+00:00,9118.965639153907
2022-11-14 16:00:00+00:00,9118.965639153907
2022-11-14 17:00:00+00:00,9118.965639153907
2022-11-14 18:00:00+00:00,9118.965639153907
2022-11-14 19:00:00+00:00,9118.965639153907
2022-11-14 20:00:00+00:00,9118.965639153907
2022-11-14 21:00:00+00:00,9118.965639153907
2022-11-14 22:00:00+00:00,9118.965639153907
2022-11-14 23:00:00+00:00,9118.965639153907
2022-11-15 00:00:00+00:00,9118.965639153907
2022-11-15 02:00:00+00:00,9118.965639153907
2022-11-15 03:00:00+00:00,9118.965639153907
2022-11-15 04:00:00+00:00,9118.965639153907
2022-11-15 05:00:00+00:00,9118.965639153907
2022-11-15 06:00:00+00:00,9118.965639153907
2022-11-15 07:00:00+00:00,9118.965639153907
2022-11-15 08:00:00+00:00,9118.965639153907
2022-11-15 09:00:00+00:00,9118.965639153907
2022-11-15 10:00:00+00:00,9118.965639153907
2022-11-15 11:00:00+00:00,9118.965639153907
2022-11-15 12:00:00+00:00,9118.965639153907
2022-11-15 13:00:00+00:00,9118.965639153907
2022-11-15 14:00:00+00:00,9118.965639153907
2022-11-15 15:00:00+00:00,9118.965639153907
2022-11-15 16:00:00+00:00,9118.965639153907
2022-11-15 17:00:00+00:00,9118.965639153907
2022-11-15 18:00:00+00:00,9118.965639153907
2022-11-15 19:00:00+00:00,9118.965639153907
2022-11-15 20:00:00+00:00,9118.965639153907
2022-11-15 21:00:00+00:00,9118.965639153907
2022-11-15 22:00:00+00:00,9118.965639153907
2022-11-15 23:00:00+00:00,9118.965639153907
2022-11-16 00:00:00+00:00,9118.965639153907
2022-11-16 02:00:00+00:00,9118.965639153907
2022-11-16 03:00:00+00:00,9118.965639153907
2022-11-16 04:00:00+00:00,9118.965639153907
2022-11-16 05:00:00+00:00,9118.965639153907
2022-11-16 06:00:00+00:00,9118.965639153907
2022-11-16 07:00:00+00:00,9118.965639153907
2022-11-16 08:00:00+00:00,9118.965639153907
2022-11-16 09:00:00+00:00,9118.965639153907
2022-11-16 10:00:00+00:00,9118.965639153907
2022-11-16 11:00:00+00:00,9118.965639153907
2022-11-16 12:00:00+00:00,9118.965639153907
2022-11-16 13:00:00+00:00,9255.527521095908
2022-11-16 14:00:00+00:00,9255.527521095908
2022-11-16 15:00:00+00:00,9255.527521095908
2022-11-16 16:00:00+00:00,9255.527521095908
2022-11-16 17:00:00+00:00,9255.527521095908
2022-11-16 18:00:00+00:00,9255.527521095908
2022-11-16 19:00:00+00:00,9255.527521095908
2022-11-16 20:00:00+00:00,9255.527521095908
2022-11-16 21:00:00+00:00,9255.527521095908
2022-11-16 22:00:00+00:00,9255.527521095908
2022-11-16 23:00:00+00:00,9255.527521095908
2022-11-17 00:00:00+00:00,9255.527521095908
2022-11-17 02:00:00+00:00,9255.527521095908
2022-11-17 03:00:00+00:00,9255.527521095908
2022-11-17 04:00:00+00:00,9255.527521095908
2022-11-17 05:00:00+00:00,9255.527521095908
2022-11-17 06:00:00+00:00,9255.527521095908
2022-11-17 07:00:00+00:00,9253.794034326529
2022-11-17 08:00:00+00:00,9253.794034326529
2022-11-17 09:00:00+00:00,9207.109235166685
2022-11-17 10:00:00+00:00,9207.109235166685
2022-11-17 11:00:00+00:00,9207.109235166685
2022-11-17 12:00:00+00:00,9207.109235166685
2022-11-17 13:00:00+00:00,9207.109235166685
2022-11-17 14:00:00+00:00,9207.109235166685
2022-11-17 15:00:00+00:00,9207.109235166685
2022-11-17 16:00:00+00:00,9207.109235166685
2022-11-17 17:00:00+00:00,9207.109235166685
2022-11-17 18:00:00+00:00,9207.109235166685
2022-11-17 19:00:00+00:00,9207.109235166685
2022-11-17 20:00:00+00:00,9207.109235166685
2022-11-17 21:00:00+00:00,9207.109235166685
2022-11-17 22:00:00+00:00,9207.109235166685
2022-11-17 23:00:00+00:00,9207.109235166685
2022-11-18 00:00:00+00:00,9207.109235166685
2022-11-18 02:00:00+00:00,9207.109235166685
2022-11-18 03:00:00+00:00,9207.109235166685
2022-11-18 04:00:00+00:00,9207.109235166685
2022-11-18 05:00:00+00:00,9207.109235166685
2022-11-18 06:00:00+00:00,9207.109235166685
2022-11-18 07:00:00+00:00,9207.109235166685
2022-11-18 08:00:00+00:00,9207.109235166685
2022-11-18 09:00:00+00:00,9207.109235166685
2022-11-18 10:00:00+00:00,9207.109235166685
2022-11-18 11:00:00+00:00,9207.109235166685
2022-11-18 12:00:00+00:00,9207.109235166685
2022-11-18 13:00:00+00:00,9345.006395409508
2022-11-18 14:00:00+00:00,9345.006395409508
2022-11-18 15:00:00+00:00,9345.006395409508
2022-11-18 16:00:00+00:00,9345.006395409508
2022-11-18 17:00:00+00:00,9298.106408384743
2022-11-18 18:00:00+00:00,9298.106408384743
2022-11-18 19:00:00+00:00,9299.222302803302
2022-11-18 20:00:00+00:00,9299.222302803302
2022-11-18 21:00:00+00:00,9299.222302803302
2022-11-18 22:00:00+00:00,9299.222302803302
2022-11-18 23:00:00+00:00,9299.222302803302
2022-11-19 00:00:00+00:00,9299.222302803302
2022-11-21 02:00:00+00:00,9299.222302803302
2022-11-21 03:00:00+00:00,9299.222302803302
2022-11-21 04:00:00+00:00,9299.222302803302
2022-11-21 05:00:00+00:00,9299.222302803302
2022-11-21 06:00:00+00:00,9300.927424630161
2022-11-21 07:00:00+00:00,9302.071300707517
2022-11-21 08:00:00+00:00,9302.071300707517
2022-11-21 09:00:00+00:00,9316.665038851499
2022-11-21 10:00:00+00:00,9316.665038851499
2022-11-21 11:00:00+00:00,9316.665038851499
2022-11-21 12:00:00+00:00,9269.914055990022
2022-11-21 13:00:00+00:00,9269.914055990022
2022-11-21 14:00:00+00:00,9269.914055990022
2022-11-21 15:00:00+00:00,9262.444606568704
2022-11-21 16:00:00+00:00,9262.444606568704
2022-11-21 17:00:00+00:00,9262.444606568704
2022-11-21 18:00:00+00:00,9262.444606568704
2022-11-21 19:00:00+00:00,9262.444606568704
2022-11-21 20:00:00+00:00,9262.444606568704
2022-11-21 21:00:00+00:00,9267.789365685147
2022-11-21 22:00:00+00:00,9265.43621773871
2022-11-21 23:00:00+00:00,9265.43621773871
2022-11-22 00:00:00+00:00,9265.43621773871
2022-11-22 02:00:00+00:00,9265.43621773871
2022-11-22 03:00:00+00:00,9293.580666167953
2022-11-22 04:00:00+00:00,9282.933935093612
2022-11-22 05:00:00+00:00,9282.933935093612
2022-11-22 06:00:00+00:00,9282.933935093612
2022-11-22 07:00:00+00:00,9264.147426842383
2022-11-22 08:00:00+00:00,9217.646835548281
2022-11-22 09:00:00+00:00,9217.646835548281
2022-11-22 10:00:00+00:00,9217.646835548281
2022-11-22 11:00:00+00:00,9217.646835548281
2022-11-22 12:00:00+00:00,9217.646835548281
2022-11-22 13:00:00+00:00,9217.646835548281
2022-11-22 14:00:00+00:00,9217.646835548281
2022-11-22 15:00:00+00:00,9217.646835548281
2022-11-22 16:00:00+00:00,9217.646835548281
2022-11-22 17:00:00+00:00,9217.646835548281
2022-11-22 18:00:00+00:00,9217.646835548281
2022-11-22 19:00:00+00:00,9217.646835548281
2022-11-22 20:00:00+00:00,9217.646835548281
2022-11-22 21:00:00+00:00,9217.646835548281
2022-11-22 22:00:00+00:00,9217.646835548281
2022-11-22 23:00:00+00:00,9217.646835548281
2022-11-23 00:00:00+00:00,9217.646835548281
2022-11-23 02:00:00+00:00,9217.646835548281
2022-11-23 03:00:00+00:00,9217.646835548281
2022-11-23 04:00:00+00:00,9217.646835548281
2022-11-23 05:00:00+00:00,9217.646835548281
2022-11-23 06:00:00+00:00,9217.646835548281
2022-11-23 07:00:00+00:00,9217.646835548281
2022-11-23 08:00:00+00:00,9217.646835548281
2022-11-23 09:00:00+00:00,9217.646835548281
2022-11-23 10:00:00+00:00,9217.646835548281
2022-11-23 11:00:00+00:00,9217.646835548281
2022-11-23 12:00:00+00:00,9217.646835548281
2022-11-23 13:00:00+00:00,9217.646835548281
2022-11-23 14:00:00+00:00,9217.646835548281
2022-11-23 15:00:00+00:00,9217.646835548281
2022-11-23 16:00:00+00:00,9217.646835548281
2022-11-23 17:00:00+00:00,9355.755017697276
2022-11-23 18:00:00+00:00,9355.755017697276
2022-11-23 19:00:00+00:00,9355.755017697276
2022-11-23 20:00:00+00:00,9355.755017697276
2022-11-23 21:00:00+00:00,9355.755017697276
2022-11-23 22:00:00+00:00,9355.755017697276
2022-11-23 23:00:00+00:00,9355.755017697276
2022-11-24 00:00:00+00:00,9355.755017697276
2022-11-24 02:00:00+00:00,9355.755017697276
2022-11-24 03:00:00+00:00,9308.78949569981
2022-11-24 04:00:00+00:00,9308.78949569981
2022-11-24 05:00:00+00:00,9308.78949569981
2022-11-24 06:00:00+00:00,9308.78949569981
2022-11-24 07:00:00+00:00,9308.78949569981
2022-11-24 08:00:00+00:00,9308.78949569981
2022-11-24 09:00:00+00:00,9302.753832026148
2022-11-24 10:00:00+00:00,9302.753832026148
2022-11-24 11:00:00+00:00,9255.946871138045
2022-11-24 12:00:00+00:00,9255.946871138045
2022-11-24 13:00:00+00:00,9255.946871138045
2022-11-24 14:00:00+00:00,9255.946871138045
2022-11-24 15:00:00+00:00,9255.946871138045
2022-11-24 16:00:00+00:00,9255.946871138045
2022-11-24 17:00:00+00:00,9255.946871138045
2022-11-24 18:00:00+00:00,9255.946871138045
2022-11-24 19:00:00+00:00,9255.946871138045
2022-11-24 20:00:00+00:00,9255.946871138045
2022-11-24 21:00:00+00:00,9255.946871138045
2022-11-24 22:00:00+00:00,9255.946871138045
2022-11-24 23:00:00+00:00,9255.946871138045
2022-11-25 00:00:00+00:00,9255.946871138045
2022-11-25 02:00:00+00:00,9255.946871138045
2022-11-25 03:00:00+00:00,9255.946871138045
2022-11-25 04:00:00+00:00,9255.946871138045
2022-11-25 05:00:00+00:00,9255.946871138045
2022-11-25 06:00:00+00:00,9255.946871138045
2022-11-25 07:00:00+00:00,9255.946871138045
2022-11-25 08:00:00+00:00,9255.946871138045
2022-11-25 09:00:00+00:00,9255.946871138045
2022-11-25 10:00:00+00:00,9255.946871138045
2022-11-25 11:00:00+00:00,9209.5249951692
2022-11-25 12:00:00+00:00,9209.5249951692
2022-11-25 13:00:00+00:00,9209.5249951692
2022-11-25 14:00:00+00:00,9209.5249951692
2022-11-25 15:00:00+00:00,9217.27053607588
2022-11-25 16:00:00+00:00,9217.27053607588
2022-11-25 17:00:00+00:00,9217.27053607588
2022-11-25 18:00:00+00:00,9217.27053607588
2022-11-25 19:00:00+00:00,9217.27053607588
2022-11-25 20:00:00+00:00,9217.27053607588
2022-11-25 21:00:00+00:00,9217.27053607588
2022-11-25 22:00:00+00:00,9217.27053607588
2022-11-25 23:00:00+00:00,9217.27053607588
2022-11-26 00:00:00+00:00,9217.27053607588
2022-11-28 02:00:00+00:00,9217.27053607588
2022-11-28 03:00:00+00:00,9217.27053607588
2022-11-28 04:00:00+00:00,9217.27053607588
2022-11-28 05:00:00+00:00,9217.27053607588
2022-11-28 06:00:00+00:00,9170.991331964242
2022-11-28 07:00:00+00:00,9170.991331964242
2022-11-28 08:00:00+00:00,9170.991331964242
2022-11-28 09:00:00+00:00,9124.904092724459
2022-11-28 10:00:00+00:00,9124.904092724459
2022-11-28 11:00:00+00:00,9124.904092724459
2022-11-28 12:00:00+00:00,9124.904092724459
2022-11-28 13:00:00+00:00,9124.904092724459
2022-11-28 14:00:00+00:00,9124.904092724459
2022-11-28 15:00:00+00:00,9124.904092724459
2022-11-28 16:00:00+00:00,9124.904092724459
2022-11-28 17:00:00+00:00,9124.904092724459
2022-11-28 18:00:00+00:00,9124.904092724459
2022-11-28 19:00:00+00:00,9124.904092724459
2022-11-28 20:00:00+00:00,9124.904092724459
2022-11-28 21:00:00+00:00,9124.904092724459
2022-11-28 22:00:00+00:00,9124.904092724459
2022-11-28 23:00:00+00:00,9124.904092724459
2022-11-29 00:00:00+00:00,9124.904092724459
2022-11-29 02:00:00+00:00,9079.060684841166
2022-11-29 03:00:00+00:00,9079.060684841166
2022-11-29 04:00:00+00:00,9079.060684841166
2022-11-29 05:00:00+00:00,9079.060684841166
2022-11-29 06:00:00+00:00,9079.060684841166
2022-11-29 07:00:00+00:00,9079.060684841166
2022-11-29 08:00:00+00:00,9079.060684841166
2022-11-29 09:00:00+00:00,9079.060684841166
2022-11-29 10:00:00+00:00,9033.234977867476
2022-11-29 11:00:00+00:00,9033.234977867476
2022-11-29 12:00:00+00:00,9033.234977867476
2022-11-29 13:00:00+00:00,9033.234977867476
2022-11-29 14:00:00+00:00,9033.234977867476
2022-11-29 15:00:00+00:00,8987.64872025652
2022-11-29 16:00:00+00:00,8987.64872025652
2022-11-29 17:00:00+00:00,8987.64872025652
2022-11-29 18:00:00+00:00,8987.64872025652
2022-11-29 19:00:00+00:00,8987.64872025652
2022-11-29 20:00:00+00:00,8987.64872025652
2022-11-29 21:00:00+00:00,8987.64872025652
2022-11-29 22:00:00+00:00,8987.64872025652
2022-11-29 23:00:00+00:00,8987.64872025652
2022-11-30 00:00:00+00:00,8987.64872025652
2022-11-30 02:00:00+00:00,8987.64872025652
2022-11-30 03:00:00+00:00,8987.64872025652
2022-11-30 04:00:00+00:00,8987.64872025652
2022-11-30 05:00:00+00:00,8987.64872025652
2022-11-30 06:00:00+00:00,8987.64872025652
2022-11-30 07:00:00+00:00,8987.64872025652
2022-11-30 08:00:00+00:00,8987.64872025652
2022-11-30 09:00:00+00:00,8987.64872025652
2022-11-30 10:00:00+00:00,8987.64872025652
2022-11-30 11:00:00+00:00,8987.64872025652
2022-11-30 12:00:00+00:00,8987.64872025652
2022-11-30 13:00:00+00:00,8987.64872025652
2022-11-30 14:00:00+00:00,8987.64872025652
2022-11-30 15:00:00+00:00,8987.64872025652
2022-11-30 16:00:00+00:00,8987.64872025652
2022-11-30 17:00:00+00:00,8987.64872025652
2022-11-30 18:00:00+00:00,8987.64872025652
2022-11-30 19:00:00+00:00,8987.64872025652
2022-11-30 20:00:00+00:00,8942.467219921846
2022-11-30 21:00:00+00:00,8942.467219921846
2022-11-30 22:00:00+00:00,8942.467219921846
2022-11-30 23:00:00+00:00,8942.467219921846
2022-12-01 00:00:00+00:00,8942.467219921846
2022-12-01 02:00:00+00:00,8897.407951197616
2022-12-01 03:00:00+00:00,8897.407951197616
2022-12-01 04:00:00+00:00,8897.407951197616
2022-12-01 05:00:00+00:00,8897.407951197616
2022-12-01 06:00:00+00:00,8897.407951197616
2022-12-01 07:00:00+00:00,8897.407951197616
2022-12-01 08:00:00+00:00,8897.407951197616
2022-12-01 09:00:00+00:00,8897.407951197616
2022-12-01 10:00:00+00:00,8897.407951197616
2022-12-01 11:00:00+00:00,8897.407951197616
2022-12-01 12:00:00+00:00,8897.407951197616
2022-12-01 13:00:00+00:00,8897.407951197616
2022-12-01 14:00:00+00:00,8897.407951197616
2022-12-01 15:00:00+00:00,8897.407951197616
2022-12-01 16:00:00+00:00,8897.407951197616
2022-12-01 17:00:00+00:00,8897.407951197616
2022-12-01 18:00:00+00:00,8897.407951197616
2022-12-01 19:00:00+00:00,8897.407951197616
2022-12-01 20:00:00+00:00,8897.407951197616
2022-12-01 21:00:00+00:00,8897.407951197616
2022-12-01 22:00:00+00:00,8897.407951197616
2022-12-01 23:00:00+00:00,8897.407951197616
2022-12-02 00:00:00+00:00,8897.407951197616
2022-12-02 02:00:00+00:00,8897.407951197616
2022-12-02 03:00:00+00:00,8897.407951197616
2022-12-02 04:00:00+00:00,8897.407951197616
2022-12-02 05:00:00+00:00,8897.407951197616
2022-12-02 06:00:00+00:00,8897.407951197616
2022-12-02 07:00:00+00:00,8897.407951197616
2022-12-02 08:00:00+00:00,8897.407951197616
2022-12-02 09:00:00+00:00,8897.407951197616
2022-12-02 10:00:00+00:00,8897.407951197616
2022-12-02 11:00:00+00:00,8897.407951197616
2022-12-02 12:00:00+00:00,8897.407951197616
2022-12-02 13:00:00+00:00,8897.407951197616
2022-12-02 14:00:00+00:00,8897.407951197616
2022-12-02 15:00:00+00:00,8897.407951197616
2022-12-02 16:00:00+00:00,8897.407951197616
2022-12-02 17:00:00+00:00,8897.407951197616
2022-12-02 18:00:00+00:00,8897.407951197616
2022-12-02 19:00:00+00:00,8897.407951197616
2022-12-02 20:00:00+00:00,8897.407951197616
2022-12-02 21:00:00+00:00,8897.407951197616
2022-12-02 22:00:00+00:00,8897.407951197616
2022-12-02 23:00:00+00:00,8897.407951197616
2022-12-03 00:00:00+00:00,8897.407951197616
2022-12-05 02:00:00+00:00,8897.407951197616
2022-12-05 03:00:00+00:00,8897.407951197616
2022-12-05 04:00:00+00:00,8897.407951197616
2022-12-05 05:00:00+00:00,8897.407951197616
2022-12-05 06:00:00+00:00,8897.407951197616
2022-12-05 07:00:00+00:00,8897.407951197616
2022-12-05 08:00:00+00:00,8897.407951197616
2022-12-05 09:00:00+00:00,8897.407951197616
2022-12-05 10:00:00+00:00,8897.407951197616
2022-12-05 11:00:00+00:00,8897.407951197616
2022-12-05 12:00:00+00:00,8897.407951197616
2022-12-05 13:00:00+00:00,8897.407951197616
2022-12-05 14:00:00+00:00,8897.407951197616
2022-12-05 15:00:00+00:00,8897.407951197616
2022-12-05 16:00:00+00:00,8897.407951197616
2022-12-05 17:00:00+00:00,8897.407951197616
2022-12-05 18:00:00+00:00,8897.407951197616
2022-12-05 19:00:00+00:00,8897.407951197616
2022-12-05 20:00:00+00:00,8897.407951197616
2022-12-05 21:00:00+00:00,8897.407951197616
2022-12-05 22:00:00+00:00,8897.407951197616
2022-12-05 23:00:00+00:00,8897.407951197616
2022-12-06 00:00:00+00:00,8897.407951197616
2022-12-06 02:00:00+00:00,8897.407951197616
2022-12-06 03:00:00+00:00,8897.407951197616
2022-12-06 04:00:00+00:00,8897.407951197616
2022-12-06 05:00:00+00:00,8897.407951197616
2022-12-06 06:00:00+00:00,8897.407951197616
2022-12-06 07:00:00+00:00,8897.407951197616
2022-12-06 08:00:00+00:00,8897.407951197616
2022-12-06 09:00:00+00:00,8897.407951197616
2022-12-06 10:00:00+00:00,8897.407951197616
2022-12-06 11:00:00+00:00,8897.407951197616
2022-12-06 12:00:00+00:00,8897.407951197616
2022-12-06 13:00:00+00:00,8897.407951197616
2022-12-06 14:00:00+00:00,8897.407951197616
2022-12-06 15:00:00+00:00,8897.407951197616
2022-12-06 16:00:00+00:00,8897.407951197616
2022-12-06 17:00:00+00:00,8897.407951197616
2022-12-06 18:00:00+00:00,8897.407951197616
2022-12-06 19:00:00+00:00,8897.407951197616
2022-12-06 20:00:00+00:00,8897.407951197616
2022-12-06 21:00:00+00:00,8897.407951197616
2022-12-06 22:00:00+00:00,8897.407951197616
2022-12-06 23:00:00+00:00,9030.680332186264
2022-12-07 00:00:00+00:00,9030.680332186264
2022-12-07 02:00:00+00:00,9030.680332186264
2022-12-07 03:00:00+00:00,9030.680332186264
2022-12-07 04:00:00+00:00,9030.680332186264
2022-12-07 05:00:00+00:00,9030.680332186264
2022-12-07 06:00:00+00:00,9030.680332186264
2022-12-07 07:00:00+00:00,9030.680332186264
2022-12-07 08:00:00+00:00,9030.680332186264
2022-12-07 09:00:00+00:00,9030.680332186264
2022-12-07 10:00:00+00:00,9030.680332186264
2022-12-07 11:00:00+00:00,9030.680332186264
2022-12-07 12:00:00+00:00,9030.680332186264
2022-12-07 13:00:00+00:00,9030.680332186264
2022-12-07 14:00:00+00:00,9030.680332186264
2022-12-07 15:00:00+00:00,9030.680332186264
2022-12-07 16:00:00+00:00,9030.680332186264
2022-12-07 17:00:00+00:00,9030.680332186264
2022-12-07 18:00:00+00:00,9030.680332186264
2022-12-07 19:00:00+00:00,9030.680332186264
2022-12-07 20:00:00+00:00,9030.680332186264
2022-12-07 21:00:00+00:00,9030.680332186264
2022-12-07 22:00:00+00:00,9030.680332186264
2022-12-07 23:00:00+00:00,9030.680332186264
2022-12-08 00:00:00+00:00,9030.680332186264
2022-12-08 02:00:00+00:00,9030.680332186264
2022-12-08 03:00:00+00:00,9030.680332186264
2022-12-08 04:00:00+00:00,8985.388859676494
2022-12-08 05:00:00+00:00,8985.388859676494
2022-12-08 06:00:00+00:00,8985.388859676494
2022-12-08 07:00:00+00:00,8985.388859676494
2022-12-08 08:00:00+00:00,8985.388859676494
2022-12-08 09:00:00+00:00,8985.388859676494
2022-12-08 10:00:00+00:00,8985.388859676494
2022-12-08 11:00:00+00:00,8985.388859676494
2022-12-08 12:00:00+00:00,8985.388859676494
2022-12-08 13:00:00+00:00,8985.388859676494
2022-12-08 14:00:00+00:00,8985.388859676494
2022-12-08 15:00:00+00:00,8985.388859676494
2022-12-08 16:00:00+00:00,8985.388859676494
2022-12-08 17:00:00+00:00,8985.388859676494
2022-12-08 18:00:00+00:00,8985.388859676494
2022-12-08 19:00:00+00:00,8985.388859676494
2022-12-08 20:00:00+00:00,8985.388859676494
2022-12-08 21:00:00+00:00,8985.388859676494
2022-12-08 22:00:00+00:00,8985.388859676494
2022-12-08 23:00:00+00:00,8985.388859676494
2022-12-09 00:00:00+00:00,8985.388859676494
2022-12-09 02:00:00+00:00,8985.388859676494
2022-12-09 03:00:00+00:00,8985.388859676494
2022-12-09 04:00:00+00:00,8985.388859676494
2022-12-09 05:00:00+00:00,8985.388859676494
2022-12-09 06:00:00+00:00,8985.388859676494
2022-12-09 07:00:00+00:00,8985.388859676494
2022-12-09 08:00:00+00:00,8985.388859676494
2022-12-09 09:00:00+00:00,8985.388859676494
2022-12-09 10:00:00+00:00,8985.388859676494
2022-12-09 11:00:00+00:00,8985.388859676494
2022-12-09 12:00:00+00:00,8985.388859676494
2022-12-09 13:00:00+00:00,8985.388859676494
2022-12-09 14:00:00+00:00,8985.388859676494
2022-12-09 15:00:00+00:00,8985.388859676494
2022-12-09 16:00:00+00:00,8985.388859676494
2022-12-09 17:00:00+00:00,8985.388859676494
2022-12-09 18:00:00+00:00,8985.388859676494
2022-12-09 19:00:00+00:00,8985.388859676494
2022-12-09 20:00:00+00:00,8985.388859676494
2022-12-09 21:00:00+00:00,8985.388859676494
2022-12-09 22:00:00+00:00,8985.388859676494
2022-12-09 23:00:00+00:00,8985.388859676494
2022-12-10 00:00:00+00:00,8985.388859676494
2022-12-12 02:00:00+00:00,8985.388859676494
2022-12-12 03:00:00+00:00,8985.388859676494
2022-12-12 04:00:00+00:00,8985.388859676494
2022-12-12 05:00:00+00:00,8985.388859676494
2022-12-12 06:00:00+00:00,8985.388859676494
2022-12-12 07:00:00+00:00,8985.388859676494
2022-12-12 08:00:00+00:00,8985.388859676494
2022-12-12 09:00:00+00:00,8985.388859676494
2022-12-12 10:00:00+00:00,8985.388859676494
2022-12-12 11:00:00+00:00,8985.388859676494
2022-12-12 12:00:00+00:00,8985.388859676494
2022-12-12 13:00:00+00:00,8985.388859676494
2022-12-12 14:00:00+00:00,8985.388859676494
2022-12-12 15:00:00+00:00,8985.388859676494
2022-12-12 16:00:00+00:00,8985.388859676494
2022-12-12 17:00:00+00:00,8985.388859676494
2022-12-12 18:00:00+00:00,8985.388859676494
2022-12-12 19:00:00+00:00,8985.388859676494
2022-12-12 20:00:00+00:00,8985.388859676494
2022-12-12 21:00:00+00:00,8985.388859676494
2022-12-12 22:00:00+00:00,8985.388859676494
2022-12-12 23:00:00+00:00,8985.388859676494
2022-12-13 00:00:00+00:00,8985.388859676494
2022-12-13 02:00:00+00:00,8985.388859676494
2022-12-13 03:00:00+00:00,8985.388859676494
2022-12-13 04:00:00+00:00,8940.290529502368
2022-12-13 05:00:00+00:00,8940.290529502368
2022-12-13 06:00:00+00:00,8940.290529502368
2022-12-13 07:00:00+00:00,8940.290529502368
2022-12-13 08:00:00+00:00,8940.290529502368
2022-12-13 09:00:00+00:00,8940.290529502368
2022-12-13 10:00:00+00:00,8895.384842737089
2022-12-13 11:00:00+00:00,8895.384842737089
2022-12-13 12:00:00+00:00,8895.384842737089
2022-12-13 13:00:00+00:00,8895.384842737089
2022-12-13 14:00:00+00:00,8895.384842737089
2022-12-13 15:00:00+00:00,8895.384842737089
2022-12-13 16:00:00+00:00,8895.384842737089
2022-12-13 17:00:00+00:00,8895.384842737089
2022-12-13 18:00:00+00:00,8895.384842737089
2022-12-13 19:00:00+00:00,8895.384842737089
2022-12-13 20:00:00+00:00,8895.384842737089
2022-12-13 21:00:00+00:00,8895.384842737089
2022-12-13 22:00:00+00:00,8895.384842737089
2022-12-13 23:00:00+00:00,8895.384842737089
2022-12-14 00:00:00+00:00,8895.384842737089
2022-12-14 02:00:00+00:00,8895.384842737089
2022-12-14 03:00:00+00:00,8895.384842737089
2022-12-14 04:00:00+00:00,8895.384842737089
2022-12-14 05:00:00+00:00,8895.384842737089
2022-12-14 06:00:00+00:00,8895.384842737089
2022-12-14 07:00:00+00:00,8895.384842737089
2022-12-14 08:00:00+00:00,8895.384842737089
2022-12-14 09:00:00+00:00,8895.384842737089
2022-12-14 10:00:00+00:00,8895.384842737089
2022-12-14 11:00:00+00:00,8895.384842737089
2022-12-14 12:00:00+00:00,8895.384842737089
2022-12-14 13:00:00+00:00,8895.384842737089
2022-12-14 14:00:00+00:00,8895.384842737089
2022-12-14 15:00:00+00:00,8895.384842737089
2022-12-14 16:00:00+00:00,8895.384842737089
2022-12-14 17:00:00+00:00,8895.384842737089
2022-12-14 18:00:00+00:00,8895.384842737089
2022-12-14 19:00:00+00:00,8895.384842737089
2022-12-14 20:00:00+00:00,8895.384842737089
2022-12-14 21:00:00+00:00,8895.384842737089
2022-12-14 22:00:00+00:00,8895.384842737089
2022-12-14 23:00:00+00:00,8895.384842737089
2022-12-15 00:00:00+00:00,8895.384842737089
2022-12-15 02:00:00+00:00,8895.384842737089
2022-12-15 03:00:00+00:00,8895.384842737089
2022-12-15 04:00:00+00:00,8895.384842737089
2022-12-15 05:00:00+00:00,8895.384842737089
2022-12-15 06:00:00+00:00,8895.384842737089
2022-12-15 07:00:00+00:00,8895.384842737089
2022-12-15 08:00:00+00:00,8895.384842737089
2022-12-15 09:00:00+00:00,8895.384842737089
2022-12-15 10:00:00+00:00,8895.384842737089
2022-12-15 11:00:00+00:00,8895.384842737089
2022-12-15 12:00:00+00:00,8895.384842737089
2022-12-15 13:00:00+00:00,8895.384842737089
2022-12-15 14:00:00+00:00,8895.384842737089
2022-12-15 15:00:00+00:00,8895.384842737089
2022-12-15 16:00:00+00:00,8850.726415870664
2022-12-15 17:00:00+00:00,8850.726415870664
2022-12-15 18:00:00+00:00,8850.726415870664
2022-12-15 19:00:00+00:00,8850.726415870664
2022-12-15 20:00:00+00:00,8850.726415870664
2022-12-15 21:00:00+00:00,8850.726415870664
2022-12-15 22:00:00+00:00,8850.726415870664
2022-12-15 23:00:00+00:00,8850.726415870664
2022-12-16 00:00:00+00:00,8850.726415870664
2022-12-16 02:00:00+00:00,8850.726415870664
2022-12-16 03:00:00+00:00,8850.726415870664
2022-12-16 04:00:00+00:00,8850.726415870664
2022-12-16 05:00:00+00:00,8850.726415870664
2022-12-16 06:00:00+00:00,8850.726415870664
2022-12-16 07:00:00+00:00,8806.038865279701
2022-12-16 08:00:00+00:00,8806.038865279701
2022-12-16 09:00:00+00:00,8806.038865279701
2022-12-16 10:00:00+00:00,8806.038865279701
2022-12-16 11:00:00+00:00,8806.038865279701
2022-12-16 12:00:00+00:00,8806.038865279701
2022-12-16 13:00:00+00:00,8806.038865279701
2022-12-16 14:00:00+00:00,8806.038865279701
2022-12-16 15:00:00+00:00,8806.038865279701
2022-12-16 16:00:00+00:00,8806.038865279701
2022-12-16 17:00:00+00:00,8806.038865279701
2022-12-16 18:00:00+00:00,8806.038865279701
2022-12-16 19:00:00+00:00,8806.038865279701
2022-12-16 20:00:00+00:00,8806.038865279701
2022-12-16 21:00:00+00:00,8806.038865279701
2022-12-16 22:00:00+00:00,8806.038865279701
2022-12-16 23:00:00+00:00,8806.038865279701
2022-12-17 00:00:00+00:00,8806.038865279701
2022-12-19 02:00:00+00:00,8806.038865279701
2022-12-19 03:00:00+00:00,8806.038865279701
2022-12-19 04:00:00+00:00,8806.038865279701
2022-12-19 05:00:00+00:00,8806.038865279701
2022-12-19 06:00:00+00:00,8806.038865279701
2022-12-19 07:00:00+00:00,8806.038865279701
2022-12-19 08:00:00+00:00,8806.038865279701
2022-12-19 09:00:00+00:00,8806.038865279701
2022-12-19 10:00:00+00:00,8806.038865279701
2022-12-19 11:00:00+00:00,8806.038865279701
2022-12-19 12:00:00+00:00,8806.038865279701
2022-12-19 13:00:00+00:00,8806.038865279701
2022-12-19 14:00:00+00:00,8806.038865279701
2022-12-19 15:00:00+00:00,8806.038865279701
2022-12-19 16:00:00+00:00,8806.038865279701
2022-12-19 17:00:00+00:00,8806.038865279701
2022-12-19 18:00:00+00:00,8806.038865279701
2022-12-19 19:00:00+00:00,8806.038865279701
2022-12-19 20:00:00+00:00,8806.038865279701
2022-12-19 21:00:00+00:00,8806.038865279701
2022-12-19 22:00:00+00:00,8806.038865279701
2022-12-19 23:00:00+00:00,8806.038865279701
2022-12-20 00:00:00+00:00,8806.038865279701
2022-12-20 02:00:00+00:00,8806.038865279701
2022-12-20 03:00:00+00:00,8806.038865279701
2022-12-20 04:00:00+00:00,8806.038865279701
2022-12-20 05:00:00+00:00,8806.038865279701
2022-12-20 06:00:00+00:00,8806.038865279701
2022-12-20 07:00:00+00:00,8806.038865279701
2022-12-20 08:00:00+00:00,8806.038865279701
2022-12-20 09:00:00+00:00,8806.038865279701
2022-12-20 10:00:00+00:00,8806.038865279701
2022-12-20 11:00:00+00:00,8806.038865279701
2022-12-20 12:00:00+00:00,8806.038865279701
2022-12-20 13:00:00+00:00,8806.038865279701
2022-12-20 14:00:00+00:00,8806.038865279701
2022-12-20 15:00:00+00:00,8806.038865279701
2022-12-20 16:00:00+00:00,8806.038865279701
2022-12-20 17:00:00+00:00,8806.038865279701
2022-12-20 18:00:00+00:00,8806.038865279701
2022-12-20 19:00:00+00:00,8806.038865279701
2022-12-20 20:00:00+00:00,8806.038865279701
2022-12-20 21:00:00+00:00,8806.038865279701
2022-12-20 22:00:00+00:00,8806.038865279701
2022-12-20 23:00:00+00:00,8761.715456265783
2022-12-21 00:00:00+00:00,8761.715456265783
2022-12-21 02:00:00+00:00,8761.715456265783
2022-12-21 03:00:00+00:00,8761.715456265783
2022-12-21 04:00:00+00:00,8761.715456265783
2022-12-21 05:00:00+00:00,8761.715456265783
2022-12-21 06:00:00+00:00,8761.715456265783
2022-12-21 07:00:00+00:00,8761.715456265783
2022-12-21 08:00:00+00:00,8761.715456265783
2022-12-21 09:00:00+00:00,8761.715456265783
2022-12-21 10:00:00+00:00,8761.715456265783
2022-12-21 11:00:00+00:00,8761.715456265783
2022-12-21 12:00:00+00:00,8761.715456265783
2022-12-21 13:00:00+00:00,8761.715456265783
2022-12-21 14:00:00+00:00,8761.715456265783
2022-12-21 15:00:00+00:00,8761.715456265783
2022-12-21 16:00:00+00:00,8761.715456265783
2022-12-21 17:00:00+00:00,8761.715456265783
2022-12-21 18:00:00+00:00,8761.715456265783
2022-12-21 19:00:00+00:00,8761.715456265783
2022-12-21 20:00:00+00:00,8761.715456265783
2022-12-21 21:00:00+00:00,8761.715456265783
2022-12-21 22:00:00+00:00,8761.715456265783
2022-12-21 23:00:00+00:00,8761.715456265783
2022-12-22 00:00:00+00:00,8761.715456265783
2022-12-22 02:00:00+00:00,8761.715456265783
2022-12-22 03:00:00+00:00,8761.715456265783
2022-12-22 04:00:00+00:00,8717.437176944197
2022-12-22 05:00:00+00:00,8717.437176944197
2022-12-22 06:00:00+00:00,8717.437176944197
2022-12-22 07:00:00+00:00,8717.437176944197
2022-12-22 08:00:00+00:00,8717.437176944197
2022-12-22 09:00:00+00:00,8717.437176944197
2022-12-22 10:00:00+00:00,8717.437176944197
2022-12-22 11:00:00+00:00,8746.715930393366
2022-12-22 12:00:00+00:00,8746.715930393366
2022-12-22 13:00:00+00:00,8746.715930393366
2022-12-22 14:00:00+00:00,8746.715930393366
2022-12-22 15:00:00+00:00,8746.715930393366
2022-12-22 16:00:00+00:00,8746.715930393366
2022-12-22 17:00:00+00:00,8702.804147309456
2022-12-22 18:00:00+00:00,8702.804147309456
2022-12-22 19:00:00+00:00,8702.804147309456
2022-12-22 20:00:00+00:00,8702.804147309456
2022-12-22 21:00:00+00:00,8702.804147309456
2022-12-22 22:00:00+00:00,8702.804147309456
2022-12-22 23:00:00+00:00,8702.804147309456
2022-12-23 00:00:00+00:00,8702.804147309456
2022-12-23 02:00:00+00:00,8702.804147309456
2022-12-23 03:00:00+00:00,8702.804147309456
2022-12-23 04:00:00+00:00,8702.804147309456
2022-12-23 05:00:00+00:00,8702.804147309456
2022-12-23 06:00:00+00:00,8702.804147309456
2022-12-23 07:00:00+00:00,8746.011884811533
2022-12-23 08:00:00+00:00,8746.011884811533
2022-12-23 09:00:00+00:00,8746.011884811533
2022-12-23 10:00:00+00:00,8756.26170771957
2022-12-23 11:00:00+00:00,8756.26170771957
2022-12-23 12:00:00+00:00,8761.534997609875
2022-12-23 13:00:00+00:00,8761.534997609875
2022-12-23 14:00:00+00:00,8761.534997609875
2022-12-23 15:00:00+00:00,8761.534997609875
2022-12-23 16:00:00+00:00,8761.534997609875
2022-12-23 17:00:00+00:00,8761.534997609875
2022-12-23 18:00:00+00:00,8761.534997609875
2022-12-23 19:00:00+00:00,8761.534997609875
2022-12-23 20:00:00+00:00,8761.534997609875
2022-12-23 21:00:00+00:00,8761.534997609875
2022-12-23 22:00:00+00:00,8761.534997609875
2022-12-23 23:00:00+00:00,8804.986281367164
2022-12-24 00:00:00+00:00,8804.986281367164
2022-12-26 02:00:00+00:00,8804.986281367164
2022-12-26 03:00:00+00:00,8804.986281367164
2022-12-26 04:00:00+00:00,8804.986281367164
2022-12-26 05:00:00+00:00,8804.986281367164
2022-12-26 06:00:00+00:00,8804.986281367164
2022-12-26 07:00:00+00:00,8804.986281367164
2022-12-26 08:00:00+00:00,8804.986281367164
2022-12-26 09:00:00+00:00,8804.986281367164
2022-12-26 10:00:00+00:00,8804.986281367164
2022-12-26 11:00:00+00:00,8804.986281367164
2022-12-26 12:00:00+00:00,8804.986281367164
2022-12-26 13:00:00+00:00,8804.986281367164
2022-12-26 14:00:00+00:00,8804.986281367164
2022-12-26 15:00:00+00:00,8804.986281367164
2022-12-26 16:00:00+00:00,8804.986281367164
2022-12-26 17:00:00+00:00,8804.986281367164
2022-12-26 18:00:00+00:00,8804.986281367164
2022-12-26 19:00:00+00:00,8804.986281367164
2022-12-26 20:00:00+00:00,8804.986281367164
2022-12-26 21:00:00+00:00,8804.986281367164
2022-12-26 22:00:00+00:00,8804.986281367164
2022-12-26 23:00:00+00:00,8804.986281367164
2022-12-27 00:00:00+00:00,8804.986281367164
2022-12-27 02:00:00+00:00,8804.986281367164
2022-12-27 03:00:00+00:00,8804.986281367164
2022-12-27 04:00:00+00:00,8804.986281367164
2022-12-27 05:00:00+00:00,8804.986281367164
2022-12-27 06:00:00+00:00,8804.986281367164
2022-12-27 07:00:00+00:00,8804.986281367164
2022-12-27 08:00:00+00:00,8804.986281367164
2022-12-27 09:00:00+00:00,8804.986281367164
2022-12-27 10:00:00+00:00,8804.986281367164
2022-12-27 11:00:00+00:00,8804.986281367164
2022-12-27 12:00:00+00:00,8804.986281367164
2022-12-27 13:00:00+00:00,8804.986281367164
2022-12-27 14:00:00+00:00,8804.986281367164
2022-12-27 15:00:00+00:00,8804.986281367164
2022-12-27 16:00:00+00:00,8804.986281367164
2022-12-27 17:00:00+00:00,8804.986281367164
2022-12-27 18:00:00+00:00,8804.986281367164
2022-12-27 19:00:00+00:00,8804.986281367164
2022-12-27 20:00:00+00:00,8760.711303355754
2022-12-27 21:00:00+00:00,8760.711303355754
2022-12-27 22:00:00+00:00,8760.711303355754
2022-12-27 23:00:00+00:00,8760.711303355754
2022-12-28 00:00:00+00:00,8760.711303355754
2022-12-28 02:00:00+00:00,8760.711303355754
2022-12-28 03:00:00+00:00,8760.711303355754
2022-12-28 04:00:00+00:00,8760.711303355754
2022-12-28 05:00:00+00:00,8760.711303355754
2022-12-28 06:00:00+00:00,8760.711303355754
2022-12-28 07:00:00+00:00,8760.711303355754
2022-12-28 08:00:00+00:00,8716.68543199163
2022-12-28 09:00:00+00:00,8716.68543199163
2022-12-28 10:00:00+00:00,8716.68543199163
2022-12-28 11:00:00+00:00,8716.68543199163
2022-12-28 12:00:00+00:00,8716.68543199163
2022-12-28 13:00:00+00:00,8716.68543199163
2022-12-28 14:00:00+00:00,8716.68543199163
2022-12-28 15:00:00+00:00,8716.68543199163
2022-12-28 16:00:00+00:00,8716.68543199163
2022-12-28 17:00:00+00:00,8716.68543199163
2022-12-28 18:00:00+00:00,8716.68543199163
2022-12-28 19:00:00+00:00,8716.68543199163
2022-12-28 20:00:00+00:00,8716.68543199163
2022-12-28 21:00:00+00:00,8716.68543199163
2022-12-28 22:00:00+00:00,8716.68543199163
2022-12-28 23:00:00+00:00,8716.68543199163
2022-12-29 00:00:00+00:00,8716.68543199163
2022-12-29 02:00:00+00:00,8716.68543199163
2022-12-29 03:00:00+00:00,8716.68543199163
2022-12-29 04:00:00+00:00,8716.68543199163
2022-12-29 05:00:00+00:00,8716.68543199163
2022-12-29 06:00:00+00:00,8716.68543199163
2022-12-29 07:00:00+00:00,8716.68543199163
2022-12-29 08:00:00+00:00,8716.68543199163
2022-12-29 09:00:00+00:00,8716.68543199163
2022-12-29 10:00:00+00:00,8716.68543199163
2022-12-29 11:00:00+00:00,8716.68543199163
2022-12-29 12:00:00+00:00,8716.68543199163
2022-12-29 13:00:00+00:00,8716.68543199163
2022-12-29 14:00:00+00:00,8716.68543199163
2022-12-29 15:00:00+00:00,8716.68543199163
2022-12-29 16:00:00+00:00,8716.68543199163
2022-12-29 17:00:00+00:00,8716.68543199163
2022-12-29 18:00:00+00:00,8716.68543199163
2022-12-29 19:00:00+00:00,8716.68543199163
2022-12-29 20:00:00+00:00,8716.68543199163
2022-12-29 21:00:00+00:00,8847.240323080265
2022-12-29 22:00:00+00:00,8847.240323080265
2022-12-29 23:00:00+00:00,8802.650088504479
2022-12-30 00:00:00+00:00,8802.650088504479
2022-12-30 02:00:00+00:00,8802.650088504479
2022-12-30 03:00:00+00:00,8758.383970460693
2022-12-30 04:00:00+00:00,8714.37675572843
2022-12-30 05:00:00+00:00,8714.37675572843
2022-12-30 06:00:00+00:00,8714.37675572843
2022-12-30 07:00:00+00:00,8714.37675572843
2022-12-30 08:00:00+00:00,8714.37675572843
2022-12-30 09:00:00+00:00,8714.37675572843
2022-12-30 10:00:00+00:00,8724.828134170864
2022-12-30 11:00:00+00:00,8721.47235812558
2022-12-30 12:00:00+00:00,8721.47235812558
2022-12-30 13:00:00+00:00,8721.47235812558
2022-12-30 14:00:00+00:00,8721.47235812558
2022-12-30 15:00:00+00:00,8721.47235812558
2022-12-30 16:00:00+00:00,8721.47235812558
2022-12-30 17:00:00+00:00,8716.879855467694
2022-12-30 18:00:00+00:00,8803.702386957291
2022-12-30 19:00:00+00:00,8759.377225476253
2022-12-30 20:00:00+00:00,8759.377225476253
2022-12-30 21:00:00+00:00,8715.289679562686
2022-12-30 22:00:00+00:00,8715.289679562686
2022-12-30 23:00:00+00:00,8715.289679562686
2022-12-31 00:00:00+00:00,8715.289679562686
2023-01-02 02:00:00+00:00,8715.289679562686
2023-01-02 03:00:00+00:00,8715.289679562686
2023-01-02 04:00:00+00:00,8671.533335567954
2023-01-02 05:00:00+00:00,8671.533335567954
2023-01-02 06:00:00+00:00,8671.533335567954
2023-01-02 07:00:00+00:00,8671.533335567954
2023-01-02 08:00:00+00:00,8671.533335567954
2023-01-02 09:00:00+00:00,8671.533335567954
2023-01-02 10:00:00+00:00,8671.533335567954
2023-01-02 11:00:00+00:00,8671.533335567954
2023-01-02 12:00:00+00:00,8671.533335567954
2023-01-02 13:00:00+00:00,8628.061844831776
2023-01-02 14:00:00+00:00,8628.061844831776
2023-01-02 15:00:00+00:00,8628.061844831776
2023-01-02 16:00:00+00:00,8628.061844831776
2023-01-02 17:00:00+00:00,8628.061844831776
2023-01-02 18:00:00+00:00,8628.061844831776
2023-01-02 19:00:00+00:00,8622.622590114654
2023-01-02 20:00:00+00:00,8622.622590114654
2023-01-02 21:00:00+00:00,8579.367481385258
2023-01-02 22:00:00+00:00,8579.367481385258
2023-01-02 23:00:00+00:00,8596.487950243052
2023-01-03 00:00:00+00:00,8596.487950243052
2023-01-03 02:00:00+00:00,8596.487950243052
2023-01-03 03:00:00+00:00,8596.487950243052
2023-01-03 04:00:00+00:00,8596.487950243052
2023-01-03 05:00:00+00:00,8596.487950243052
2023-01-03 06:00:00+00:00,8612.469386126591
2023-01-03 07:00:00+00:00,8612.469386126591
2023-01-03 08:00:00+00:00,8612.469386126591
2023-01-03 09:00:00+00:00,8612.469386126591
2023-01-03 10:00:00+00:00,8612.469386126591
2023-01-03 11:00:00+00:00,8612.469386126591
2023-01-03 12:00:00+00:00,8612.469386126591
2023-01-03 13:00:00+00:00,8612.469386126591
2023-01-03 14:00:00+00:00,8612.469386126591
2023-01-03 15:00:00+00:00,8612.469386126591
2023-01-03 16:00:00+00:00,8612.469386126591
2023-01-03 17:00:00+00:00,8612.469386126591
2023-01-03 18:00:00+00:00,8612.469386126591
2023-01-03 19:00:00+00:00,8612.469386126591
2023-01-03 20:00:00+00:00,8569.258759535465
2023-01-03 21:00:00+00:00,8569.258759535465
2023-01-03 22:00:00+00:00,8569.258759535465
2023-01-03 23:00:00+00:00,8569.258759535465
2023-01-04 00:00:00+00:00,8569.258759535465
2023-01-04 02:00:00+00:00,8569.258759535465
2023-01-04 03:00:00+00:00,8569.258759535465
2023-01-04 04:00:00+00:00,8569.258759535465
2023-01-04 05:00:00+00:00,8569.258759535465
2023-01-04 06:00:00+00:00,8569.258759535465
2023-01-04 07:00:00+00:00,8569.258759535465
2023-01-04 08:00:00+00:00,8697.522111480343
2023-01-04 09:00:00+00:00,8697.522111480343
2023-01-04 10:00:00+00:00,8697.522111480343
2023-01-04 11:00:00+00:00,8697.522111480343
2023-01-04 12:00:00+00:00,8697.522111480343
2023-01-04 13:00:00+00:00,8740.62691004905
2023-01-04 14:00:00+00:00,8740.62691004905
2023-01-04 15:00:00+00:00,8740.62691004905
2023-01-04 16:00:00+00:00,8740.62691004905
2023-01-04 17:00:00+00:00,8740.62691004905
2023-01-04 18:00:00+00:00,8740.62691004905
2023-01-04 19:00:00+00:00,8740.62691004905
2023-01-04 20:00:00+00:00,8740.62691004905
2023-01-04 21:00:00+00:00,8740.62691004905
2023-01-04 22:00:00+00:00,8740.62691004905
2023-01-04 23:00:00+00:00,8740.62691004905
2023-01-05 00:00:00+00:00,8740.62691004905
2023-01-05 02:00:00+00:00,8740.62691004905
2023-01-05 03:00:00+00:00,8740.62691004905
2023-01-05 04:00:00+00:00,8740.62691004905
2023-01-05 05:00:00+00:00,8740.62691004905
2023-01-05 06:00:00+00:00,8759.14136287914
2023-01-05 07:00:00+00:00,8759.14136287914
2023-01-05 08:00:00+00:00,8759.14136287914
2023-01-05 09:00:00+00:00,8759.14136287914
2023-01-05 10:00:00+00:00,8759.14136287914
2023-01-05 11:00:00+00:00,8759.14136287914
2023-01-05 12:00:00+00:00,8759.14136287914
2023-01-05 13:00:00+00:00,8759.14136287914
2023-01-05 14:00:00+00:00,8759.14136287914
2023-01-05 15:00:00+00:00,8802.549647706794
2023-01-05 16:00:00+00:00,8802.549647706794
2023-01-05 17:00:00+00:00,8802.549647706794
2023-01-05 18:00:00+00:00,8802.549647706794
2023-01-05 19:00:00+00:00,8802.549647706794
2023-01-05 20:00:00+00:00,8802.549647706794
2023-01-05 21:00:00+00:00,8802.549647706794
2023-01-05 22:00:00+00:00,8802.549647706794
2023-01-05 23:00:00+00:00,8802.549647706794
2023-01-06 00:00:00+00:00,8802.549647706794
2023-01-06 02:00:00+00:00,8802.549647706794
2023-01-06 03:00:00+00:00,8802.549647706794
2023-01-06 04:00:00+00:00,8802.549647706794
2023-01-06 05:00:00+00:00,8802.549647706794
2023-01-06 06:00:00+00:00,8802.549647706794
2023-01-06 07:00:00+00:00,8802.549647706794
2023-01-06 08:00:00+00:00,8802.549647706794
2023-01-06 09:00:00+00:00,8802.549647706794
2023-01-06 10:00:00+00:00,8802.549647706794
2023-01-06 11:00:00+00:00,8802.549647706794
2023-01-06 12:00:00+00:00,8802.549647706794
2023-01-06 13:00:00+00:00,8802.549647706794
2023-01-06 14:00:00+00:00,8802.549647706794
2023-01-06 15:00:00+00:00,8802.549647706794
2023-01-06 16:00:00+00:00,8802.549647706794
2023-01-06 17:00:00+00:00,8802.549647706794
2023-01-06 18:00:00+00:00,8802.549647706794
2023-01-06 19:00:00+00:00,8758.315153816515
2023-01-06 20:00:00+00:00,8714.309956788895
2023-01-06 21:00:00+00:00,8779.491695885416
2023-01-06 22:00:00+00:00,8735.348143353194
2023-01-06 23:00:00+00:00,8691.475091196335
2023-01-07 00:00:00+00:00,8778.22237834237
2023-01-09 02:00:00+00:00,8778.22237834237
2023-01-09 03:00:00+00:00,8734.18325572265
2023-01-09 04:00:00+00:00,8734.18325572265
2023-01-09 05:00:00+00:00,8734.18325572265
2023-01-09 06:00:00+00:00,8734.18325572265
2023-01-09 07:00:00+00:00,8734.18325572265
2023-01-09 08:00:00+00:00,8734.18325572265
2023-01-09 09:00:00+00:00,8734.18325572265
2023-01-09 10:00:00+00:00,8734.18325572265
2023-01-09 11:00:00+00:00,8740.452316240322
2023-01-09 12:00:00+00:00,8737.20510743249
2023-01-09 13:00:00+00:00,8737.20510743249
2023-01-09 14:00:00+00:00,8737.20510743249
2023-01-09 15:00:00+00:00,8756.890849660305
2023-01-09 16:00:00+00:00,8756.890849660305
2023-01-09 17:00:00+00:00,8756.889514477023
2023-01-09 18:00:00+00:00,8756.889514477023
2023-01-09 19:00:00+00:00,8756.889514477023
2023-01-09 20:00:00+00:00,8756.889514477023
2023-01-09 21:00:00+00:00,8756.889514477023
2023-01-09 22:00:00+00:00,8756.889514477023
2023-01-09 23:00:00+00:00,8731.654668261996
2023-01-10 00:00:00+00:00,8716.417849542631
2023-01-10 02:00:00+00:00,8716.417849542631
2023-01-10 03:00:00+00:00,8716.417849542631
2023-01-10 04:00:00+00:00,8716.417849542631
2023-01-10 05:00:00+00:00,8716.417849542631
2023-01-10 06:00:00+00:00,8716.417849542631
2023-01-10 07:00:00+00:00,8716.417849542631
2023-01-10 08:00:00+00:00,8716.417849542631
2023-01-10 09:00:00+00:00,8716.417849542631
2023-01-10 10:00:00+00:00,8716.417849542631
2023-01-10 11:00:00+00:00,8716.417849542631
2023-01-10 12:00:00+00:00,8716.417849542631
2023-01-10 13:00:00+00:00,8716.417849542631
2023-01-10 14:00:00+00:00,8716.417849542631
2023-01-10 15:00:00+00:00,8716.417849542631
2023-01-10 16:00:00+00:00,8716.417849542631
2023-01-10 17:00:00+00:00,8716.417849542631
2023-01-10 18:00:00+00:00,8716.417849542631
2023-01-10 19:00:00+00:00,8716.417849542631
2023-01-10 20:00:00+00:00,8716.417849542631
2023-01-10 21:00:00+00:00,8672.680055100796
2023-01-10 22:00:00+00:00,8672.680055100796
2023-01-10 23:00:00+00:00,8673.944295455414
2023-01-11 00:00:00+00:00,8673.944295455414
2023-01-11 02:00:00+00:00,8673.944295455414
2023-01-11 03:00:00+00:00,8673.944295455414
2023-01-11 04:00:00+00:00,8673.944295455414
2023-01-11 05:00:00+00:00,8675.357778288606
2023-01-11 06:00:00+00:00,8682.512254225225
2023-01-11 07:00:00+00:00,8680.961236851492
2023-01-11 08:00:00+00:00,8637.340524605796
2023-01-11 09:00:00+00:00,8637.340524605796
2023-01-11 10:00:00+00:00,8637.340524605796
2023-01-11 11:00:00+00:00,8637.340524605796
2023-01-11 12:00:00+00:00,8637.340524605796
2023-01-11 13:00:00+00:00,8637.340524605796
2023-01-11 14:00:00+00:00,8637.340524605796
2023-01-11 15:00:00+00:00,8637.340524605796
2023-01-11 16:00:00+00:00,8593.949239480844
2023-01-11 17:00:00+00:00,8593.949239480844
2023-01-11 18:00:00+00:00,8593.949239480844
2023-01-11 19:00:00+00:00,8593.949239480844
2023-01-11 20:00:00+00:00,8593.949239480844
2023-01-11 21:00:00+00:00,8593.949239480844
2023-01-11 22:00:00+00:00,8593.949239480844
2023-01-11 23:00:00+00:00,8593.949239480844
2023-01-12 00:00:00+00:00,8550.627044318297
2023-01-12 02:00:00+00:00,8550.627044318297
2023-01-12 03:00:00+00:00,8550.627044318297
2023-01-12 04:00:00+00:00,8550.627044318297
2023-01-12 05:00:00+00:00,8550.627044318297
2023-01-12 06:00:00+00:00,8550.627044318297
2023-01-12 07:00:00+00:00,8550.627044318297
2023-01-12 08:00:00+00:00,8550.627044318297
2023-01-12 09:00:00+00:00,8550.627044318297
2023-01-12 10:00:00+00:00,8550.627044318297
2023-01-12 11:00:00+00:00,8550.627044318297
2023-01-12 12:00:00+00:00,8550.627044318297
2023-01-12 13:00:00+00:00,8550.627044318297
2023-01-12 14:00:00+00:00,8550.627044318297
2023-01-12 15:00:00+00:00,8550.627044318297
2023-01-12 16:00:00+00:00,8550.627044318297
2023-01-12 17:00:00+00:00,8550.627044318297
2023-01-12 18:00:00+00:00,8550.627044318297
2023-01-12 19:00:00+00:00,8678.578519884391
2023-01-12 20:00:00+00:00,8764.958475017916
2023-01-12 21:00:00+00:00,8764.958475017916
2023-01-12 22:00:00+00:00,8764.958475017916
2023-01-12 23:00:00+00:00,8764.958475017916
2023-01-13 00:00:00+00:00,8764.958475017916
2023-01-13 02:00:00+00:00,8764.958475017916
2023-01-13 03:00:00+00:00,8764.958475017916
2023-01-13 04:00:00+00:00,8764.958475017916
2023-01-13 05:00:00+00:00,8764.958475017916
2023-01-13 06:00:00+00:00,8764.958475017916
2023-01-13 07:00:00+00:00,8777.919311743468
2023-01-13 08:00:00+00:00,8821.378210425668
2023-01-13 09:00:00+00:00,8865.082262942207
2023-01-13 10:00:00+00:00,8865.082262942207
2023-01-13 11:00:00+00:00,8953.389847682685
2023-01-13 12:00:00+00:00,8953.389847682685
2023-01-13 13:00:00+00:00,8977.755322944558
2023-01-13 14:00:00+00:00,9007.232891217283
2023-01-13 15:00:00+00:00,9007.232891217283
2023-01-13 16:00:00+00:00,9009.249213471698
2023-01-13 17:00:00+00:00,8998.444962702004
2023-01-13 18:00:00+00:00,8998.444962702004
2023-01-13 19:00:00+00:00,8953.148981970437
2023-01-13 20:00:00+00:00,8953.148981970437
2023-01-13 21:00:00+00:00,8953.148981970437
2023-01-13 22:00:00+00:00,8953.148981970437
2023-01-13 23:00:00+00:00,8953.148981970437
2023-01-14 00:00:00+00:00,8953.148981970437
2023-01-16 02:00:00+00:00,8953.148981970437
2023-01-16 03:00:00+00:00,8953.148981970437
2023-01-16 04:00:00+00:00,8953.148981970437
2023-01-16 05:00:00+00:00,8953.148981970437
2023-01-16 06:00:00+00:00,8953.15538123585
2023-01-16 07:00:00+00:00,8997.5206251846
2023-01-16 08:00:00+00:00,8997.5206251846
2023-01-16 09:00:00+00:00,8997.5206251846
2023-01-16 10:00:00+00:00,8997.5206251846
2023-01-16 11:00:00+00:00,8997.5206251846
2023-01-16 12:00:00+00:00,8997.5206251846
2023-01-16 13:00:00+00:00,8997.5206251846
2023-01-16 14:00:00+00:00,8997.5206251846
2023-01-16 15:00:00+00:00,8997.5206251846
2023-01-16 16:00:00+00:00,8997.5206251846
2023-01-16 17:00:00+00:00,8997.5206251846
2023-01-16 18:00:00+00:00,8997.5206251846
2023-01-16 19:00:00+00:00,8997.5206251846
2023-01-16 20:00:00+00:00,8997.5206251846
2023-01-16 21:00:00+00:00,8997.5206251846
2023-01-16 22:00:00+00:00,8997.5206251846
2023-01-16 23:00:00+00:00,8997.5206251846
2023-01-17 00:00:00+00:00,8997.5206251846
2023-01-17 02:00:00+00:00,8997.5206251846
2023-01-17 03:00:00+00:00,8997.5206251846
2023-01-17 04:00:00+00:00,8997.5206251846
2023-01-17 05:00:00+00:00,8997.5206251846
2023-01-17 06:00:00+00:00,8997.5206251846
2023-01-17 07:00:00+00:00,8997.5206251846
2023-01-17 08:00:00+00:00,8997.5206251846
2023-01-17 09:00:00+00:00,8997.5206251846
2023-01-17 10:00:00+00:00,8997.5206251846
2023-01-17 11:00:00+00:00,8997.5206251846
2023-01-17 12:00:00+00:00,8997.5206251846
2023-01-17 13:00:00+00:00,8997.5206251846
2023-01-17 14:00:00+00:00,8997.5206251846
2023-01-17 15:00:00+00:00,8997.5206251846
2023-01-17 16:00:00+00:00,8997.5206251846
2023-01-17 17:00:00+00:00,8997.5206251846
2023-01-17 18:00:00+00:00,8997.5206251846
2023-01-17 19:00:00+00:00,8997.5206251846
2023-01-17 20:00:00+00:00,8997.5206251846
2023-01-17 21:00:00+00:00,8997.5206251846
2023-01-17 22:00:00+00:00,8997.5206251846
2023-01-17 23:00:00+00:00,8997.5206251846
2023-01-18 00:00:00+00:00,9132.25961713195
2023-01-18 02:00:00+00:00,9132.25961713195
2023-01-18 03:00:00+00:00,9132.25961713195
2023-01-18 04:00:00+00:00,9086.254838629715
2023-01-18 05:00:00+00:00,9086.254838629715
2023-01-18 06:00:00+00:00,9086.254838629715
2023-01-18 07:00:00+00:00,9086.254838629715
2023-01-18 08:00:00+00:00,9086.254838629715
2023-01-18 09:00:00+00:00,9086.254838629715
2023-01-18 10:00:00+00:00,9086.254838629715
2023-01-18 11:00:00+00:00,9086.254838629715
2023-01-18 12:00:00+00:00,9086.254838629715
2023-01-18 13:00:00+00:00,9086.254838629715
2023-01-18 14:00:00+00:00,9086.254838629715
2023-01-18 15:00:00+00:00,9086.254838629715
2023-01-18 16:00:00+00:00,9086.254838629715
2023-01-18 17:00:00+00:00,9109.065753803929
2023-01-18 18:00:00+00:00,9109.065753803929
2023-01-18 19:00:00+00:00,9109.065753803929
2023-01-25 07:00:00+00:00,9109.065753803929
2023-01-25 08:00:00+00:00,9109.065753803929
2023-01-25 09:00:00+00:00,9087.053906700236
2023-01-25 10:00:00+00:00,9041.379122212495
2023-01-25 11:00:00+00:00,9041.379122212495
2023-01-25 12:00:00+00:00,9018.361858804501
2023-01-25 13:00:00+00:00,9009.57556541575
2023-01-25 14:00:00+00:00,9009.57556541575
2023-01-25 15:00:00+00:00,9003.618317339035
2023-01-25 16:00:00+00:00,9003.618317339035
2023-01-25 17:00:00+00:00,9003.618317339035
2023-01-25 18:00:00+00:00,9003.618317339035
2023-01-25 19:00:00+00:00,9003.618317339035
2023-01-25 20:00:00+00:00,9003.618317339035
2023-01-25 21:00:00+00:00,9003.618317339035
2023-01-25 22:00:00+00:00,9003.618317339035
2023-01-25 23:00:00+00:00,9003.618317339035
2023-01-26 00:00:00+00:00,9003.618317339035
2023-01-26 02:00:00+00:00,9003.618317339035
2023-01-26 03:00:00+00:00,9003.618317339035
2023-01-26 04:00:00+00:00,9003.618317339035
2023-01-26 05:00:00+00:00,9003.618317339035
2023-01-26 06:00:00+00:00,9003.618317339035
2023-01-26 07:00:00+00:00,9023.124374207417
2023-01-26 08:00:00+00:00,9026.424517094803
2023-01-26 09:00:00+00:00,9018.143847855454
2023-01-26 10:00:00+00:00,9018.143847855454
2023-01-26 11:00:00+00:00,9018.143847855454
2023-01-26 12:00:00+00:00,8972.89707785736
2023-01-26 13:00:00+00:00,8972.89707785736
2023-01-26 14:00:00+00:00,8972.89707785736
2023-01-26 15:00:00+00:00,8966.851177750703
2023-01-26 16:00:00+00:00,8966.851177750703
2023-01-26 17:00:00+00:00,8966.851177750703
2023-01-26 18:00:00+00:00,8966.851177750703
2023-01-26 19:00:00+00:00,8966.851177750703
2023-01-26 20:00:00+00:00,8966.851177750703
2023-01-26 21:00:00+00:00,8966.851177750703
2023-01-26 22:00:00+00:00,8966.851177750703
2023-01-26 23:00:00+00:00,8956.349696889763
2023-01-27 00:00:00+00:00,8956.349696889763
2023-01-27 02:00:00+00:00,8956.349696889763
2023-01-27 03:00:00+00:00,8969.523179425381
2023-01-27 04:00:00+00:00,8989.702104627413
2023-01-27 05:00:00+00:00,8989.702104627413
2023-01-27 06:00:00+00:00,8935.748390077582
2023-01-27 07:00:00+00:00,8935.748390077582
2023-01-27 08:00:00+00:00,8935.748390077582
2023-01-27 09:00:00+00:00,8935.748390077582
2023-01-27 10:00:00+00:00,8935.748390077582
2023-01-27 11:00:00+00:00,8935.748390077582
2023-01-27 12:00:00+00:00,8935.748390077582
2023-01-27 13:00:00+00:00,8935.748390077582
2023-01-27 14:00:00+00:00,8935.748390077582
2023-01-27 15:00:00+00:00,8935.748390077582
2023-01-27 16:00:00+00:00,8935.748390077582
2023-01-27 17:00:00+00:00,8935.748390077582
2023-01-27 18:00:00+00:00,8935.748390077582
2023-01-27 19:00:00+00:00,8935.748390077582
2023-01-27 20:00:00+00:00,8935.748390077582
2023-01-27 21:00:00+00:00,8935.748390077582
2023-01-27 22:00:00+00:00,8935.748390077582
2023-01-27 23:00:00+00:00,8935.748390077582
2023-01-28 00:00:00+00:00,8935.748390077582
2023-01-30 02:00:00+00:00,8935.748390077582
2023-01-30 03:00:00+00:00,8935.748390077582
2023-01-30 04:00:00+00:00,8935.748390077582
2023-01-30 05:00:00+00:00,8935.748390077582
2023-01-30 06:00:00+00:00,8935.748390077582
2023-01-30 07:00:00+00:00,8935.748390077582
2023-01-30 08:00:00+00:00,8935.748390077582
2023-01-30 09:00:00+00:00,8935.748390077582
2023-01-30 10:00:00+00:00,8935.748390077582
2023-01-30 11:00:00+00:00,8935.748390077582
2023-01-30 12:00:00+00:00,8935.748390077582
2023-01-30 13:00:00+00:00,8935.748390077582
2023-01-30 14:00:00+00:00,8935.748390077582
2023-01-30 15:00:00+00:00,8935.748390077582
2023-01-30 16:00:00+00:00,8935.748390077582
2023-01-30 17:00:00+00:00,8935.748390077582
2023-01-30 18:00:00+00:00,8935.748390077582
2023-01-30 19:00:00+00:00,8935.748390077582
2023-01-30 20:00:00+00:00,8935.748390077582
2023-01-30 21:00:00+00:00,8935.748390077582
2023-01-30 22:00:00+00:00,8935.748390077582
2023-01-30 23:00:00+00:00,8935.748390077582
2023-01-31 00:00:00+00:00,8935.748390077582
2023-01-31 02:00:00+00:00,8935.748390077582
2023-01-31 03:00:00+00:00,8935.748390077582
2023-01-31 04:00:00+00:00,8935.748390077582
2023-01-31 05:00:00+00:00,8935.748390077582
2023-01-31 06:00:00+00:00,8935.748390077582
2023-01-31 07:00:00+00:00,8935.748390077582
2023-01-31 08:00:00+00:00,8935.748390077582
2023-01-31 09:00:00+00:00,8935.748390077582
2023-01-31 10:00:00+00:00,8935.748390077582
2023-01-31 11:00:00+00:00,8935.748390077582
2023-01-31 12:00:00+00:00,8935.748390077582
2023-01-31 13:00:00+00:00,8972.174996964894
2023-01-31 14:00:00+00:00,8972.174996964894
2023-01-31 15:00:00+00:00,8972.174996964894
2023-01-31 16:00:00+00:00,8972.174996964894
2023-01-31 17:00:00+00:00,8972.174996964894
2023-01-31 18:00:00+00:00,8972.174996964894
2023-01-31 19:00:00+00:00,8972.174996964894
2023-01-31 20:00:00+00:00,8972.174996964894
2023-01-31 21:00:00+00:00,8972.174996964894
2023-01-31 22:00:00+00:00,8972.174996964894
2023-01-31 23:00:00+00:00,8972.174996964894
2023-02-01 00:00:00+00:00,8972.174996964894
2023-02-01 02:00:00+00:00,8972.174996964894
2023-02-01 03:00:00+00:00,8926.988200997603
2023-02-01 04:00:00+00:00,8926.988200997603
2023-02-01 05:00:00+00:00,8926.988200997603
2023-02-01 06:00:00+00:00,8926.988200997603
2023-02-01 07:00:00+00:00,8923.533697257399
2023-02-01 08:00:00+00:00,8923.533697257399
2023-02-01 09:00:00+00:00,8923.533697257399
2023-02-01 10:00:00+00:00,8923.533697257399
2023-02-01 11:00:00+00:00,8923.533697257399
2023-02-01 12:00:00+00:00,8878.474490027726
2023-02-01 13:00:00+00:00,8878.474490027726
2023-02-01 14:00:00+00:00,8878.474490027726
2023-02-01 15:00:00+00:00,8878.474490027726
2023-02-01 16:00:00+00:00,8878.474490027726
2023-02-01 17:00:00+00:00,8878.474490027726
2023-02-01 18:00:00+00:00,8878.474490027726
2023-02-01 19:00:00+00:00,8878.474490027726
2023-02-01 20:00:00+00:00,8878.474490027726
2023-02-01 21:00:00+00:00,8878.474490027726
2023-02-01 22:00:00+00:00,8878.474490027726
2023-02-01 23:00:00+00:00,8878.474490027726
2023-02-02 00:00:00+00:00,8878.474490027726
2023-02-02 02:00:00+00:00,8878.474490027726
2023-02-02 03:00:00+00:00,8878.474490027726
2023-02-02 04:00:00+00:00,8878.474490027726
2023-02-02 05:00:00+00:00,8878.474490027726
2023-02-02 06:00:00+00:00,8878.474490027726
2023-02-02 07:00:00+00:00,8905.675428887693
2023-02-02 08:00:00+00:00,8905.675428887693
2023-02-02 09:00:00+00:00,8905.675428887693
2023-02-02 10:00:00+00:00,8905.675428887693
2023-02-02 11:00:00+00:00,8905.675428887693
2023-02-02 12:00:00+00:00,8905.675428887693
2023-02-02 13:00:00+00:00,8905.675428887693
2023-02-02 14:00:00+00:00,8900.808741909888
2023-02-02 15:00:00+00:00,8900.808741909888
2023-02-02 16:00:00+00:00,8891.747123931715
2023-02-02 17:00:00+00:00,8891.747123931715
2023-02-02 18:00:00+00:00,8891.747123931715
2023-02-02 19:00:00+00:00,8891.747123931715
2023-02-02 20:00:00+00:00,8891.747123931715
2023-02-02 21:00:00+00:00,8891.747123931715
2023-02-02 22:00:00+00:00,8891.747123931715
2023-02-02 23:00:00+00:00,8891.747123931715
2023-02-03 00:00:00+00:00,8846.524271598311
2023-02-03 02:00:00+00:00,8846.524271598311
2023-02-03 03:00:00+00:00,8846.524271598311
2023-02-03 04:00:00+00:00,8846.524271598311
2023-02-03 05:00:00+00:00,8846.524271598311
2023-02-03 06:00:00+00:00,8846.524271598311
2023-02-03 07:00:00+00:00,8801.837869927953
2023-02-03 08:00:00+00:00,8801.837869927953
2023-02-03 09:00:00+00:00,8801.837869927953
2023-02-03 10:00:00+00:00,8801.837869927953
2023-02-03 11:00:00+00:00,8889.636518854477
2023-02-03 12:00:00+00:00,8889.636518854477
2023-02-03 13:00:00+00:00,8879.302387481319
2023-02-03 14:00:00+00:00,8879.302387481319
2023-02-03 15:00:00+00:00,8879.302387481319
2023-02-03 16:00:00+00:00,8913.261306472798
2023-02-03 17:00:00+00:00,8913.261306472798
2023-02-03 18:00:00+00:00,8913.261306472798
2023-02-03 19:00:00+00:00,8913.261306472798
2023-02-03 20:00:00+00:00,8894.643809955161
2023-02-03 21:00:00+00:00,8894.643809955161
2023-02-03 22:00:00+00:00,8894.643809955161
2023-02-03 23:00:00+00:00,8894.643809955161
2023-02-04 00:00:00+00:00,8894.643809955161
2023-02-06 02:00:00+00:00,8894.643809955161
2023-02-06 03:00:00+00:00,8894.643809955161
2023-02-06 04:00:00+00:00,8894.643809955161
2023-02-06 05:00:00+00:00,8894.643809955161
2023-02-06 06:00:00+00:00,8894.643809955161
2023-02-06 07:00:00+00:00,8894.643809955161
2023-02-06 08:00:00+00:00,8894.643809955161
2023-02-06 09:00:00+00:00,8894.643809955161
2023-02-06 10:00:00+00:00,8894.643809955161
2023-02-06 11:00:00+00:00,8894.643809955161
2023-02-06 12:00:00+00:00,8894.643809955161
2023-02-06 13:00:00+00:00,8894.643809955161
2023-02-06 14:00:00+00:00,8894.643809955161
2023-02-06 15:00:00+00:00,8894.643809955161
2023-02-06 16:00:00+00:00,8894.643809955161
2023-02-06 17:00:00+00:00,8894.643809955161
2023-02-06 18:00:00+00:00,8894.643809955161
2023-02-06 19:00:00+00:00,8894.643809955161
2023-02-06 20:00:00+00:00,8894.643809955161
2023-02-06 21:00:00+00:00,8961.202748023275
2023-02-06 22:00:00+00:00,8961.202748023275
2023-02-06 23:00:00+00:00,8961.202748023275
2023-02-07 00:00:00+00:00,8951.974417240199
2023-02-07 02:00:00+00:00,8951.974417240199
2023-02-07 03:00:00+00:00,8951.974417240199
2023-02-07 04:00:00+00:00,8951.974417240199
2023-02-07 05:00:00+00:00,8951.974417240199
2023-02-07 06:00:00+00:00,8967.685801780215
2023-02-07 07:00:00+00:00,8954.406444288692
2023-02-07 08:00:00+00:00,8954.406444288692
2023-02-07 09:00:00+00:00,8954.406444288692
2023-02-07 10:00:00+00:00,8962.656949880698
2023-02-07 11:00:00+00:00,8970.766791316828
2023-02-07 12:00:00+00:00,8970.766791316828
2023-02-07 13:00:00+00:00,8970.766791316828
2023-02-07 14:00:00+00:00,8946.588892119853
2023-02-07 15:00:00+00:00,8946.588892119853
2023-02-07 16:00:00+00:00,8946.588892119853
2023-02-07 17:00:00+00:00,8946.588892119853
2023-02-07 18:00:00+00:00,8946.588892119853
2023-02-07 19:00:00+00:00,8946.588892119853
2023-02-07 20:00:00+00:00,8946.588892119853
2023-02-07 21:00:00+00:00,8946.588892119853
2023-02-07 22:00:00+00:00,8946.588892119853
2023-02-07 23:00:00+00:00,8946.588892119853
2023-02-08 00:00:00+00:00,8946.588892119853
2023-02-08 02:00:00+00:00,8946.588892119853
2023-02-08 03:00:00+00:00,8946.588892119853
2023-02-08 04:00:00+00:00,8946.588892119853
2023-02-08 05:00:00+00:00,8956.510291649665
2023-02-08 06:00:00+00:00,8911.500553960217
2023-02-08 07:00:00+00:00,8911.500553960217
2023-02-08 08:00:00+00:00,8905.082370012396
2023-02-08 09:00:00+00:00,8905.082370012396
2023-02-08 10:00:00+00:00,8882.461944887524
2023-02-08 11:00:00+00:00,8887.434143049455
2023-02-08 12:00:00+00:00,8887.434143049455
2023-02-08 13:00:00+00:00,8887.434143049455
2023-02-08 14:00:00+00:00,8887.434143049455
2023-02-08 15:00:00+00:00,8889.156430796884
2023-02-08 16:00:00+00:00,8889.156430796884
2023-02-08 17:00:00+00:00,8889.156430796884
2023-02-08 18:00:00+00:00,8889.156430796884
2023-02-08 19:00:00+00:00,8889.156430796884
2023-02-08 20:00:00+00:00,8889.156430796884
2023-02-08 21:00:00+00:00,8889.156430796884
2023-02-08 22:00:00+00:00,8889.156430796884
2023-02-08 23:00:00+00:00,8889.156430796884
2023-02-09 00:00:00+00:00,8844.276807043443
2023-02-09 02:00:00+00:00,8844.276807043443
2023-02-09 03:00:00+00:00,8844.276807043443
2023-02-09 04:00:00+00:00,8844.276807043443
2023-02-09 05:00:00+00:00,8844.276807043443
2023-02-09 06:00:00+00:00,8844.276807043443
2023-02-09 07:00:00+00:00,8844.276807043443
2023-02-09 08:00:00+00:00,8844.276807043443
2023-02-09 09:00:00+00:00,8844.276807043443
2023-02-09 10:00:00+00:00,8844.276807043443
2023-02-09 11:00:00+00:00,8844.276807043443
2023-02-09 12:00:00+00:00,8844.276807043443
2023-02-09 13:00:00+00:00,8844.276807043443
2023-02-09 14:00:00+00:00,8844.276807043443
2023-02-09 15:00:00+00:00,8844.276807043443
2023-02-09 16:00:00+00:00,8844.276807043443
2023-02-09 17:00:00+00:00,8932.34441824668
2023-02-09 18:00:00+00:00,8932.34441824668
2023-02-09 19:00:00+00:00,8932.34441824668
2023-02-09 20:00:00+00:00,8932.34441824668
2023-02-09 21:00:00+00:00,8932.34441824668
2023-02-09 22:00:00+00:00,8932.34441824668
2023-02-09 23:00:00+00:00,8932.34441824668
2023-02-10 00:00:00+00:00,8932.34441824668
2023-02-10 02:00:00+00:00,8877.720445979932
2023-02-10 03:00:00+00:00,8877.720445979932
2023-02-10 04:00:00+00:00,8877.720445979932
2023-02-10 05:00:00+00:00,8877.720445979932
2023-02-10 06:00:00+00:00,8877.720445979932
2023-02-10 07:00:00+00:00,8877.720445979932
2023-02-10 08:00:00+00:00,8877.720445979932
2023-02-10 09:00:00+00:00,8877.720445979932
2023-02-10 10:00:00+00:00,8877.720445979932
2023-02-10 11:00:00+00:00,8877.720445979932
2023-02-10 12:00:00+00:00,8877.720445979932
2023-02-10 13:00:00+00:00,8877.720445979932
2023-02-10 14:00:00+00:00,8877.720445979932
2023-02-10 15:00:00+00:00,8877.720445979932
2023-02-10 16:00:00+00:00,8833.111266762204
2023-02-10 17:00:00+00:00,8833.111266762204
2023-02-10 18:00:00+00:00,8833.111266762204
2023-02-10 19:00:00+00:00,8833.111266762204
2023-02-10 20:00:00+00:00,8833.111266762204
2023-02-10 21:00:00+00:00,8833.111266762204
2023-02-10 22:00:00+00:00,8833.111266762204
2023-02-10 23:00:00+00:00,8833.111266762204
2023-02-11 00:00:00+00:00,8824.173711364792
2023-02-13 02:00:00+00:00,8779.81342685256
2023-02-13 03:00:00+00:00,8779.81342685256
2023-02-13 04:00:00+00:00,8735.705443882503
2023-02-13 05:00:00+00:00,8735.705443882503
2023-02-13 06:00:00+00:00,8735.705443882503
2023-02-13 07:00:00+00:00,8735.705443882503
2023-02-13 08:00:00+00:00,8735.705443882503
2023-02-13 09:00:00+00:00,8735.705443882503
2023-02-13 10:00:00+00:00,8735.705443882503
2023-02-13 11:00:00+00:00,8735.705443882503
2023-02-13 12:00:00+00:00,8735.705443882503
2023-02-13 13:00:00+00:00,8735.705443882503
2023-02-13 14:00:00+00:00,8735.705443882503
2023-02-13 15:00:00+00:00,8735.705443882503
2023-02-13 16:00:00+00:00,8735.705443882503
2023-02-13 17:00:00+00:00,8735.705443882503
2023-02-13 18:00:00+00:00,8735.705443882503
2023-02-13 19:00:00+00:00,8735.705443882503
2023-02-13 20:00:00+00:00,8735.705443882503
2023-02-13 21:00:00+00:00,8735.705443882503
2023-02-13 22:00:00+00:00,8735.705443882503
2023-02-13 23:00:00+00:00,8735.705443882503
2023-02-14 00:00:00+00:00,8735.705443882503
2023-02-14 02:00:00+00:00,8735.705443882503
2023-02-14 03:00:00+00:00,8735.705443882503
2023-02-14 04:00:00+00:00,8735.705443882503
2023-02-14 05:00:00+00:00,8735.705443882503
2023-02-14 06:00:00+00:00,8735.705443882503
2023-02-14 07:00:00+00:00,8735.705443882503
2023-02-14 08:00:00+00:00,8735.705443882503
2023-02-14 09:00:00+00:00,8735.705443882503
2023-02-14 10:00:00+00:00,8735.705443882503
2023-02-14 11:00:00+00:00,8735.705443882503
2023-02-14 12:00:00+00:00,8735.705443882503
2023-02-14 13:00:00+00:00,8735.705443882503
2023-02-14 14:00:00+00:00,8735.705443882503
2023-02-14 15:00:00+00:00,8691.906687360573
2023-02-14 16:00:00+00:00,8691.906687360573
2023-02-14 17:00:00+00:00,8691.906687360573
2023-02-14 18:00:00+00:00,8691.906687360573
2023-02-14 19:00:00+00:00,8691.906687360573
2023-02-14 20:00:00+00:00,8691.906687360573
2023-02-14 21:00:00+00:00,8691.906687360573
2023-02-14 22:00:00+00:00,8691.906687360573
2023-02-14 23:00:00+00:00,8691.906687360573
2023-02-15 00:00:00+00:00,8691.906687360573
2023-02-15 02:00:00+00:00,8756.87965731689
2023-02-15 03:00:00+00:00,8756.87965731689
2023-02-15 04:00:00+00:00,8756.87965731689
2023-02-15 05:00:00+00:00,8756.87965731689
2023-02-15 06:00:00+00:00,8742.299014824743
2023-02-15 07:00:00+00:00,8763.804157435268
2023-02-15 08:00:00+00:00,8763.804157435268
2023-02-15 09:00:00+00:00,8767.254120821148
2023-02-15 10:00:00+00:00,8767.254120821148
2023-02-15 11:00:00+00:00,8767.254120821148
2023-02-15 12:00:00+00:00,8767.254120821148
2023-02-15 13:00:00+00:00,8787.870587888021
2023-02-15 14:00:00+00:00,8787.870587888021
2023-02-15 15:00:00+00:00,8787.870587888021
2023-02-15 16:00:00+00:00,8798.77206942316
2023-02-15 17:00:00+00:00,8798.77206942316
2023-02-15 18:00:00+00:00,8798.77206942316
2023-02-15 19:00:00+00:00,8798.77206942316
2023-02-15 20:00:00+00:00,8798.77206942316
2023-02-15 21:00:00+00:00,8798.77206942316
2023-02-15 22:00:00+00:00,8798.77206942316
2023-02-15 23:00:00+00:00,8798.77206942316
2023-02-16 00:00:00+00:00,8798.77206942316
2023-02-16 02:00:00+00:00,8798.77206942316
2023-02-16 03:00:00+00:00,8798.77206942316
2023-02-16 04:00:00+00:00,8798.77206942316
2023-02-16 05:00:00+00:00,8798.77206942316
2023-02-16 06:00:00+00:00,8798.77206942316
2023-02-16 07:00:00+00:00,8864.542035957345
2023-02-16 08:00:00+00:00,8864.542035957345
2023-02-16 09:00:00+00:00,8864.542035957345
2023-02-16 10:00:00+00:00,8864.542035957345
2023-02-16 11:00:00+00:00,8864.542035957345
2023-02-16 12:00:00+00:00,8864.542035957345
2023-02-16 13:00:00+00:00,8864.542035957345
2023-02-16 14:00:00+00:00,8864.542035957345
2023-02-16 15:00:00+00:00,8820.05374462475
2023-02-16 16:00:00+00:00,8820.05374462475
2023-02-16 17:00:00+00:00,8823.093884698783
2023-02-16 18:00:00+00:00,8823.093884698783
2023-02-16 19:00:00+00:00,8823.093884698783
2023-02-16 20:00:00+00:00,8823.093884698783
2023-02-16 21:00:00+00:00,8823.093884698783
2023-02-16 22:00:00+00:00,8823.093884698783
2023-02-16 23:00:00+00:00,8823.093884698783
2023-02-17 00:00:00+00:00,8823.093884698783
2023-02-17 02:00:00+00:00,8823.093884698783
2023-02-17 03:00:00+00:00,8823.093884698783
2023-02-17 04:00:00+00:00,8835.556211822013
2023-02-17 05:00:00+00:00,8835.556211822013
2023-02-17 06:00:00+00:00,8835.556211822013
2023-02-17 07:00:00+00:00,8835.556211822013
2023-02-17 08:00:00+00:00,8837.39060166152
2023-02-17 09:00:00+00:00,8837.39060166152
2023-02-17 10:00:00+00:00,8837.39060166152
2023-02-17 11:00:00+00:00,8835.514631339207
2023-02-17 12:00:00+00:00,8836.45647260113
2023-02-17 13:00:00+00:00,8836.45647260113
2023-02-17 14:00:00+00:00,8836.45647260113
2023-02-17 15:00:00+00:00,8836.45647260113
2023-02-17 16:00:00+00:00,8827.060220855354
2023-02-17 17:00:00+00:00,8825.00307252641
2023-02-17 18:00:00+00:00,8825.00307252641
2023-02-17 19:00:00+00:00,8838.08699221786
2023-02-17 20:00:00+00:00,8838.08699221786
2023-02-17 21:00:00+00:00,8817.073279846189
2023-02-17 22:00:00+00:00,8817.073279846189
2023-02-17 23:00:00+00:00,8817.073279846189
2023-02-18 00:00:00+00:00,8817.073279846189
2023-02-20 02:00:00+00:00,8817.073279846189
2023-02-20 03:00:00+00:00,8817.073279846189
2023-02-20 04:00:00+00:00,8817.073279846189
2023-02-20 05:00:00+00:00,8817.073279846189
2023-02-20 06:00:00+00:00,8817.073279846189
2023-02-20 07:00:00+00:00,8817.073279846189
2023-02-20 08:00:00+00:00,8817.073279846189
2023-02-20 09:00:00+00:00,8817.073279846189
2023-02-20 10:00:00+00:00,8817.073279846189
2023-02-20 11:00:00+00:00,8817.073279846189
2023-02-20 12:00:00+00:00,8817.073279846189
2023-02-20 13:00:00+00:00,8817.073279846189
2023-02-20 14:00:00+00:00,8817.073279846189
2023-02-20 15:00:00+00:00,8817.073279846189
2023-02-20 16:00:00+00:00,8817.073279846189
2023-02-20 17:00:00+00:00,8817.073279846189
2023-02-20 18:00:00+00:00,8817.073279846189
2023-02-20 19:00:00+00:00,8772.78203167668
2023-02-20 20:00:00+00:00,8772.78203167668
2023-02-20 21:00:00+00:00,8772.78203167668
2023-02-20 22:00:00+00:00,8772.78203167668
2023-02-20 23:00:00+00:00,8772.78203167668
2023-02-21 00:00:00+00:00,8759.228011803845
2023-02-21 02:00:00+00:00,8759.228011803845
2023-02-21 03:00:00+00:00,8759.228011803845
2023-02-21 04:00:00+00:00,8759.228011803845
2023-02-21 05:00:00+00:00,8759.228011803845
2023-02-21 06:00:00+00:00,8785.075065649673
2023-02-21 07:00:00+00:00,8828.732850869295
2023-02-21 08:00:00+00:00,8828.732850869295
2023-02-21 09:00:00+00:00,8828.732850869295
2023-02-21 10:00:00+00:00,8828.732850869295
2023-02-21 11:00:00+00:00,8828.732850869295
2023-02-21 12:00:00+00:00,8828.732850869295
2023-02-21 13:00:00+00:00,8828.732850869295
2023-02-21 14:00:00+00:00,8804.025349476917
2023-02-21 15:00:00+00:00,8804.025349476917
2023-02-21 16:00:00+00:00,8802.644637801088
2023-02-21 17:00:00+00:00,8802.644637801088
2023-02-21 18:00:00+00:00,8802.644637801088
2023-02-21 19:00:00+00:00,8802.644637801088
2023-02-21 20:00:00+00:00,8778.835474926835
2023-02-21 21:00:00+00:00,8778.835474926835
2023-02-21 22:00:00+00:00,8778.835474926835
2023-02-21 23:00:00+00:00,8778.835474926835
2023-02-22 00:00:00+00:00,8778.835474926835
2023-02-22 02:00:00+00:00,8778.835474926835
2023-02-22 03:00:00+00:00,8778.835474926835
2023-02-22 04:00:00+00:00,8778.835474926835
2023-02-22 05:00:00+00:00,8844.440827307883
2023-02-22 06:00:00+00:00,8844.440827307883
2023-02-22 07:00:00+00:00,8820.515353543118
2023-02-22 08:00:00+00:00,8835.363519487775
2023-02-22 09:00:00+00:00,8835.363519487775
2023-02-22 10:00:00+00:00,8825.497861904318
2023-02-22 11:00:00+00:00,8825.497861904318
2023-02-22 12:00:00+00:00,8825.497861904318
2023-02-22 13:00:00+00:00,8811.194076290503
2023-02-22 14:00:00+00:00,8811.194076290503
2023-02-22 15:00:00+00:00,8811.194076290503
2023-02-22 16:00:00+00:00,8806.888264090398
2023-02-22 17:00:00+00:00,8806.888264090398
2023-02-22 18:00:00+00:00,8806.888264090398
2023-02-22 19:00:00+00:00,8806.888264090398
2023-02-22 20:00:00+00:00,8806.888264090398
2023-02-22 21:00:00+00:00,8806.888264090398
2023-02-22 22:00:00+00:00,8806.888264090398
2023-02-22 23:00:00+00:00,8806.888264090398
2023-02-23 00:00:00+00:00,8806.888264090398
2023-02-23 02:00:00+00:00,8806.888264090398
2023-02-23 03:00:00+00:00,8806.888264090398
2023-02-23 04:00:00+00:00,8806.888264090398
2023-02-23 05:00:00+00:00,8806.888264090398
2023-02-23 06:00:00+00:00,8775.929003277848
2023-02-23 07:00:00+00:00,8775.929003277848
2023-02-23 08:00:00+00:00,8759.765455687824
2023-02-23 09:00:00+00:00,8759.765455687824
2023-02-23 10:00:00+00:00,8759.765455687824
2023-02-23 11:00:00+00:00,8759.765455687824
2023-02-23 12:00:00+00:00,8759.765455687824
2023-02-23 13:00:00+00:00,8759.765455687824
2023-02-23 14:00:00+00:00,8750.57570849329
2023-02-23 15:00:00+00:00,8750.57570849329
2023-02-23 16:00:00+00:00,8750.57570849329
2023-02-23 17:00:00+00:00,8750.57570849329
2023-02-23 18:00:00+00:00,8750.57570849329
2023-02-23 19:00:00+00:00,8750.57570849329
2023-02-23 20:00:00+00:00,8750.57570849329
2023-02-23 21:00:00+00:00,8750.57570849329
2023-02-23 22:00:00+00:00,8742.182095523527
2023-02-23 23:00:00+00:00,8742.182095523527
2023-02-24 00:00:00+00:00,8742.182095523527
2023-02-24 02:00:00+00:00,8742.182095523527
2023-02-24 03:00:00+00:00,8742.28416250828
2023-02-24 04:00:00+00:00,8740.263852386475
2023-02-24 05:00:00+00:00,8740.263852386475
2023-02-24 06:00:00+00:00,8740.263852386475
2023-02-24 07:00:00+00:00,8741.118956087563
2023-02-24 08:00:00+00:00,8741.118956087563
2023-02-24 09:00:00+00:00,8741.118956087563
2023-02-24 10:00:00+00:00,8741.118956087563
2023-02-24 11:00:00+00:00,8741.118956087563
2023-02-24 12:00:00+00:00,8741.118956087563
2023-02-24 13:00:00+00:00,8741.118956087563
2023-02-24 14:00:00+00:00,8741.118956087563
2023-02-24 15:00:00+00:00,8741.118956087563
2023-02-24 16:00:00+00:00,8741.118956087563
2023-02-24 17:00:00+00:00,8741.118956087563
2023-02-24 18:00:00+00:00,8741.118956087563
2023-02-24 19:00:00+00:00,8741.118956087563
2023-02-24 20:00:00+00:00,8741.118956087563
2023-02-24 21:00:00+00:00,8741.118956087563
2023-02-24 22:00:00+00:00,8741.118956087563
2023-02-24 23:00:00+00:00,8741.118956087563
2023-02-25 00:00:00+00:00,8741.118956087563
2023-02-27 02:00:00+00:00,8741.118956087563
2023-02-27 03:00:00+00:00,8741.118956087563
2023-02-27 04:00:00+00:00,8741.118956087563
2023-02-27 05:00:00+00:00,8741.118956087563
2023-02-27 06:00:00+00:00,8741.118956087563
2023-02-27 07:00:00+00:00,8741.118956087563
2023-02-27 08:00:00+00:00,8741.118956087563
2023-02-27 09:00:00+00:00,8741.118956087563
2023-02-27 10:00:00+00:00,8741.118956087563
2023-02-27 11:00:00+00:00,8741.118956087563
2023-02-27 12:00:00+00:00,8741.118956087563
2023-02-27 13:00:00+00:00,8741.118956087563
2023-02-27 14:00:00+00:00,8741.118956087563
2023-02-27 15:00:00+00:00,8741.118956087563
2023-02-27 16:00:00+00:00,8741.118956087563
2023-02-27 17:00:00+00:00,8741.118956087563
2023-02-27 18:00:00+00:00,8741.118956087563
2023-02-27 19:00:00+00:00,8741.118956087563
2023-02-27 20:00:00+00:00,8741.118956087563
2023-02-27 21:00:00+00:00,8741.118956087563
2023-02-27 22:00:00+00:00,8741.118956087563
2023-02-27 23:00:00+00:00,8741.118956087563
2023-02-28 00:00:00+00:00,8741.118956087563
2023-02-28 02:00:00+00:00,8697.25928864941
2023-02-28 03:00:00+00:00,8697.25928864941
2023-02-28 04:00:00+00:00,8697.25928864941
2023-02-28 05:00:00+00:00,8697.25928864941
2023-02-28 06:00:00+00:00,8697.25928864941
2023-02-28 07:00:00+00:00,8697.25928864941
2023-02-28 08:00:00+00:00,8697.25928864941
2023-02-28 09:00:00+00:00,8697.25928864941
2023-02-28 10:00:00+00:00,8697.25928864941
2023-02-28 11:00:00+00:00,8653.552929384963
2023-02-28 12:00:00+00:00,8653.552929384963
2023-02-28 13:00:00+00:00,8650.770889928384
2023-02-28 14:00:00+00:00,8650.770889928384
2023-02-28 15:00:00+00:00,8654.528297645295
2023-02-28 16:00:00+00:00,8654.528297645295
2023-02-28 17:00:00+00:00,8654.528297645295
2023-02-28 18:00:00+00:00,8654.528297645295
2023-02-28 19:00:00+00:00,8654.528297645295
2023-02-28 20:00:00+00:00,8654.528297645295
2023-02-28 21:00:00+00:00,8654.528297645295
2023-02-28 22:00:00+00:00,8611.047555631993
2023-02-28 23:00:00+00:00,8611.047555631993
2023-03-01 00:00:00+00:00,8609.894569814183
2023-03-01 02:00:00+00:00,8609.894569814183
2023-03-01 03:00:00+00:00,8609.894569814183
2023-03-01 04:00:00+00:00,8609.894569814183
2023-03-01 05:00:00+00:00,8609.894569814183
2023-03-01 06:00:00+00:00,8609.894569814183
2023-03-01 07:00:00+00:00,8609.894569814183
2023-03-01 08:00:00+00:00,8621.147036544238
2023-03-01 09:00:00+00:00,8614.940606966558
2023-03-01 10:00:00+00:00,8614.940606966558
2023-03-01 11:00:00+00:00,8614.940606966558
2023-03-01 12:00:00+00:00,8600.346903830683
2023-03-01 13:00:00+00:00,8599.771927546113
2023-03-01 14:00:00+00:00,8642.537985948244
2023-03-01 15:00:00+00:00,8642.537985948244
2023-03-01 16:00:00+00:00,8625.509217244688
2023-03-01 17:00:00+00:00,8625.509217244688
2023-03-01 18:00:00+00:00,8625.509217244688
2023-03-01 19:00:00+00:00,8625.509217244688
2023-03-01 20:00:00+00:00,8625.509217244688
2023-03-01 21:00:00+00:00,8607.313425181357
2023-03-01 22:00:00+00:00,8607.313425181357
2023-03-01 23:00:00+00:00,8607.313425181357
2023-03-02 00:00:00+00:00,8607.313425181357
2023-03-02 02:00:00+00:00,8613.303947254475
2023-03-02 03:00:00+00:00,8613.303947254475
2023-03-02 04:00:00+00:00,8613.303947254475
2023-03-02 05:00:00+00:00,8613.303947254475
2023-03-02 06:00:00+00:00,8613.303947254475
2023-03-02 07:00:00+00:00,8613.303947254475
2023-03-02 08:00:00+00:00,8613.303947254475
2023-03-02 09:00:00+00:00,8613.303947254475
2023-03-02 10:00:00+00:00,8613.303947254475
2023-03-02 11:00:00+00:00,8613.303947254475
2023-03-02 12:00:00+00:00,8613.303947254475
2023-03-02 13:00:00+00:00,8613.303947254475
2023-03-02 14:00:00+00:00,8613.303947254475
2023-03-02 15:00:00+00:00,8613.303947254475
2023-03-02 16:00:00+00:00,8613.303947254475
2023-03-02 17:00:00+00:00,8613.303947254475
2023-03-02 18:00:00+00:00,8613.303947254475
2023-03-02 19:00:00+00:00,8613.303947254475
2023-03-02 20:00:00+00:00,8613.303947254475
2023-03-02 21:00:00+00:00,8613.303947254475
2023-03-02 22:00:00+00:00,8613.303947254475
2023-03-02 23:00:00+00:00,8613.303947254475
2023-03-03 00:00:00+00:00,8613.303947254475
2023-03-03 02:00:00+00:00,8613.303947254475
2023-03-03 03:00:00+00:00,8570.01601548756
2023-03-03 04:00:00+00:00,8570.01601548756
2023-03-03 05:00:00+00:00,8570.01601548756
2023-03-03 06:00:00+00:00,8570.01601548756
2023-03-03 07:00:00+00:00,8570.01601548756
2023-03-03 08:00:00+00:00,8526.874314643834
2023-03-03 09:00:00+00:00,8526.874314643834
2023-03-03 10:00:00+00:00,8526.874314643834
2023-03-03 11:00:00+00:00,8526.874314643834
2023-03-03 12:00:00+00:00,8526.874314643834
2023-03-03 13:00:00+00:00,8569.242091559585
2023-03-03 14:00:00+00:00,8569.242091559585
2023-03-03 15:00:00+00:00,8540.54657572356
2023-03-03 16:00:00+00:00,8540.54657572356
2023-03-03 17:00:00+00:00,8541.978045635866
2023-03-03 18:00:00+00:00,8541.978045635866
2023-03-03 19:00:00+00:00,8541.978045635866
2023-03-03 20:00:00+00:00,8541.978045635866
2023-03-03 21:00:00+00:00,8541.978045635866
2023-03-03 22:00:00+00:00,8541.978045635866
2023-03-03 23:00:00+00:00,8541.978045635866
2023-03-04 00:00:00+00:00,8541.978045635866
2023-03-06 02:00:00+00:00,8541.978045635866
2023-03-06 03:00:00+00:00,8541.978045635866
2023-03-06 04:00:00+00:00,8541.978045635866
2023-03-06 05:00:00+00:00,8541.978045635866
2023-03-06 06:00:00+00:00,8541.978045635866
2023-03-06 07:00:00+00:00,8584.518939345498
2023-03-06 08:00:00+00:00,8584.518939345498
2023-03-06 09:00:00+00:00,8584.518939345498
2023-03-06 10:00:00+00:00,8584.518939345498
2023-03-06 11:00:00+00:00,8584.518939345498
2023-03-06 12:00:00+00:00,8584.518939345498
2023-03-06 13:00:00+00:00,8584.518939345498
2023-03-06 14:00:00+00:00,8584.518939345498
2023-03-06 15:00:00+00:00,8584.518939345498
2023-03-06 16:00:00+00:00,8584.518939345498
2023-03-06 17:00:00+00:00,8584.518939345498
2023-03-06 18:00:00+00:00,8584.518939345498
2023-03-06 19:00:00+00:00,8584.518939345498
2023-03-06 20:00:00+00:00,8584.518939345498
2023-03-06 21:00:00+00:00,8584.518939345498
2023-03-06 22:00:00+00:00,8584.518939345498
2023-03-06 23:00:00+00:00,8584.518939345498
2023-03-07 00:00:00+00:00,8584.518939345498
2023-03-07 02:00:00+00:00,8541.389688273039
2023-03-07 03:00:00+00:00,8541.389688273039
2023-03-07 04:00:00+00:00,8541.389688273039
2023-03-07 05:00:00+00:00,8546.888351114505
2023-03-07 06:00:00+00:00,8536.884732478014
2023-03-07 07:00:00+00:00,8536.884732478014
2023-03-07 08:00:00+00:00,8536.884732478014
2023-03-07 09:00:00+00:00,8579.25384618137
2023-03-07 10:00:00+00:00,8579.25384618137
2023-03-07 11:00:00+00:00,8536.100681173099
2023-03-07 12:00:00+00:00,8536.100681173099
2023-03-07 13:00:00+00:00,8516.92131032003
2023-03-07 14:00:00+00:00,8516.92131032003
2023-03-07 15:00:00+00:00,8516.92131032003
2023-03-07 16:00:00+00:00,8509.106864711002
2023-03-07 17:00:00+00:00,8509.106864711002
2023-03-07 18:00:00+00:00,8507.528521229446
2023-03-07 19:00:00+00:00,8509.612091649455
2023-03-07 20:00:00+00:00,8509.612091649455
2023-03-07 21:00:00+00:00,8509.612091649455
2023-03-07 22:00:00+00:00,8509.612091649455
2023-03-07 23:00:00+00:00,8509.612091649455
2023-03-08 00:00:00+00:00,8509.612091649455
2023-03-08 02:00:00+00:00,8509.612091649455
2023-03-08 03:00:00+00:00,8509.612091649455
2023-03-08 04:00:00+00:00,8509.612091649455
2023-03-08 05:00:00+00:00,8551.76843402697
2023-03-08 06:00:00+00:00,8551.76843402697
2023-03-08 07:00:00+00:00,8551.76843402697
2023-03-08 08:00:00+00:00,8551.76843402697
2023-03-08 09:00:00+00:00,8551.76843402697
2023-03-08 10:00:00+00:00,8594.259713718438
2023-03-08 11:00:00+00:00,8594.259713718438
2023-03-08 12:00:00+00:00,8594.259713718438
2023-03-08 13:00:00+00:00,8594.259713718438
2023-03-08 14:00:00+00:00,8594.259713718438
2023-03-08 15:00:00+00:00,8581.68061049679
2023-03-08 16:00:00+00:00,8581.68061049679
2023-03-08 17:00:00+00:00,8581.68061049679
2023-03-08 18:00:00+00:00,8581.68061049679
2023-03-08 19:00:00+00:00,8581.68061049679
2023-03-08 20:00:00+00:00,8581.68061049679
2023-03-08 21:00:00+00:00,8581.68061049679
2023-03-08 22:00:00+00:00,8581.68061049679
2023-03-08 23:00:00+00:00,8581.68061049679
2023-03-09 00:00:00+00:00,8581.68061049679
2023-03-09 02:00:00+00:00,8581.68061049679
2023-03-09 03:00:00+00:00,8581.68061049679
2023-03-09 04:00:00+00:00,8538.417933926463
2023-03-09 05:00:00+00:00,8580.91397884656
2023-03-09 06:00:00+00:00,8580.91397884656
2023-03-09 07:00:00+00:00,8580.91397884656
2023-03-09 08:00:00+00:00,8580.91397884656
2023-03-09 09:00:00+00:00,8580.91397884656
2023-03-09 10:00:00+00:00,8580.91397884656
2023-03-09 11:00:00+00:00,8580.91397884656
2023-03-09 12:00:00+00:00,8580.91397884656
2023-03-09 13:00:00+00:00,8615.083022390965
2023-03-09 14:00:00+00:00,8615.083022390965
2023-03-09 15:00:00+00:00,8615.083022390965
2023-03-09 16:00:00+00:00,8625.53821499738
2023-03-09 17:00:00+00:00,8625.53821499738
2023-03-09 18:00:00+00:00,8625.53821499738
2023-03-09 19:00:00+00:00,8625.53821499738
2023-03-09 20:00:00+00:00,8625.53821499738
2023-03-09 21:00:00+00:00,8625.53821499738
2023-03-09 22:00:00+00:00,8625.53821499738
2023-03-09 23:00:00+00:00,8625.53821499738
2023-03-10 00:00:00+00:00,8625.53821499738
2023-03-10 02:00:00+00:00,8625.53821499738
2023-03-10 03:00:00+00:00,8625.53821499738
2023-03-10 04:00:00+00:00,8582.181341567335
2023-03-10 05:00:00+00:00,8582.181341567335
2023-03-10 06:00:00+00:00,8582.181341567335
2023-03-10 07:00:00+00:00,8582.181341567335
2023-03-10 08:00:00+00:00,8582.181341567335
2023-03-10 09:00:00+00:00,8582.181341567335
2023-03-10 10:00:00+00:00,8582.181341567335
2023-03-10 11:00:00+00:00,8582.181341567335
2023-03-10 12:00:00+00:00,8582.181341567335
2023-03-10 13:00:00+00:00,8582.181341567335
2023-03-10 14:00:00+00:00,8582.181341567335
2023-03-10 15:00:00+00:00,8582.181341567335
2023-03-10 16:00:00+00:00,8582.181341567335
2023-03-10 17:00:00+00:00,8582.181341567335
2023-03-10 18:00:00+00:00,8582.181341567335
2023-03-10 19:00:00+00:00,8582.181341567335
2023-03-10 20:00:00+00:00,8582.181341567335
2023-03-10 21:00:00+00:00,8582.181341567335
2023-03-10 22:00:00+00:00,8582.181341567335
2023-03-10 23:00:00+00:00,8582.181341567335
2023-03-11 00:00:00+00:00,8582.181341567335
2023-03-13 02:00:00+00:00,8582.181341567335
2023-03-13 03:00:00+00:00,8646.384693454529
2023-03-13 04:00:00+00:00,8646.384693454529
2023-03-13 05:00:00+00:00,8646.384693454529
2023-03-13 06:00:00+00:00,8646.384693454529
2023-03-13 07:00:00+00:00,8646.384693454529
2023-03-13 08:00:00+00:00,8646.384693454529
2023-03-13 09:00:00+00:00,8602.849606306801
2023-03-13 10:00:00+00:00,8559.60664277499
2023-03-13 11:00:00+00:00,8516.62631301505
2023-03-13 12:00:00+00:00,8516.62631301505
2023-03-13 13:00:00+00:00,8522.876421612724
2023-03-13 14:00:00+00:00,8522.876421612724
2023-03-13 15:00:00+00:00,8522.876421612724
2023-03-13 16:00:00+00:00,8522.876421612724
2023-03-13 17:00:00+00:00,8522.876421612724
2023-03-13 18:00:00+00:00,8522.876421612724
2023-03-13 19:00:00+00:00,8522.876421612724
2023-03-13 20:00:00+00:00,8522.876421612724
2023-03-13 21:00:00+00:00,8522.876421612724
2023-03-13 22:00:00+00:00,8522.876421612724
2023-03-13 23:00:00+00:00,8522.876421612724
2023-03-14 00:00:00+00:00,8522.876421612724
2023-03-14 02:00:00+00:00,8522.876421612724
2023-03-14 03:00:00+00:00,8522.876421612724
2023-03-14 04:00:00+00:00,8480.084625810588
2023-03-14 05:00:00+00:00,8480.084625810588
2023-03-14 06:00:00+00:00,8480.084625810588
2023-03-14 07:00:00+00:00,8480.084625810588
2023-03-14 08:00:00+00:00,8480.084625810588
2023-03-14 09:00:00+00:00,8500.472134954558
2023-03-14 10:00:00+00:00,8500.472134954558
2023-03-14 11:00:00+00:00,8500.472134954558
2023-03-14 12:00:00+00:00,8500.472134954558
2023-03-14 13:00:00+00:00,8500.472134954558
2023-03-14 14:00:00+00:00,8500.472134954558
2023-03-14 15:00:00+00:00,8500.472134954558
2023-03-14 16:00:00+00:00,8547.062204478072
2023-03-14 17:00:00+00:00,8546.83466097921
2023-03-14 18:00:00+00:00,8546.83466097921
2023-03-14 19:00:00+00:00,8546.83466097921
2023-03-14 20:00:00+00:00,8546.83466097921
2023-03-14 21:00:00+00:00,8546.83466097921
2023-03-14 22:00:00+00:00,8546.83466097921
2023-03-14 23:00:00+00:00,8546.83466097921
2023-03-15 00:00:00+00:00,8546.83466097921
2023-03-15 02:00:00+00:00,8546.83466097921
2023-03-15 03:00:00+00:00,8512.568934798006
2023-03-15 04:00:00+00:00,8469.893664178637
2023-03-15 05:00:00+00:00,8469.893664178637
2023-03-15 06:00:00+00:00,8469.893664178637
2023-03-15 07:00:00+00:00,8474.138959633006
2023-03-15 08:00:00+00:00,8474.138959633006
2023-03-15 09:00:00+00:00,8474.138959633006
2023-03-15 10:00:00+00:00,8474.138959633006
2023-03-15 11:00:00+00:00,8474.138959633006
2023-03-15 12:00:00+00:00,8474.138959633006
2023-03-15 13:00:00+00:00,8474.138959633006
2023-03-15 14:00:00+00:00,8463.27612087203
2023-03-15 15:00:00+00:00,8463.27612087203
2023-03-15 16:00:00+00:00,8453.503879351938
2023-03-15 17:00:00+00:00,8453.503879351938
2023-03-15 18:00:00+00:00,8453.503879351938
2023-03-15 19:00:00+00:00,8453.503879351938
2023-03-15 20:00:00+00:00,8453.503879351938
2023-03-15 21:00:00+00:00,8453.503879351938
2023-03-15 22:00:00+00:00,8453.503879351938
2023-03-15 23:00:00+00:00,8453.503879351938
2023-03-16 00:00:00+00:00,8427.777505892962
2023-03-16 02:00:00+00:00,8427.777505892962
2023-03-16 03:00:00+00:00,8473.69157388772
2023-03-16 04:00:00+00:00,8473.69157388772
2023-03-16 05:00:00+00:00,8485.487496812077
2023-03-16 06:00:00+00:00,8485.487496812077
2023-03-16 07:00:00+00:00,8485.487496812077
2023-03-16 08:00:00+00:00,8485.487496812077
2023-03-16 09:00:00+00:00,8485.487496812077
2023-03-16 10:00:00+00:00,8485.487496812077
2023-03-16 11:00:00+00:00,8485.487496812077
2023-03-16 12:00:00+00:00,8485.487496812077
2023-03-16 13:00:00+00:00,8485.487496812077
2023-03-16 14:00:00+00:00,8485.487496812077
2023-03-16 15:00:00+00:00,8485.487496812077
2023-03-16 16:00:00+00:00,8485.487496812077
2023-03-16 17:00:00+00:00,8485.487496812077
2023-03-16 18:00:00+00:00,8485.487496812077
2023-03-16 19:00:00+00:00,8485.487496812077
2023-03-16 20:00:00+00:00,8485.487496812077
2023-03-16 21:00:00+00:00,8485.487496812077
2023-03-16 22:00:00+00:00,8485.487496812077
2023-03-16 23:00:00+00:00,8485.487496812077
2023-03-17 00:00:00+00:00,8485.487496812077
2023-03-17 02:00:00+00:00,8485.487496812077
2023-03-17 03:00:00+00:00,8485.487496812077
2023-03-17 04:00:00+00:00,8485.487496812077
2023-03-17 05:00:00+00:00,8485.487496812077
2023-03-17 06:00:00+00:00,8485.487496812077
2023-03-17 07:00:00+00:00,8485.487496812077
2023-03-17 08:00:00+00:00,8485.487496812077
2023-03-17 09:00:00+00:00,8485.487496812077
2023-03-17 10:00:00+00:00,8485.487496812077
2023-03-17 11:00:00+00:00,8485.487496812077
2023-03-17 12:00:00+00:00,8485.487496812077
2023-03-17 13:00:00+00:00,8485.487496812077
2023-03-17 14:00:00+00:00,8485.487496812077
2023-03-17 15:00:00+00:00,8485.487496812077
2023-03-17 16:00:00+00:00,8570.034707754296
2023-03-17 17:00:00+00:00,8570.034707754296
2023-03-17 18:00:00+00:00,8570.034707754296
2023-03-17 19:00:00+00:00,8570.034707754296
2023-03-17 20:00:00+00:00,8570.034707754296
2023-03-17 21:00:00+00:00,8570.034707754296
2023-03-17 22:00:00+00:00,8570.034707754296
2023-03-17 23:00:00+00:00,8570.034707754296
2023-03-18 00:00:00+00:00,8570.034707754296
2023-03-20 02:00:00+00:00,8570.034707754296
2023-03-20 03:00:00+00:00,8527.008260021392
2023-03-20 04:00:00+00:00,8527.008260021392
2023-03-20 05:00:00+00:00,8527.008260021392
2023-03-20 06:00:00+00:00,8521.029685745065
2023-03-20 07:00:00+00:00,8521.029685745065
2023-03-20 08:00:00+00:00,8478.050020155912
2023-03-20 09:00:00+00:00,8478.050020155912
2023-03-20 10:00:00+00:00,8478.050020155912
2023-03-20 11:00:00+00:00,8478.050020155912
2023-03-20 12:00:00+00:00,8478.050020155912
2023-03-20 13:00:00+00:00,8478.050020155912
2023-03-20 14:00:00+00:00,8478.050020155912
2023-03-20 15:00:00+00:00,8478.050020155912
2023-03-20 16:00:00+00:00,8478.050020155912
2023-03-20 17:00:00+00:00,8478.050020155912
2023-03-20 18:00:00+00:00,8478.050020155912
2023-03-20 19:00:00+00:00,8478.050020155912
2023-03-20 20:00:00+00:00,8478.050020155912
2023-03-20 21:00:00+00:00,8478.050020155912
2023-03-20 22:00:00+00:00,8478.050020155912
2023-03-20 23:00:00+00:00,8478.050020155912
2023-03-21 00:00:00+00:00,8478.050020155912
2023-03-21 02:00:00+00:00,8478.050020155912
2023-03-21 03:00:00+00:00,8478.050020155912
2023-03-21 04:00:00+00:00,8478.050020155912
2023-03-21 05:00:00+00:00,8435.480578161236
2023-03-21 06:00:00+00:00,8435.480578161236
2023-03-21 07:00:00+00:00,8435.480578161236
2023-03-21 08:00:00+00:00,8435.480578161236
2023-03-21 09:00:00+00:00,8430.614431226653
2023-03-21 10:00:00+00:00,8430.614431226653
2023-03-21 11:00:00+00:00,8430.614431226653
2023-03-21 12:00:00+00:00,8430.614431226653
2023-03-21 13:00:00+00:00,8430.614431226653
2023-03-21 14:00:00+00:00,8426.385491669622
2023-03-21 15:00:00+00:00,8426.385491669622
2023-03-21 16:00:00+00:00,8426.385491669622
2023-03-21 17:00:00+00:00,8432.178473770742
2023-03-21 18:00:00+00:00,8432.178473770742
2023-03-21 19:00:00+00:00,8432.178473770742
2023-03-21 20:00:00+00:00,8432.178473770742
2023-03-21 21:00:00+00:00,8432.178473770742
2023-03-21 22:00:00+00:00,8432.178473770742
2023-03-21 23:00:00+00:00,8432.178473770742
2023-03-22 00:00:00+00:00,8432.178473770742
2023-03-22 02:00:00+00:00,8474.062477329
2023-03-22 03:00:00+00:00,8474.062477329
2023-03-22 04:00:00+00:00,8474.062477329
2023-03-22 05:00:00+00:00,8479.385046775997
2023-03-22 06:00:00+00:00,8479.385046775997
2023-03-22 07:00:00+00:00,8479.385046775997
2023-03-22 08:00:00+00:00,8479.385046775997
2023-03-22 09:00:00+00:00,8479.385046775997
2023-03-22 10:00:00+00:00,8606.184902640807
2023-03-22 11:00:00+00:00,8606.184902640807
2023-03-22 12:00:00+00:00,8606.184902640807
2023-03-22 13:00:00+00:00,8603.968212725256
2023-03-22 14:00:00+00:00,8603.968212725256
2023-03-22 15:00:00+00:00,8603.968212725256
2023-03-22 16:00:00+00:00,8603.968212725256
2023-03-22 17:00:00+00:00,8603.968212725256
2023-03-22 18:00:00+00:00,8603.968212725256
2023-03-22 19:00:00+00:00,8603.968212725256
2023-03-22 20:00:00+00:00,8603.968212725256
2023-03-22 21:00:00+00:00,8603.968212725256
2023-03-22 22:00:00+00:00,8603.968212725256
2023-03-22 23:00:00+00:00,8603.968212725256
2023-03-23 00:00:00+00:00,8603.968212725256
2023-03-23 02:00:00+00:00,8604.216018480847
2023-03-23 03:00:00+00:00,8604.216018480847
2023-03-23 04:00:00+00:00,8732.850578788195
2023-03-23 05:00:00+00:00,8732.850578788195
2023-03-23 06:00:00+00:00,8732.850578788195
2023-03-23 07:00:00+00:00,8732.850578788195
2023-03-23 08:00:00+00:00,8732.850578788195
2023-03-23 09:00:00+00:00,8732.850578788195
2023-03-23 10:00:00+00:00,8732.850578788195
2023-03-23 11:00:00+00:00,8732.850578788195
2023-03-23 12:00:00+00:00,8732.850578788195
2023-03-23 13:00:00+00:00,8732.850578788195
2023-03-23 14:00:00+00:00,8732.850578788195
2023-03-23 15:00:00+00:00,8732.850578788195
2023-03-23 16:00:00+00:00,8783.095556697626
2023-03-23 17:00:00+00:00,8783.095556697626
2023-03-23 18:00:00+00:00,8783.095556697626
2023-03-23 19:00:00+00:00,8783.095556697626
2023-03-23 20:00:00+00:00,8783.095556697626
2023-03-23 21:00:00+00:00,8783.095556697626
2023-03-23 22:00:00+00:00,8783.095556697626
2023-03-23 23:00:00+00:00,8783.095556697626
2023-03-24 00:00:00+00:00,8783.095556697626
2023-03-24 02:00:00+00:00,8783.095556697626
2023-03-24 03:00:00+00:00,8783.095556697626
2023-03-24 04:00:00+00:00,8783.095556697626
2023-03-24 05:00:00+00:00,8783.095556697626
2023-03-24 06:00:00+00:00,8783.095556697626
2023-03-24 07:00:00+00:00,8783.095556697626
2023-03-24 08:00:00+00:00,8783.095556697626
2023-03-24 09:00:00+00:00,8783.095556697626
2023-03-24 10:00:00+00:00,8914.597391711712
2023-03-24 11:00:00+00:00,8914.597391711712
2023-03-24 12:00:00+00:00,8914.597391711712
2023-03-24 13:00:00+00:00,8932.650508998224
2023-03-24 14:00:00+00:00,8932.650508998224
2023-03-24 15:00:00+00:00,8931.934793098015
2023-03-24 16:00:00+00:00,8931.934793098015
2023-03-24 17:00:00+00:00,8931.934793098015
2023-03-24 18:00:00+00:00,8931.934793098015
2023-03-24 19:00:00+00:00,8931.934793098015
2023-03-24 20:00:00+00:00,8931.934793098015
2023-03-24 21:00:00+00:00,8931.934793098015
2023-03-24 22:00:00+00:00,8931.934793098015
2023-03-24 23:00:00+00:00,8931.934793098015
2023-03-25 00:00:00+00:00,8931.934793098015
2023-03-27 02:00:00+00:00,8931.934793098015
2023-03-27 03:00:00+00:00,8998.762632173835
2023-03-27 04:00:00+00:00,8998.762632173835
2023-03-27 05:00:00+00:00,8998.762632173835
2023-03-27 06:00:00+00:00,9013.62433017895
2023-03-27 07:00:00+00:00,9013.62433017895
2023-03-27 08:00:00+00:00,9013.62433017895
2023-03-27 09:00:00+00:00,9013.62433017895
2023-03-27 10:00:00+00:00,9013.62433017895
2023-03-27 11:00:00+00:00,9013.62433017895
2023-03-27 12:00:00+00:00,8968.276864861411
2023-03-27 13:00:00+00:00,8968.276864861411
2023-03-27 14:00:00+00:00,8968.276864861411
2023-03-27 15:00:00+00:00,9035.202594018985
2023-03-27 16:00:00+00:00,9035.202594018985
2023-03-27 17:00:00+00:00,9035.202594018985
2023-03-27 18:00:00+00:00,9035.202594018985
2023-03-27 19:00:00+00:00,9035.202594018985
2023-03-27 20:00:00+00:00,9035.202594018985
2023-03-27 21:00:00+00:00,9035.202594018985
2023-03-27 22:00:00+00:00,9035.202594018985
2023-03-27 23:00:00+00:00,9035.202594018985
2023-03-28 00:00:00+00:00,9035.202594018985
2023-03-28 02:00:00+00:00,9035.202594018985
2023-03-28 03:00:00+00:00,9035.202594018985
2023-03-28 04:00:00+00:00,9102.531484971314
2023-03-28 05:00:00+00:00,9102.531484971314
2023-03-28 06:00:00+00:00,9102.531484971314
2023-03-28 07:00:00+00:00,9093.479453039654
2023-03-28 08:00:00+00:00,9093.479453039654
2023-03-28 09:00:00+00:00,9093.479453039654
2023-03-28 10:00:00+00:00,9080.002611923688
2023-03-28 11:00:00+00:00,9077.409732358821
2023-03-28 12:00:00+00:00,9077.409732358821
2023-03-28 13:00:00+00:00,9069.435375558674
2023-03-28 14:00:00+00:00,9069.435375558674
2023-03-28 15:00:00+00:00,9204.8455064165
2023-03-28 16:00:00+00:00,9158.571065418793
2023-03-28 17:00:00+00:00,9112.612408576824
2023-03-28 18:00:00+00:00,9112.612408576824
2023-03-28 19:00:00+00:00,9158.046875933907
2023-03-28 20:00:00+00:00,9158.046875933907
2023-03-28 21:00:00+00:00,9158.046875933907
2023-03-28 22:00:00+00:00,9158.046875933907
2023-03-28 23:00:00+00:00,9158.046875933907
2023-03-29 00:00:00+00:00,9158.046875933907
2023-03-29 02:00:00+00:00,9158.046875933907
2023-03-29 03:00:00+00:00,9158.046875933907
2023-03-29 04:00:00+00:00,9132.304568024727
2023-03-29 05:00:00+00:00,9132.304568024727
2023-03-29 06:00:00+00:00,9132.304568024727
2023-03-29 07:00:00+00:00,9132.304568024727
2023-03-29 08:00:00+00:00,9132.304568024727
2023-03-29 09:00:00+00:00,9140.80541269624
2023-03-29 10:00:00+00:00,9149.529909958765
2023-03-29 11:00:00+00:00,9134.505826867122
2023-03-29 12:00:00+00:00,9134.505826867122
2023-03-29 13:00:00+00:00,9145.479335298449
2023-03-29 14:00:00+00:00,9145.479335298449
2023-03-29 15:00:00+00:00,9145.479335298449
2023-03-29 16:00:00+00:00,9155.793686880746
2023-03-29 17:00:00+00:00,9171.2249197038
2023-03-29 18:00:00+00:00,9171.2249197038
2023-03-29 19:00:00+00:00,9171.2249197038
2023-03-29 20:00:00+00:00,9171.2249197038
2023-03-29 21:00:00+00:00,9171.2249197038
2023-03-29 22:00:00+00:00,9171.2249197038
2023-03-29 23:00:00+00:00,9171.2249197038
2023-03-30 00:00:00+00:00,9171.2249197038
2023-03-30 02:00:00+00:00,9171.2249197038
2023-03-30 03:00:00+00:00,9171.2249197038
2023-03-30 04:00:00+00:00,9171.2249197038
2023-03-30 05:00:00+00:00,9125.130452064554
2023-03-30 06:00:00+00:00,9125.130452064554
2023-03-30 07:00:00+00:00,9079.362991458831
2023-03-30 08:00:00+00:00,9079.362991458831
2023-03-30 09:00:00+00:00,9079.362991458831
2023-03-30 10:00:00+00:00,9079.362991458831
2023-03-30 11:00:00+00:00,9079.362991458831
2023-03-30 12:00:00+00:00,9078.758265321932
2023-03-30 13:00:00+00:00,9078.758265321932
2023-03-30 14:00:00+00:00,9078.758265321932
2023-03-30 15:00:00+00:00,9078.758265321932
2023-03-30 16:00:00+00:00,9066.309644061843
2023-03-30 17:00:00+00:00,9066.309644061843
2023-03-30 18:00:00+00:00,9066.309644061843
2023-03-30 19:00:00+00:00,9068.707645594524
2023-03-30 20:00:00+00:00,9068.707645594524
2023-03-30 21:00:00+00:00,9068.707645594524
2023-03-30 22:00:00+00:00,9068.707645594524
2023-03-30 23:00:00+00:00,9068.707645594524
2023-03-31 00:00:00+00:00,9085.106830530125
2023-03-31 02:00:00+00:00,9085.106830530125
2023-03-31 03:00:00+00:00,9085.106830530125
2023-03-31 04:00:00+00:00,9085.106830530125
2023-03-31 05:00:00+00:00,9085.106830530125
2023-03-31 06:00:00+00:00,9085.106830530125
2023-03-31 07:00:00+00:00,9085.106830530125
2023-03-31 08:00:00+00:00,9085.106830530125
2023-03-31 09:00:00+00:00,9085.106830530125
2023-03-31 10:00:00+00:00,9175.756800530577
2023-03-31 11:00:00+00:00,9175.756800530577
2023-03-31 12:00:00+00:00,9175.756800530577
2023-03-31 13:00:00+00:00,9175.756800530577
2023-03-31 14:00:00+00:00,9175.756800530577
2023-03-31 15:00:00+00:00,9175.756800530577
2023-03-31 16:00:00+00:00,9175.756800530577
2023-03-31 17:00:00+00:00,9175.756800530577
2023-03-31 18:00:00+00:00,9175.756800530577
2023-03-31 19:00:00+00:00,9175.756800530577
2023-03-31 20:00:00+00:00,9175.756800530577
2023-03-31 21:00:00+00:00,9175.756800530577
2023-03-31 22:00:00+00:00,9175.756800530577
2023-03-31 23:00:00+00:00,9175.756800530577
2023-04-01 00:00:00+00:00,9175.756800530577
2023-04-03 02:00:00+00:00,9175.756800530577
2023-04-03 03:00:00+00:00,9175.756800530577
2023-04-03 04:00:00+00:00,9175.756800530577
2023-04-03 05:00:00+00:00,9175.756800530577
2023-04-03 06:00:00+00:00,9175.756800530577
2023-04-03 07:00:00+00:00,9175.756800530577
2023-04-03 08:00:00+00:00,9175.756800530577
2023-04-03 09:00:00+00:00,9175.756800530577
2023-04-03 10:00:00+00:00,9175.756800530577
2023-04-03 11:00:00+00:00,9175.756800530577
2023-04-03 12:00:00+00:00,9175.756800530577
2023-04-03 13:00:00+00:00,9175.756800530577
2023-04-03 14:00:00+00:00,9175.756800530577
2023-04-03 15:00:00+00:00,9175.756800530577
2023-04-03 16:00:00+00:00,9175.756800530577
2023-04-03 17:00:00+00:00,9175.756800530577
2023-04-03 18:00:00+00:00,9175.756800530577
2023-04-03 19:00:00+00:00,9175.756800530577
2023-04-03 20:00:00+00:00,9175.756800530577
2023-04-03 21:00:00+00:00,9175.756800530577
2023-04-03 22:00:00+00:00,9175.756800530577
2023-04-03 23:00:00+00:00,9175.756800530577
2023-04-04 00:00:00+00:00,9175.756800530577
2023-04-04 02:00:00+00:00,9175.756800530577
2023-04-04 03:00:00+00:00,9175.756800530577
2023-04-04 04:00:00+00:00,9175.756800530577
2023-04-04 05:00:00+00:00,9175.756800530577
2023-04-04 06:00:00+00:00,9175.756800530577
2023-04-04 07:00:00+00:00,9175.756800530577
2023-04-04 08:00:00+00:00,9175.756800530577
2023-04-04 09:00:00+00:00,9313.222046557426
2023-04-04 10:00:00+00:00,9313.222046557426
2023-04-04 11:00:00+00:00,9313.222046557426
2023-04-04 12:00:00+00:00,9313.222046557426
2023-04-04 13:00:00+00:00,9312.66469276012
2023-04-04 14:00:00+00:00,9312.66469276012
2023-04-04 15:00:00+00:00,9312.66469276012
2023-04-04 16:00:00+00:00,9312.66469276012
2023-04-04 17:00:00+00:00,9312.66469276012
2023-04-04 18:00:00+00:00,9312.66469276012
2023-04-04 19:00:00+00:00,9312.66469276012
2023-04-04 20:00:00+00:00,9312.66469276012
2023-04-04 21:00:00+00:00,9312.66469276012
2023-04-04 22:00:00+00:00,9312.66469276012
2023-04-04 23:00:00+00:00,9312.66469276012
2023-04-05 00:00:00+00:00,9312.66469276012
2023-04-05 02:00:00+00:00,9312.66469276012
2023-04-05 03:00:00+00:00,9292.345954505983
2023-04-05 04:00:00+00:00,9292.345954505983
2023-04-05 05:00:00+00:00,9292.345954505983
2023-04-05 06:00:00+00:00,9292.345954505983
2023-04-05 07:00:00+00:00,9292.345954505983
2023-04-05 08:00:00+00:00,9313.072820339301
2023-04-05 09:00:00+00:00,9317.491369313293
2023-04-05 10:00:00+00:00,9317.491369313293
2023-04-05 11:00:00+00:00,9317.491369313293
2023-04-05 12:00:00+00:00,9317.491369313293
2023-04-05 13:00:00+00:00,9300.92342004555
2023-04-05 14:00:00+00:00,9300.92342004555
2023-04-05 15:00:00+00:00,9253.697869749054
2023-04-05 16:00:00+00:00,9253.697869749054
2023-04-05 17:00:00+00:00,9253.697869749054
2023-04-05 18:00:00+00:00,9253.697869749054
2023-04-05 19:00:00+00:00,9253.697869749054
2023-04-05 20:00:00+00:00,9253.697869749054
2023-04-05 21:00:00+00:00,9253.697869749054
2023-04-05 22:00:00+00:00,9253.697869749054
2023-04-05 23:00:00+00:00,9253.697869749054
2023-04-06 00:00:00+00:00,9253.697869749054
2023-04-06 02:00:00+00:00,9256.008455740064
2023-04-06 03:00:00+00:00,9256.008455740064
2023-04-06 04:00:00+00:00,9198.746204138786
2023-04-06 05:00:00+00:00,9198.746204138786
2023-04-06 06:00:00+00:00,9198.746204138786
2023-04-06 07:00:00+00:00,9210.115842414736
2023-04-06 08:00:00+00:00,9210.115842414736
2023-04-06 09:00:00+00:00,9163.40009154356
2023-04-06 10:00:00+00:00,9163.40009154356
2023-04-06 11:00:00+00:00,9163.40009154356
2023-04-06 12:00:00+00:00,9163.40009154356
2023-04-06 13:00:00+00:00,9148.988863052937
2023-04-06 14:00:00+00:00,9148.988863052937
2023-04-06 15:00:00+00:00,9148.988863052937
2023-04-06 16:00:00+00:00,9125.169717823675
2023-04-06 17:00:00+00:00,9125.169717823675
2023-04-06 18:00:00+00:00,9125.169717823675
2023-04-06 19:00:00+00:00,9125.169717823675
2023-04-06 20:00:00+00:00,9125.169717823675
2023-04-06 21:00:00+00:00,9125.169717823675
2023-04-06 22:00:00+00:00,9125.169717823675
2023-04-06 23:00:00+00:00,9079.279796950132
2023-04-07 00:00:00+00:00,9079.279796950132
2023-04-07 02:00:00+00:00,9079.279796950132
2023-04-07 03:00:00+00:00,9079.279796950132
2023-04-07 04:00:00+00:00,9079.279796950132
2023-04-07 05:00:00+00:00,9033.64220198068
2023-04-07 06:00:00+00:00,9033.64220198068
2023-04-07 07:00:00+00:00,9033.64220198068
2023-04-07 08:00:00+00:00,9033.64220198068
2023-04-07 09:00:00+00:00,9033.64220198068
2023-04-07 10:00:00+00:00,9033.64220198068
2023-04-07 11:00:00+00:00,9033.64220198068
2023-04-07 12:00:00+00:00,9033.64220198068
2023-04-07 13:00:00+00:00,9033.64220198068
2023-04-07 14:00:00+00:00,9033.64220198068
2023-04-07 15:00:00+00:00,9033.64220198068
2023-04-07 16:00:00+00:00,9033.64220198068
2023-04-07 17:00:00+00:00,9033.64220198068
2023-04-07 18:00:00+00:00,9033.64220198068
2023-04-07 19:00:00+00:00,9033.64220198068
2023-04-07 20:00:00+00:00,9078.641265564813
2023-04-07 21:00:00+00:00,9078.641265564813
2023-04-07 22:00:00+00:00,9078.641265564813
2023-04-07 23:00:00+00:00,9078.641265564813
2023-04-08 00:00:00+00:00,9078.641265564813
2023-04-10 02:00:00+00:00,9078.641265564813
2023-04-10 03:00:00+00:00,9078.641265564813
2023-04-10 04:00:00+00:00,9078.641265564813
2023-04-10 05:00:00+00:00,9078.641265564813
2023-04-10 06:00:00+00:00,9078.641265564813
2023-04-10 07:00:00+00:00,9078.641265564813
2023-04-10 08:00:00+00:00,9078.641265564813
2023-04-10 09:00:00+00:00,9078.641265564813
2023-04-10 10:00:00+00:00,9078.641265564813
2023-04-10 11:00:00+00:00,9078.641265564813
2023-04-10 12:00:00+00:00,9078.641265564813
2023-04-10 13:00:00+00:00,9078.641265564813
2023-04-10 14:00:00+00:00,9078.641265564813
2023-04-10 15:00:00+00:00,9078.641265564813
2023-04-10 16:00:00+00:00,9078.641265564813
2023-04-10 17:00:00+00:00,9078.641265564813
2023-04-10 18:00:00+00:00,9078.641265564813
2023-04-10 19:00:00+00:00,9078.641265564813
2023-04-10 20:00:00+00:00,9078.641265564813
2023-04-10 21:00:00+00:00,9078.641265564813
2023-04-10 22:00:00+00:00,9078.641265564813
2023-04-10 23:00:00+00:00,9033.041357925702
2023-04-11 00:00:00+00:00,9033.041357925702
2023-04-11 02:00:00+00:00,9059.609890266263
2023-04-11 03:00:00+00:00,9059.609890266263
2023-04-11 04:00:00+00:00,9053.781465195189
2023-04-11 05:00:00+00:00,9053.781465195189
2023-04-11 06:00:00+00:00,9053.781465195189
2023-04-11 07:00:00+00:00,9053.781465195189
2023-04-11 08:00:00+00:00,9088.082090625741
2023-04-11 09:00:00+00:00,9088.082090625741
2023-04-11 10:00:00+00:00,9071.962114552616
2023-04-11 11:00:00+00:00,9071.962114552616
2023-04-11 12:00:00+00:00,9071.962114552616
2023-04-11 13:00:00+00:00,9071.962114552616
2023-04-11 14:00:00+00:00,9068.397104978025
2023-04-11 15:00:00+00:00,9068.397104978025
2023-04-11 16:00:00+00:00,9072.892895516765
2023-04-11 17:00:00+00:00,9072.892895516765
2023-04-11 18:00:00+00:00,9072.892895516765
2023-04-11 19:00:00+00:00,9072.892895516765
2023-04-11 20:00:00+00:00,9072.892895516765
2023-04-11 21:00:00+00:00,9072.892895516765
2023-04-11 22:00:00+00:00,9072.892895516765
2023-04-11 23:00:00+00:00,9072.892895516765
2023-04-12 00:00:00+00:00,9072.892895516765
2023-04-12 02:00:00+00:00,9072.892895516765
2023-04-12 03:00:00+00:00,9072.892895516765
2023-04-12 04:00:00+00:00,9057.750316936254
2023-04-12 05:00:00+00:00,9057.750316936254
2023-04-12 06:00:00+00:00,9057.750316936254
2023-04-12 07:00:00+00:00,9057.750316936254
2023-04-12 08:00:00+00:00,9057.750316936254
2023-04-12 09:00:00+00:00,9102.776982382096
2023-04-12 10:00:00+00:00,9102.776982382096
2023-04-12 11:00:00+00:00,9102.776982382096
2023-04-12 12:00:00+00:00,9121.176885443374
2023-04-12 13:00:00+00:00,9144.783169764174
2023-04-12 14:00:00+00:00,9144.783169764174
2023-04-12 15:00:00+00:00,9190.177061458799
2023-04-12 16:00:00+00:00,9190.177061458799
2023-04-12 17:00:00+00:00,9190.177061458799
2023-04-12 18:00:00+00:00,9190.177061458799
2023-04-12 19:00:00+00:00,9190.177061458799
2023-04-12 20:00:00+00:00,9190.177061458799
2023-04-12 21:00:00+00:00,9190.177061458799
2023-04-12 22:00:00+00:00,9190.177061458799
2023-04-12 23:00:00+00:00,9190.177061458799
2023-04-13 00:00:00+00:00,9190.177061458799
2023-04-13 02:00:00+00:00,9190.177061458799
2023-04-13 03:00:00+00:00,9185.676744081036
2023-04-13 04:00:00+00:00,9139.44077159717
2023-04-13 05:00:00+00:00,9139.44077159717
2023-04-13 06:00:00+00:00,9139.44077159717
2023-04-13 07:00:00+00:00,9139.44077159717
2023-04-13 08:00:00+00:00,9144.999442858556
2023-04-13 09:00:00+00:00,9144.999442858556
2023-04-13 10:00:00+00:00,9144.999442858556
2023-04-13 11:00:00+00:00,9144.999442858556
2023-04-13 12:00:00+00:00,9144.999442858556
2023-04-13 13:00:00+00:00,9144.999442858556
2023-04-13 14:00:00+00:00,9144.999442858556
2023-04-13 15:00:00+00:00,9144.999442858556
2023-04-13 16:00:00+00:00,9144.999442858556
2023-04-13 17:00:00+00:00,9144.999442858556
2023-04-13 18:00:00+00:00,9144.999442858556
2023-04-13 19:00:00+00:00,9144.999442858556
2023-04-13 20:00:00+00:00,9144.999442858556
2023-04-13 21:00:00+00:00,9144.999442858556
2023-04-13 22:00:00+00:00,9144.999442858556
2023-04-13 23:00:00+00:00,9144.999442858556
2023-04-14 00:00:00+00:00,9144.999442858556
2023-04-14 02:00:00+00:00,9144.999442858556
2023-04-14 03:00:00+00:00,9144.999442858556
2023-04-14 04:00:00+00:00,9144.999442858556
2023-04-14 05:00:00+00:00,9144.999442858556
2023-04-14 06:00:00+00:00,9144.999442858556
2023-04-14 07:00:00+00:00,9144.999442858556
2023-04-14 08:00:00+00:00,9144.999442858556
2023-04-14 09:00:00+00:00,9190.49382977077
2023-04-14 10:00:00+00:00,9190.49382977077
2023-04-14 11:00:00+00:00,9190.49382977077
2023-04-14 12:00:00+00:00,9190.49382977077
2023-04-14 13:00:00+00:00,9190.49382977077
2023-04-14 14:00:00+00:00,9282.160953136145
2023-04-14 15:00:00+00:00,9282.160953136145
2023-04-14 16:00:00+00:00,9288.665425351463
2023-04-14 17:00:00+00:00,9288.665425351463
2023-04-14 18:00:00+00:00,9288.665425351463
2023-04-14 19:00:00+00:00,9288.665425351463
2023-04-14 20:00:00+00:00,9288.665425351463
2023-04-14 21:00:00+00:00,9288.665425351463
2023-04-14 22:00:00+00:00,9288.665425351463
2023-04-14 23:00:00+00:00,9288.665425351463
2023-04-15 00:00:00+00:00,9288.665425351463
2023-04-17 02:00:00+00:00,9288.665425351463
2023-04-17 03:00:00+00:00,9288.665425351463
2023-04-17 04:00:00+00:00,9288.665425351463
2023-04-17 05:00:00+00:00,9288.665425351463
2023-04-17 06:00:00+00:00,9288.665425351463
2023-04-17 07:00:00+00:00,9288.665425351463
2023-04-17 08:00:00+00:00,9288.665425351463
2023-04-17 09:00:00+00:00,9288.665425351463
2023-04-17 10:00:00+00:00,9358.079067348135
2023-04-17 11:00:00+00:00,9358.079067348135
2023-04-17 12:00:00+00:00,9358.079067348135
2023-04-17 13:00:00+00:00,9358.079067348135
2023-04-17 14:00:00+00:00,9358.079067348135
2023-04-17 15:00:00+00:00,9358.079067348135
2023-04-17 16:00:00+00:00,9310.956605648069
2023-04-17 17:00:00+00:00,9310.956605648069
2023-04-17 18:00:00+00:00,9314.906061878593
2023-04-17 19:00:00+00:00,9314.906061878593
2023-04-17 20:00:00+00:00,9314.906061878593
2023-04-17 21:00:00+00:00,9314.906061878593
2023-04-17 22:00:00+00:00,9314.906061878593
2023-04-17 23:00:00+00:00,9314.906061878593
2023-04-18 00:00:00+00:00,9314.906061878593
2023-04-18 02:00:00+00:00,9314.906061878593
2023-04-18 03:00:00+00:00,9314.906061878593
2023-04-18 04:00:00+00:00,9314.906061878593
2023-04-18 05:00:00+00:00,9314.906061878593
2023-04-18 06:00:00+00:00,9342.153884378175
2023-04-18 07:00:00+00:00,9342.153884378175
2023-04-18 08:00:00+00:00,9342.153884378175
2023-04-18 09:00:00+00:00,9295.233214376944
2023-04-18 10:00:00+00:00,9295.233214376944
2023-04-18 11:00:00+00:00,9295.233214376944
2023-04-18 12:00:00+00:00,9295.233214376944
2023-04-18 13:00:00+00:00,9295.233214376944
2023-04-18 14:00:00+00:00,9295.233214376944
2023-04-18 15:00:00+00:00,9295.233214376944
2023-04-18 16:00:00+00:00,9311.736959853703
2023-04-18 17:00:00+00:00,9286.284924210291
2023-04-18 18:00:00+00:00,9286.284924210291
2023-04-18 19:00:00+00:00,9286.284924210291
2023-04-25 07:00:00+00:00,9286.284924210291
2023-04-25 08:00:00+00:00,9286.284924210291
2023-04-25 09:00:00+00:00,9355.71046563218
2023-04-25 10:00:00+00:00,9355.71046563218
2023-04-25 11:00:00+00:00,9355.71046563218
2023-04-25 12:00:00+00:00,9355.71046563218
2023-04-25 13:00:00+00:00,9355.71046563218
2023-04-25 14:00:00+00:00,9355.71046563218
2023-04-25 15:00:00+00:00,9355.71046563218
2023-04-25 16:00:00+00:00,9355.71046563218
2023-04-25 17:00:00+00:00,9355.71046563218
2023-04-25 18:00:00+00:00,9343.393746690383
2023-04-25 19:00:00+00:00,9343.393746690383
2023-04-25 20:00:00+00:00,9343.393746690383
2023-04-25 21:00:00+00:00,9343.393746690383
2023-04-25 22:00:00+00:00,9343.393746690383
2023-04-25 23:00:00+00:00,9343.393746690383
2023-04-26 00:00:00+00:00,9343.393746690383
2023-04-26 02:00:00+00:00,9343.393746690383
2023-04-26 03:00:00+00:00,9343.393746690383
2023-04-26 04:00:00+00:00,9330.274815346538
2023-04-26 05:00:00+00:00,9330.274815346538
2023-04-26 06:00:00+00:00,9330.274815346538
2023-04-26 07:00:00+00:00,9283.442703800927
2023-04-26 08:00:00+00:00,9283.442703800927
2023-04-26 09:00:00+00:00,9283.442703800927
2023-04-26 10:00:00+00:00,9283.442703800927
2023-04-26 11:00:00+00:00,9283.442703800927
2023-04-26 12:00:00+00:00,9268.610660624649
2023-04-26 13:00:00+00:00,9268.610660624649
2023-04-26 14:00:00+00:00,9268.610660624649
2023-04-26 15:00:00+00:00,9268.610660624649
2023-04-26 16:00:00+00:00,9268.610660624649
2023-04-26 17:00:00+00:00,9268.610660624649
2023-04-26 18:00:00+00:00,9264.165562506205
2023-04-26 19:00:00+00:00,9264.165562506205
2023-04-26 20:00:00+00:00,9264.165562506205
2023-04-26 21:00:00+00:00,9273.46141317166
2023-04-26 22:00:00+00:00,9273.46141317166
2023-04-26 23:00:00+00:00,9271.186198205736
2023-04-27 00:00:00+00:00,9271.186198205736
2023-04-27 02:00:00+00:00,9285.711491111946
2023-04-27 03:00:00+00:00,9285.711491111946
2023-04-27 04:00:00+00:00,9287.087596892181
2023-04-27 05:00:00+00:00,9270.347228849412
2023-04-27 06:00:00+00:00,9270.347228849412
2023-04-27 07:00:00+00:00,9270.347228849412
2023-04-27 08:00:00+00:00,9270.347228849412
2023-04-27 09:00:00+00:00,9270.347228849412
2023-04-27 10:00:00+00:00,9270.347228849412
2023-04-27 11:00:00+00:00,9270.347228849412
2023-04-27 12:00:00+00:00,9288.338910078903
2023-04-27 13:00:00+00:00,9288.338910078903
2023-04-27 14:00:00+00:00,9288.338910078903
2023-04-27 15:00:00+00:00,9288.338910078903
2023-04-27 16:00:00+00:00,9288.338910078903
2023-04-27 17:00:00+00:00,9288.338910078903
2023-04-27 18:00:00+00:00,9288.338910078903
2023-04-27 19:00:00+00:00,9288.338910078903
2023-04-27 20:00:00+00:00,9288.338910078903
2023-04-27 21:00:00+00:00,9288.338910078903
2023-04-27 22:00:00+00:00,9288.338910078903
2023-04-27 23:00:00+00:00,9288.338910078903
2023-04-28 00:00:00+00:00,9288.338910078903
2023-04-28 02:00:00+00:00,9288.338910078903
2023-04-28 03:00:00+00:00,9288.338910078903
2023-04-28 04:00:00+00:00,9288.338910078903
2023-04-28 05:00:00+00:00,9288.338910078903
2023-04-28 06:00:00+00:00,9330.143233672317
2023-04-28 07:00:00+00:00,9330.143233672317
2023-04-28 08:00:00+00:00,9330.143233672317
2023-04-28 09:00:00+00:00,9341.516516412132
2023-04-28 10:00:00+00:00,9341.516516412132
2023-04-28 11:00:00+00:00,9351.661186531019
2023-04-28 12:00:00+00:00,9351.661186531019
2023-04-28 13:00:00+00:00,9362.313831027854
2023-04-28 14:00:00+00:00,9362.313831027854
2023-04-28 15:00:00+00:00,9362.313831027854
2023-04-28 16:00:00+00:00,9362.313831027854
2023-04-28 17:00:00+00:00,9366.218880329581
2023-04-28 18:00:00+00:00,9366.218880329581
2023-04-28 19:00:00+00:00,9318.922402306487
2023-04-28 20:00:00+00:00,9411.671083635561
2023-04-28 21:00:00+00:00,9411.671083635561
2023-04-28 22:00:00+00:00,9385.930580730335
2023-04-28 23:00:00+00:00,9385.930580730335
2023-04-29 00:00:00+00:00,9385.930580730335
2023-05-01 02:00:00+00:00,9338.647067953996
2023-05-01 03:00:00+00:00,9338.647067953996
2023-05-01 04:00:00+00:00,9338.647067953996
2023-05-01 05:00:00+00:00,9338.647067953996
2023-05-01 06:00:00+00:00,9338.647067953996
2023-05-01 07:00:00+00:00,9390.53745247451
2023-05-01 08:00:00+00:00,9390.53745247451
2023-05-01 09:00:00+00:00,9390.53745247451
2023-05-01 10:00:00+00:00,9427.584215375753
2023-05-01 11:00:00+00:00,9427.584215375753
2023-05-01 12:00:00+00:00,9427.584215375753
2023-05-01 13:00:00+00:00,9427.584215375753
2023-05-01 14:00:00+00:00,9380.249987094401
2023-05-01 15:00:00+00:00,9380.249987094401
2023-05-01 16:00:00+00:00,9380.249987094401
2023-05-01 17:00:00+00:00,9380.249987094401
2023-05-01 18:00:00+00:00,9380.249987094401
2023-05-01 19:00:00+00:00,9380.249987094401
2023-05-01 20:00:00+00:00,9380.249987094401
2023-05-01 21:00:00+00:00,9380.249987094401
2023-05-01 22:00:00+00:00,9380.249987094401
2023-05-01 23:00:00+00:00,9380.249987094401
2023-05-02 00:00:00+00:00,9380.249987094401
2023-05-02 02:00:00+00:00,9380.249987094401
2023-05-02 03:00:00+00:00,9380.249987094401
2023-05-02 04:00:00+00:00,9380.249987094401
2023-05-02 05:00:00+00:00,9426.888695830776
2023-05-02 06:00:00+00:00,9426.888695830776
2023-05-02 07:00:00+00:00,9411.618541429176
2023-05-02 08:00:00+00:00,9411.618541429176
2023-05-02 09:00:00+00:00,9411.618541429176
2023-05-02 10:00:00+00:00,9411.618541429176
2023-05-02 11:00:00+00:00,9411.618541429176
2023-05-02 12:00:00+00:00,9411.618541429176
2023-05-02 13:00:00+00:00,9411.618541429176
2023-05-02 14:00:00+00:00,9459.847895706951
2023-05-02 15:00:00+00:00,9459.847895706951
2023-05-02 16:00:00+00:00,9459.847895706951
2023-05-02 17:00:00+00:00,9440.859576825129
2023-05-02 18:00:00+00:00,9440.859576825129
2023-05-02 19:00:00+00:00,9440.859576825129
2023-05-02 20:00:00+00:00,9440.859576825129
2023-05-02 21:00:00+00:00,9440.859576825129
2023-05-02 22:00:00+00:00,9440.859576825129
2023-05-02 23:00:00+00:00,9487.673913916153
2023-05-03 00:00:00+00:00,9487.673913916153
2023-05-03 02:00:00+00:00,9487.673913916153
2023-05-03 03:00:00+00:00,9487.673913916153
2023-05-03 04:00:00+00:00,9474.587493851079
2023-05-03 05:00:00+00:00,9474.587493851079
2023-05-03 06:00:00+00:00,9474.587493851079
2023-05-03 07:00:00+00:00,9474.587493851079
2023-05-03 08:00:00+00:00,9474.587493851079
2023-05-03 09:00:00+00:00,9469.163135736611
2023-05-03 10:00:00+00:00,9469.163135736611
2023-05-03 11:00:00+00:00,9469.163135736611
2023-05-03 12:00:00+00:00,9444.800685546907
2023-05-03 13:00:00+00:00,9444.800685546907
2023-05-03 14:00:00+00:00,9444.800685546907
2023-05-03 15:00:00+00:00,9444.800685546907
2023-05-03 16:00:00+00:00,9444.800685546907
2023-05-03 17:00:00+00:00,9444.800685546907
2023-05-03 18:00:00+00:00,9444.800685546907
2023-05-03 19:00:00+00:00,9444.800685546907
2023-05-03 20:00:00+00:00,9444.800685546907
2023-05-03 21:00:00+00:00,9397.128106350385
2023-05-03 22:00:00+00:00,9443.55699801518
2023-05-03 23:00:00+00:00,9395.863053842173
2023-05-04 00:00:00+00:00,9489.544252008713
2023-05-04 02:00:00+00:00,9489.544252008713
2023-05-04 03:00:00+00:00,9488.336181276803
2023-05-04 04:00:00+00:00,9488.336181276803
2023-05-04 05:00:00+00:00,9488.336181276803
2023-05-04 06:00:00+00:00,9488.336181276803
2023-05-04 07:00:00+00:00,9488.336181276803
2023-05-04 08:00:00+00:00,9488.336181276803
2023-05-04 09:00:00+00:00,9469.71781559255
2023-05-04 10:00:00+00:00,9469.71781559255
2023-05-04 11:00:00+00:00,9469.71781559255
2023-05-04 12:00:00+00:00,9422.134270075101
2023-05-04 13:00:00+00:00,9422.134270075101
2023-05-04 14:00:00+00:00,9422.134270075101
2023-05-04 15:00:00+00:00,9422.134270075101
2023-05-04 16:00:00+00:00,9422.134270075101
2023-05-04 17:00:00+00:00,9422.134270075101
2023-05-04 18:00:00+00:00,9422.134270075101
2023-05-04 19:00:00+00:00,9422.134270075101
2023-05-04 20:00:00+00:00,9422.134270075101
2023-05-04 21:00:00+00:00,9422.134270075101
2023-05-04 22:00:00+00:00,9422.134270075101
2023-05-04 23:00:00+00:00,9374.739233077764
2023-05-05 00:00:00+00:00,9374.739233077764
2023-05-05 02:00:00+00:00,9372.651113992883
2023-05-05 03:00:00+00:00,9325.65280098625
2023-05-05 04:00:00+00:00,9325.65280098625
2023-05-05 05:00:00+00:00,9325.65280098625
2023-05-05 06:00:00+00:00,9325.65280098625
2023-05-05 07:00:00+00:00,9325.65280098625
2023-05-05 08:00:00+00:00,9325.65280098625
2023-05-05 09:00:00+00:00,9325.65280098625
2023-05-05 10:00:00+00:00,9325.65280098625
2023-05-05 11:00:00+00:00,9325.65280098625
2023-05-05 12:00:00+00:00,9325.65280098625
2023-05-05 13:00:00+00:00,9325.65280098625
2023-05-05 14:00:00+00:00,9334.92665313456
2023-05-05 15:00:00+00:00,9334.92665313456
2023-05-05 16:00:00+00:00,9334.92665313456
2023-05-05 17:00:00+00:00,9334.92665313456
2023-05-05 18:00:00+00:00,9334.92665313456
2023-05-05 19:00:00+00:00,9334.92665313456
2023-05-05 20:00:00+00:00,9334.92665313456
2023-05-05 21:00:00+00:00,9334.92665313456
2023-05-05 22:00:00+00:00,9334.92665313456
2023-05-05 23:00:00+00:00,9334.92665313456
2023-05-06 00:00:00+00:00,9354.966869004185
2023-05-08 02:00:00+00:00,9354.966869004185
2023-05-08 03:00:00+00:00,9354.966869004185
2023-05-08 04:00:00+00:00,9354.966869004185
2023-05-08 05:00:00+00:00,9350.804385199051
2023-05-08 06:00:00+00:00,9350.804385199051
2023-05-08 07:00:00+00:00,9350.804385199051
2023-05-08 08:00:00+00:00,9303.824520516158
2023-05-08 09:00:00+00:00,9303.824520516158
2023-05-08 10:00:00+00:00,9303.824520516158
2023-05-08 11:00:00+00:00,9303.824520516158
2023-05-08 12:00:00+00:00,9303.824520516158
2023-05-08 13:00:00+00:00,9303.824520516158
2023-05-08 14:00:00+00:00,9303.824520516158
2023-05-08 15:00:00+00:00,9303.824520516158
2023-05-08 16:00:00+00:00,9303.824520516158
2023-05-08 17:00:00+00:00,9303.824520516158
2023-05-08 18:00:00+00:00,9329.882619894583
2023-05-08 19:00:00+00:00,9329.882619894583
2023-05-08 20:00:00+00:00,9329.882619894583
2023-05-08 21:00:00+00:00,9329.882619894583
2023-05-08 22:00:00+00:00,9329.882619894583
2023-05-08 23:00:00+00:00,9329.882619894583
2023-05-09 00:00:00+00:00,9329.882619894583
2023-05-09 02:00:00+00:00,9329.882619894583
2023-05-09 03:00:00+00:00,9329.882619894583
2023-05-09 04:00:00+00:00,9329.882619894583
2023-05-09 05:00:00+00:00,9329.882619894583
2023-05-09 06:00:00+00:00,9329.882619894583
2023-05-09 07:00:00+00:00,9333.587718973717
2023-05-09 08:00:00+00:00,9333.587718973717
2023-05-09 09:00:00+00:00,9333.587718973717
2023-05-09 10:00:00+00:00,9302.252122855942
2023-05-09 11:00:00+00:00,9302.252122855942
2023-05-09 12:00:00+00:00,9302.252122855942
2023-05-09 13:00:00+00:00,9302.252122855942
2023-05-09 14:00:00+00:00,9302.252122855942
2023-05-09 15:00:00+00:00,9302.252122855942
2023-05-09 16:00:00+00:00,9302.252122855942
2023-05-09 17:00:00+00:00,9296.247240176577
2023-05-09 18:00:00+00:00,9296.247240176577
2023-05-09 19:00:00+00:00,9249.480395525681
2023-05-09 20:00:00+00:00,9202.842104358757
2023-05-09 21:00:00+00:00,9156.583158779931
2023-05-09 22:00:00+00:00,9110.474111093128
2023-05-09 23:00:00+00:00,9155.71138582031
2023-05-10 00:00:00+00:00,9109.728830539161
2023-05-10 02:00:00+00:00,9109.728830539161
2023-05-10 03:00:00+00:00,9109.728830539161
2023-05-10 04:00:00+00:00,9109.728830539161
2023-05-10 05:00:00+00:00,9109.728830539161
2023-05-10 06:00:00+00:00,9074.354038431684
2023-05-10 07:00:00+00:00,9074.354038431684
2023-05-10 08:00:00+00:00,9074.354038431684
2023-05-10 09:00:00+00:00,9074.354038431684
2023-05-10 10:00:00+00:00,9074.354038431684
2023-05-10 11:00:00+00:00,9074.354038431684
2023-05-10 12:00:00+00:00,9074.354038431684
2023-05-10 13:00:00+00:00,9078.723639495633
2023-05-10 14:00:00+00:00,9078.723639495633
2023-05-10 15:00:00+00:00,9078.723639495633
2023-05-10 16:00:00+00:00,9080.545310962176
2023-05-10 17:00:00+00:00,9080.545310962176
2023-05-10 18:00:00+00:00,9080.545310962176
2023-05-10 19:00:00+00:00,9063.145711795045
2023-05-10 20:00:00+00:00,9063.145711795045
2023-05-10 21:00:00+00:00,9063.145711795045
2023-05-10 22:00:00+00:00,9063.145711795045
2023-05-10 23:00:00+00:00,9063.145711795045
2023-05-11 00:00:00+00:00,9063.145711795045
2023-05-11 02:00:00+00:00,9063.145711795045
2023-05-11 03:00:00+00:00,9085.308648665927
2023-05-11 04:00:00+00:00,9081.7314861625
2023-05-11 05:00:00+00:00,9081.7314861625
2023-05-11 06:00:00+00:00,9081.7314861625
2023-05-11 07:00:00+00:00,9081.7314861625
2023-05-11 08:00:00+00:00,9081.7314861625
2023-05-11 09:00:00+00:00,9081.7314861625
2023-05-11 10:00:00+00:00,9081.7314861625
2023-05-11 11:00:00+00:00,9149.667892141939
2023-05-11 12:00:00+00:00,9149.667892141939
2023-05-11 13:00:00+00:00,9149.667892141939
2023-05-11 14:00:00+00:00,9149.667892141939
2023-05-11 15:00:00+00:00,9149.667892141939
2023-05-11 16:00:00+00:00,9218.081701592213
2023-05-11 17:00:00+00:00,9218.081701592213
2023-05-11 18:00:00+00:00,9218.081701592213
2023-05-11 19:00:00+00:00,9218.081701592213
2023-05-11 20:00:00+00:00,9218.081701592213
2023-05-11 21:00:00+00:00,9218.081701592213
2023-05-11 22:00:00+00:00,9218.081701592213
2023-05-11 23:00:00+00:00,9218.081701592213
2023-05-12 00:00:00+00:00,9206.693936287298
2023-05-12 02:00:00+00:00,9206.693936287298
2023-05-12 03:00:00+00:00,9215.134156081815
2023-05-12 04:00:00+00:00,9196.858301649749
2023-05-12 05:00:00+00:00,9196.858301649749
2023-05-12 06:00:00+00:00,9196.858301649749
2023-05-12 07:00:00+00:00,9192.518080266009
2023-05-12 08:00:00+00:00,9192.518080266009
2023-05-12 09:00:00+00:00,9192.518080266009
2023-05-12 10:00:00+00:00,9192.518080266009
2023-05-12 11:00:00+00:00,9192.518080266009
2023-05-12 12:00:00+00:00,9217.721805214176
2023-05-12 13:00:00+00:00,9217.721805214176
2023-05-12 14:00:00+00:00,9217.721805214176
2023-05-12 15:00:00+00:00,9217.721805214176
2023-05-12 16:00:00+00:00,9217.721805214176
2023-05-12 17:00:00+00:00,9217.721805214176
2023-05-12 18:00:00+00:00,9217.721805214176
2023-05-12 19:00:00+00:00,9217.721805214176
2023-05-12 20:00:00+00:00,9217.721805214176
2023-05-12 21:00:00+00:00,9217.721805214176
2023-05-12 22:00:00+00:00,9217.721805214176
2023-05-12 23:00:00+00:00,9213.709750447439
2023-05-13 00:00:00+00:00,9237.623786115393
2023-05-15 02:00:00+00:00,9306.607653356761
2023-05-15 03:00:00+00:00,9306.607653356761
2023-05-15 04:00:00+00:00,9306.607653356761
2023-05-15 05:00:00+00:00,9306.607653356761
2023-05-15 06:00:00+00:00,9306.607653356761
2023-05-15 07:00:00+00:00,9306.607653356761
2023-05-15 08:00:00+00:00,9306.607653356761
2023-05-15 09:00:00+00:00,9306.607653356761
2023-05-15 10:00:00+00:00,9306.607653356761
2023-05-15 11:00:00+00:00,9306.607653356761
2023-05-15 12:00:00+00:00,9306.607653356761
2023-05-15 13:00:00+00:00,9283.344536034741
2023-05-15 14:00:00+00:00,9283.344536034741
2023-05-15 15:00:00+00:00,9283.344536034741
2023-05-15 16:00:00+00:00,9283.344536034741
2023-05-15 17:00:00+00:00,9293.211308272981
2023-05-15 18:00:00+00:00,9293.211308272981
2023-05-15 19:00:00+00:00,9293.211308272981
2023-05-15 20:00:00+00:00,9304.05576254086
2023-05-15 21:00:00+00:00,9304.05576254086
2023-05-15 22:00:00+00:00,9318.351179046465
2023-05-15 23:00:00+00:00,9318.351179046465
2023-05-16 00:00:00+00:00,9318.351179046465
2023-05-16 02:00:00+00:00,9323.643327028787
2023-05-16 03:00:00+00:00,9323.643327028787
2023-05-16 04:00:00+00:00,9323.643327028787
2023-05-16 05:00:00+00:00,9323.643327028787
2023-05-16 06:00:00+00:00,9323.643327028787
2023-05-16 07:00:00+00:00,9325.336413778557
2023-05-16 08:00:00+00:00,9325.336413778557
2023-05-16 09:00:00+00:00,9325.336413778557
2023-05-16 10:00:00+00:00,9325.336413778557
2023-05-16 11:00:00+00:00,9322.210519818736
2023-05-16 12:00:00+00:00,9322.210519818736
2023-05-16 13:00:00+00:00,9322.210519818736
2023-05-16 14:00:00+00:00,9322.210519818736
2023-05-16 15:00:00+00:00,9322.210519818736
2023-05-16 16:00:00+00:00,9322.210519818736
2023-05-16 17:00:00+00:00,9322.210519818736
2023-05-16 18:00:00+00:00,9309.76604985294
2023-05-16 19:00:00+00:00,9309.76604985294
2023-05-16 20:00:00+00:00,9309.76604985294
2023-05-16 21:00:00+00:00,9304.990235005065
2023-05-16 22:00:00+00:00,9304.990235005065
2023-05-16 23:00:00+00:00,9350.819199174432
2023-05-17 00:00:00+00:00,9350.819199174432
2023-05-17 02:00:00+00:00,9350.819199174432
2023-05-17 03:00:00+00:00,9350.819199174432
2023-05-17 04:00:00+00:00,9350.819199174432
2023-05-17 05:00:00+00:00,9359.317165048415
2023-05-17 06:00:00+00:00,9359.317165048415
2023-05-17 07:00:00+00:00,9371.818398404623
2023-05-17 08:00:00+00:00,9371.818398404623
2023-05-17 09:00:00+00:00,9371.818398404623
2023-05-17 10:00:00+00:00,9352.068209633042
2023-05-17 11:00:00+00:00,9352.068209633042
2023-05-17 12:00:00+00:00,9352.068209633042
2023-05-17 13:00:00+00:00,9352.068209633042
2023-05-17 14:00:00+00:00,9352.068209633042
2023-05-17 15:00:00+00:00,9352.068209633042
2023-05-17 16:00:00+00:00,9352.068209633042
2023-05-17 17:00:00+00:00,9352.068209633042
2023-05-17 18:00:00+00:00,9352.068209633042
2023-05-17 19:00:00+00:00,9352.068209633042
2023-05-17 20:00:00+00:00,9352.068209633042
2023-05-17 21:00:00+00:00,9352.068209633042
2023-05-17 22:00:00+00:00,9352.068209633042
2023-05-17 23:00:00+00:00,9373.636915422167
2023-05-18 00:00:00+00:00,9373.636915422167
2023-05-18 02:00:00+00:00,9373.636915422167
2023-05-18 03:00:00+00:00,9373.636915422167
2023-05-18 04:00:00+00:00,9373.636915422167
2023-05-18 05:00:00+00:00,9393.655648189631
2023-05-18 06:00:00+00:00,9393.655648189631
2023-05-18 07:00:00+00:00,9395.868326095526
2023-05-18 08:00:00+00:00,9395.868326095526
2023-05-18 09:00:00+00:00,9395.868326095526
2023-05-18 10:00:00+00:00,9395.196311399843
2023-05-18 11:00:00+00:00,9395.196311399843
2023-05-18 12:00:00+00:00,9395.196311399843
2023-05-18 13:00:00+00:00,9408.403400101273
2023-05-18 14:00:00+00:00,9408.403400101273
2023-05-18 15:00:00+00:00,9408.403400101273
2023-05-18 16:00:00+00:00,9408.403400101273
2023-05-18 17:00:00+00:00,9408.403400101273
2023-05-18 18:00:00+00:00,9408.403400101273
2023-05-18 19:00:00+00:00,9408.403400101273
2023-05-18 20:00:00+00:00,9408.403400101273
2023-05-18 21:00:00+00:00,9438.92361718026
2023-05-18 22:00:00+00:00,9438.92361718026
2023-05-18 23:00:00+00:00,9456.498428852956
2023-05-19 00:00:00+00:00,9456.498428852956
2023-05-19 02:00:00+00:00,9456.498428852956
2023-05-19 03:00:00+00:00,9456.498428852956
2023-05-19 04:00:00+00:00,9456.498428852956
2023-05-19 05:00:00+00:00,9456.498428852956
2023-05-19 06:00:00+00:00,9456.498428852956
2023-05-19 07:00:00+00:00,9453.662298046896
2023-05-19 08:00:00+00:00,9453.662298046896
2023-05-19 09:00:00+00:00,9453.662298046896
2023-05-19 10:00:00+00:00,9453.662298046896
2023-05-19 11:00:00+00:00,9465.184755000273
2023-05-19 12:00:00+00:00,9465.184755000273
2023-05-19 13:00:00+00:00,9466.784218657858
2023-05-19 14:00:00+00:00,9466.784218657858
2023-05-19 15:00:00+00:00,9466.784218657858
2023-05-19 16:00:00+00:00,9466.784218657858
2023-05-19 17:00:00+00:00,9466.784218657858
2023-05-19 18:00:00+00:00,9466.784218657858
2023-05-19 19:00:00+00:00,9466.784218657858
2023-05-19 20:00:00+00:00,9466.784218657858
2023-05-19 21:00:00+00:00,9466.784218657858
2023-05-19 22:00:00+00:00,9466.784218657858
2023-05-19 23:00:00+00:00,9488.586906293613
2023-05-20 00:00:00+00:00,9488.586906293613
2023-05-22 02:00:00+00:00,9488.586906293613
2023-05-22 03:00:00+00:00,9488.586906293613
2023-05-22 04:00:00+00:00,9488.586906293613
2023-05-22 05:00:00+00:00,9488.586906293613
2023-05-22 06:00:00+00:00,9488.586906293613
2023-05-22 07:00:00+00:00,9486.28751568536
2023-05-22 08:00:00+00:00,9486.28751568536
2023-05-22 09:00:00+00:00,9486.28751568536
2023-05-22 10:00:00+00:00,9477.560746994348
2023-05-22 11:00:00+00:00,9477.560746994348
2023-05-22 12:00:00+00:00,9477.560746994348
2023-05-22 13:00:00+00:00,9477.560746994348
2023-05-22 14:00:00+00:00,9477.560746994348
2023-05-22 15:00:00+00:00,9477.560746994348
2023-05-22 16:00:00+00:00,9524.52139859802
2023-05-22 17:00:00+00:00,9571.796956159571
2023-05-22 18:00:00+00:00,9571.796956159571
2023-05-22 19:00:00+00:00,9571.825562258833
2023-05-22 20:00:00+00:00,9571.825562258833
2023-05-22 21:00:00+00:00,9571.825562258833
2023-05-22 22:00:00+00:00,9571.825562258833
2023-05-22 23:00:00+00:00,9523.706959491217
2023-05-23 00:00:00+00:00,9523.706959491217
2023-05-23 02:00:00+00:00,9523.706959491217
2023-05-23 03:00:00+00:00,9523.706959491217
2023-05-23 04:00:00+00:00,9523.706959491217
2023-05-23 05:00:00+00:00,9523.706959491217
2023-05-23 06:00:00+00:00,9523.706959491217
2023-05-23 07:00:00+00:00,9508.374449517303
2023-05-23 08:00:00+00:00,9508.374449517303
2023-05-23 09:00:00+00:00,9508.374449517303
2023-05-23 10:00:00+00:00,9508.374449517303
2023-05-23 11:00:00+00:00,9508.374449517303
2023-05-23 12:00:00+00:00,9508.374449517303
2023-05-23 13:00:00+00:00,9499.812897261803
2023-05-23 14:00:00+00:00,9499.812897261803
2023-05-23 15:00:00+00:00,9499.812897261803
2023-05-23 16:00:00+00:00,9499.812897261803
2023-05-23 17:00:00+00:00,9499.812897261803
2023-05-23 18:00:00+00:00,9499.812897261803
2023-05-23 19:00:00+00:00,9499.812897261803
2023-05-23 20:00:00+00:00,9499.812897261803
2023-05-23 21:00:00+00:00,9499.812897261803
2023-05-23 22:00:00+00:00,9499.812897261803
2023-05-23 23:00:00+00:00,9499.812897261803
2023-05-24 00:00:00+00:00,9499.812897261803
2023-05-24 02:00:00+00:00,9499.812897261803
2023-05-24 03:00:00+00:00,9555.508258198579
2023-05-24 04:00:00+00:00,9555.508258198579
2023-05-24 05:00:00+00:00,9555.508258198579
2023-05-24 06:00:00+00:00,9555.508258198579
2023-05-24 07:00:00+00:00,9555.508258198579
2023-05-24 08:00:00+00:00,9555.508258198579
2023-05-24 09:00:00+00:00,9555.508258198579
2023-05-24 10:00:00+00:00,9555.508258198579
2023-05-24 11:00:00+00:00,9555.508258198579
2023-05-24 12:00:00+00:00,9555.508258198579
2023-05-24 13:00:00+00:00,9555.508258198579
2023-05-24 14:00:00+00:00,9555.508258198579
2023-05-24 15:00:00+00:00,9555.508258198579
2023-05-24 16:00:00+00:00,9555.508258198579
2023-05-24 17:00:00+00:00,9555.508258198579
2023-05-24 18:00:00+00:00,9555.508258198579
2023-05-24 19:00:00+00:00,9572.226945621273
2023-05-24 20:00:00+00:00,9572.226945621273
2023-05-24 21:00:00+00:00,9572.226945621273
2023-05-24 22:00:00+00:00,9572.226945621273
2023-05-24 23:00:00+00:00,9572.226945621273
2023-05-25 00:00:00+00:00,9572.226945621273
2023-05-25 02:00:00+00:00,9572.226945621273
2023-05-25 03:00:00+00:00,9572.226945621273
2023-05-25 04:00:00+00:00,9572.226945621273
2023-05-25 05:00:00+00:00,9572.226945621273
2023-05-25 06:00:00+00:00,9572.226945621273
2023-05-25 07:00:00+00:00,9569.084221537683
2023-05-25 08:00:00+00:00,9569.084221537683
2023-05-25 09:00:00+00:00,9575.618064829281
2023-05-25 10:00:00+00:00,9575.618064829281
2023-05-25 11:00:00+00:00,9582.774053521536
2023-05-25 12:00:00+00:00,9582.774053521536
2023-05-25 13:00:00+00:00,9582.774053521536
2023-05-25 14:00:00+00:00,9582.774053521536
2023-05-25 15:00:00+00:00,9582.774053521536
2023-05-25 16:00:00+00:00,9582.774053521536
2023-05-25 17:00:00+00:00,9582.774053521536
2023-05-25 18:00:00+00:00,9582.774053521536
2023-05-25 19:00:00+00:00,9582.774053521536
2023-05-25 20:00:00+00:00,9582.774053521536
2023-05-25 21:00:00+00:00,9582.774053521536
2023-05-25 22:00:00+00:00,9565.563964464536
2023-05-25 23:00:00+00:00,9565.563964464536
2023-05-26 00:00:00+00:00,9565.563964464536
2023-05-26 02:00:00+00:00,9565.563964464536
2023-05-26 03:00:00+00:00,9565.563964464536
2023-05-26 04:00:00+00:00,9565.563964464536
2023-05-26 05:00:00+00:00,9565.563964464536
2023-05-26 06:00:00+00:00,9565.68027372201
2023-05-26 07:00:00+00:00,9565.68027372201
2023-05-26 08:00:00+00:00,9565.68027372201
2023-05-26 09:00:00+00:00,9565.68027372201
2023-05-26 10:00:00+00:00,9565.68027372201
2023-05-26 11:00:00+00:00,9565.68027372201
2023-05-26 12:00:00+00:00,9565.68027372201
2023-05-26 13:00:00+00:00,9599.945694836011
2023-05-26 14:00:00+00:00,9599.945694836011
2023-05-26 15:00:00+00:00,9599.945694836011
2023-05-26 16:00:00+00:00,9599.945694836011
2023-05-26 17:00:00+00:00,9595.307104885953
2023-05-26 18:00:00+00:00,9595.307104885953
2023-05-26 19:00:00+00:00,9595.307104885953
2023-05-26 20:00:00+00:00,9595.307104885953
2023-05-26 21:00:00+00:00,9690.943411285252
2023-05-26 22:00:00+00:00,9642.214182679983
2023-05-26 23:00:00+00:00,9642.214182679983
2023-05-27 00:00:00+00:00,9714.284980439435
2023-05-29 02:00:00+00:00,9786.950601054084
2023-05-29 03:00:00+00:00,9786.950601054084
2023-05-29 04:00:00+00:00,9786.950601054084
2023-05-29 05:00:00+00:00,9786.950601054084
2023-05-29 06:00:00+00:00,9786.950601054084
2023-05-29 07:00:00+00:00,9786.950601054084
2023-05-29 08:00:00+00:00,9786.950601054084
2023-05-29 09:00:00+00:00,9860.19896197091
2023-05-29 10:00:00+00:00,9860.19896197091
2023-05-29 11:00:00+00:00,9860.19896197091
2023-05-29 12:00:00+00:00,9860.19896197091
2023-05-29 13:00:00+00:00,9860.19896197091
2023-05-29 14:00:00+00:00,9860.19896197091
2023-05-29 15:00:00+00:00,9860.19896197091
2023-05-29 16:00:00+00:00,9860.19896197091
2023-05-29 17:00:00+00:00,9860.19896197091
2023-05-29 18:00:00+00:00,9860.19896197091
2023-05-29 19:00:00+00:00,9860.19896197091
2023-05-29 20:00:00+00:00,9860.19896197091
2023-05-29 21:00:00+00:00,9919.430807445495
2023-05-29 22:00:00+00:00,9919.430807445495
2023-05-29 23:00:00+00:00,9919.430807445495
2023-05-30 00:00:00+00:00,9919.430807445495
2023-05-30 02:00:00+00:00,9869.591875987746
2023-05-30 03:00:00+00:00,9869.591875987746
2023-05-30 04:00:00+00:00,9869.591875987746
2023-05-30 05:00:00+00:00,9869.591875987746
2023-05-30 06:00:00+00:00,9852.596827827521
2023-05-30 07:00:00+00:00,9852.596827827521
2023-05-30 08:00:00+00:00,9950.923883780555
2023-05-30 09:00:00+00:00,9950.923883780555
2023-05-30 10:00:00+00:00,10000.536419564192
2023-05-30 11:00:00+00:00,10000.536419564192
2023-05-30 12:00:00+00:00,10000.536419564192
2023-05-30 13:00:00+00:00,10000.536419564192
2023-05-30 14:00:00+00:00,10000.536419564192
2023-05-30 15:00:00+00:00,10000.536419564192
2023-05-30 16:00:00+00:00,10000.536419564192
2023-05-30 17:00:00+00:00,10000.536419564192
2023-05-30 18:00:00+00:00,10000.536419564192
2023-05-30 19:00:00+00:00,10000.536419564192
2023-05-30 20:00:00+00:00,10050.441553983865
2023-05-30 21:00:00+00:00,10000.087458857795
2023-05-30 22:00:00+00:00,9949.971074113048
2023-05-30 23:00:00+00:00,9949.971074113048
2023-05-31 00:00:00+00:00,9949.971074113048
2023-05-31 02:00:00+00:00,9949.971074113048
2023-05-31 03:00:00+00:00,9949.971074113048
2023-05-31 04:00:00+00:00,9949.971074113048
2023-05-31 05:00:00+00:00,9949.971074113048
2023-05-31 06:00:00+00:00,9949.971074113048
2023-05-31 07:00:00+00:00,9949.971074113048
2023-05-31 08:00:00+00:00,9949.971074113048
2023-05-31 09:00:00+00:00,9949.971074113048
2023-05-31 10:00:00+00:00,9949.971074113048
2023-05-31 11:00:00+00:00,9949.805121619704
2023-05-31 12:00:00+00:00,9949.805121619704
2023-05-31 13:00:00+00:00,9949.805121619704
2023-05-31 14:00:00+00:00,9949.805121619704
2023-05-31 15:00:00+00:00,9949.805121619704
2023-05-31 16:00:00+00:00,9961.810268603485
2023-05-31 17:00:00+00:00,9961.810268603485
2023-05-31 18:00:00+00:00,9961.810268603485
2023-05-31 19:00:00+00:00,9963.984885789112
2023-05-31 20:00:00+00:00,9963.984885789112
2023-05-31 21:00:00+00:00,9963.984885789112
2023-05-31 22:00:00+00:00,9963.984885789112
2023-05-31 23:00:00+00:00,9914.004923781695
2023-06-01 00:00:00+00:00,9914.004923781695
2023-06-01 02:00:00+00:00,9914.004923781695
2023-06-01 03:00:00+00:00,9914.004923781695
2023-06-01 04:00:00+00:00,9864.260220281336
2023-06-01 05:00:00+00:00,9864.260220281336
2023-06-01 06:00:00+00:00,9850.723507907449
2023-06-01 07:00:00+00:00,9850.723507907449
2023-06-01 08:00:00+00:00,9850.723507907449
2023-06-01 09:00:00+00:00,9850.723507907449
2023-06-01 10:00:00+00:00,9850.723507907449
2023-06-01 11:00:00+00:00,9850.723507907449
2023-06-01 12:00:00+00:00,9839.778116480764
2023-06-01 13:00:00+00:00,9839.778116480764
2023-06-01 14:00:00+00:00,9839.778116480764
2023-06-01 15:00:00+00:00,9839.778116480764
2023-06-01 16:00:00+00:00,9937.939637874537
2023-06-01 17:00:00+00:00,9987.332464292898
2023-06-01 18:00:00+00:00,9987.332464292898
2023-06-01 19:00:00+00:00,9987.332464292898
2023-06-01 20:00:00+00:00,9987.332464292898
2023-06-01 21:00:00+00:00,9987.332464292898
2023-06-01 22:00:00+00:00,9987.332464292898
2023-06-01 23:00:00+00:00,9987.332464292898
2023-06-02 00:00:00+00:00,9958.411502639246
2023-06-02 02:00:00+00:00,9958.411502639246
2023-06-02 03:00:00+00:00,9958.411502639246
2023-06-02 04:00:00+00:00,9958.411502639246
2023-06-02 05:00:00+00:00,9958.411502639246
2023-06-02 06:00:00+00:00,9958.411502639246
2023-06-02 07:00:00+00:00,9958.411502639246
2023-06-02 08:00:00+00:00,9956.336241386278
2023-06-02 09:00:00+00:00,9956.336241386278
2023-06-02 10:00:00+00:00,9956.336241386278
2023-06-02 11:00:00+00:00,9927.60040846923
2023-06-02 12:00:00+00:00,9976.941602496996
2023-06-02 13:00:00+00:00,9976.941602496996
2023-06-02 14:00:00+00:00,9938.975286618186
2023-06-02 15:00:00+00:00,9938.975286618186
2023-06-02 16:00:00+00:00,9925.293561018161
2023-06-02 17:00:00+00:00,9925.293561018161
2023-06-02 18:00:00+00:00,9917.582547851493
2023-06-02 19:00:00+00:00,9917.582547851493
2023-06-02 20:00:00+00:00,9917.582547851493
2023-06-02 21:00:00+00:00,9917.582547851493
2023-06-02 22:00:00+00:00,9937.406635369025
2023-06-02 23:00:00+00:00,9937.406635369025
2023-06-03 00:00:00+00:00,9937.406635369025
2023-06-05 02:00:00+00:00,9986.84804517211
2023-06-05 03:00:00+00:00,9986.84804517211
2023-06-05 04:00:00+00:00,9986.84804517211
2023-06-05 05:00:00+00:00,9986.84804517211
2023-06-05 06:00:00+00:00,9986.84804517211
2023-06-05 07:00:00+00:00,9936.672121934418
2023-06-05 08:00:00+00:00,9936.672121934418
2023-06-05 09:00:00+00:00,9936.672121934418
2023-06-05 10:00:00+00:00,9936.672121934418
2023-06-05 11:00:00+00:00,9936.672121934418
2023-06-05 12:00:00+00:00,10011.0280115432
2023-06-05 13:00:00+00:00,10011.0280115432
2023-06-05 14:00:00+00:00,10011.0280115432
2023-06-05 15:00:00+00:00,10011.0280115432
2023-06-05 16:00:00+00:00,10011.0280115432
2023-06-05 17:00:00+00:00,10001.590959795147
2023-06-05 18:00:00+00:00,10001.590959795147
2023-06-05 19:00:00+00:00,10001.590959795147
2023-06-05 20:00:00+00:00,10001.590959795147
2023-06-05 21:00:00+00:00,10004.623813962766
2023-06-05 22:00:00+00:00,10004.623813962766
2023-06-05 23:00:00+00:00,10004.623813962766
2023-06-06 00:00:00+00:00,10004.623813962766
2023-06-06 02:00:00+00:00,10004.623813962766
2023-06-06 03:00:00+00:00,10004.623813962766
2023-06-06 04:00:00+00:00,10004.623813962766
2023-06-06 05:00:00+00:00,10004.623813962766
2023-06-06 06:00:00+00:00,9997.18334735038
2023-06-06 07:00:00+00:00,10065.98119468634
2023-06-06 08:00:00+00:00,10065.98119468634
2023-06-06 09:00:00+00:00,10015.49707848552
2023-06-06 10:00:00+00:00,10015.49707848552
2023-06-06 11:00:00+00:00,10015.49707848552
2023-06-06 12:00:00+00:00,10015.49707848552
2023-06-06 13:00:00+00:00,10034.739376925012
2023-06-06 14:00:00+00:00,10034.739376925012
2023-06-06 15:00:00+00:00,10034.739376925012
2023-06-06 16:00:00+00:00,10034.739376925012
2023-06-06 17:00:00+00:00,10034.739376925012
2023-06-06 18:00:00+00:00,10034.739376925012
2023-06-06 19:00:00+00:00,10048.724668578412
2023-06-06 20:00:00+00:00,10048.724668578412
2023-06-06 21:00:00+00:00,10048.724668578412
2023-06-06 22:00:00+00:00,10048.724668578412
2023-06-06 23:00:00+00:00,10048.724668578412
2023-06-07 00:00:00+00:00,10048.724668578412
2023-06-07 02:00:00+00:00,10048.724668578412
2023-06-07 03:00:00+00:00,10048.724668578412
2023-06-07 04:00:00+00:00,10048.724668578412
2023-06-07 05:00:00+00:00,10108.07245759863
2023-06-07 06:00:00+00:00,10108.07245759863
2023-06-07 07:00:00+00:00,10108.07245759863
2023-06-07 08:00:00+00:00,10057.238092395159
2023-06-07 09:00:00+00:00,10057.238092395159
2023-06-07 10:00:00+00:00,10039.471063213048
2023-06-07 11:00:00+00:00,10039.471063213048
2023-06-07 12:00:00+00:00,10039.471063213048
2023-06-07 13:00:00+00:00,10064.220331434752
2023-06-07 14:00:00+00:00,10064.220331434752
2023-06-07 15:00:00+00:00,10064.220331434752
2023-06-07 16:00:00+00:00,10064.220331434752
2023-06-07 17:00:00+00:00,10064.220331434752
2023-06-07 18:00:00+00:00,10064.220331434752
2023-06-07 19:00:00+00:00,10064.220331434752
2023-06-07 20:00:00+00:00,10064.220331434752
2023-06-07 21:00:00+00:00,10059.756191728793
2023-06-07 22:00:00+00:00,10059.756191728793
2023-06-07 23:00:00+00:00,10059.756191728793
2023-06-08 00:00:00+00:00,10059.756191728793
2023-06-08 02:00:00+00:00,10059.756191728793
2023-06-08 03:00:00+00:00,10059.756191728793
2023-06-08 04:00:00+00:00,10160.03988102866
2023-06-08 05:00:00+00:00,10160.03988102866
2023-06-08 06:00:00+00:00,10160.03988102866
2023-06-08 07:00:00+00:00,10160.03988102866
2023-06-08 08:00:00+00:00,10160.03988102866
2023-06-08 09:00:00+00:00,10160.03988102866
2023-06-08 10:00:00+00:00,10160.03988102866
2023-06-08 11:00:00+00:00,10160.03988102866
2023-06-08 12:00:00+00:00,10128.628405092959
2023-06-08 13:00:00+00:00,10128.628405092959
2023-06-08 14:00:00+00:00,10128.628405092959
2023-06-08 15:00:00+00:00,10128.628405092959
2023-06-08 16:00:00+00:00,10128.628405092959
2023-06-08 17:00:00+00:00,10128.628405092959
2023-06-08 18:00:00+00:00,10128.628405092959
2023-06-08 19:00:00+00:00,10128.628405092959
2023-06-08 20:00:00+00:00,10128.628405092959
2023-06-08 21:00:00+00:00,10128.628405092959
2023-06-08 22:00:00+00:00,10128.628405092959
2023-06-08 23:00:00+00:00,10128.628405092959
2023-06-09 00:00:00+00:00,10128.628405092959
2023-06-09 02:00:00+00:00,10128.628405092959
2023-06-09 03:00:00+00:00,10077.752063335372
2023-06-09 04:00:00+00:00,10077.752063335372
2023-06-09 05:00:00+00:00,10077.752063335372
2023-06-09 06:00:00+00:00,10077.752063335372
2023-06-09 07:00:00+00:00,10059.898499453891
2023-06-09 08:00:00+00:00,10059.898499453891
2023-06-09 09:00:00+00:00,10059.898499453891
2023-06-09 10:00:00+00:00,10059.898499453891
2023-06-09 11:00:00+00:00,10059.898499453891
2023-06-09 12:00:00+00:00,10059.898499453891
2023-06-09 13:00:00+00:00,10047.903637529374
2023-06-09 14:00:00+00:00,10047.903637529374
2023-06-09 15:00:00+00:00,10047.903637529374
2023-06-09 16:00:00+00:00,10047.903637529374
2023-06-09 17:00:00+00:00,10047.903637529374
2023-06-09 18:00:00+00:00,10073.766774893973
2023-06-09 19:00:00+00:00,10073.766774893973
2023-06-09 20:00:00+00:00,10125.127625408924
2023-06-09 21:00:00+00:00,10125.127625408924
2023-06-09 22:00:00+00:00,10125.127625408924
2023-06-09 23:00:00+00:00,10125.127625408924
2023-06-10 00:00:00+00:00,10125.127625408924
2023-06-12 02:00:00+00:00,10125.127625408924
2023-06-12 03:00:00+00:00,10125.127625408924
2023-06-12 04:00:00+00:00,10125.127625408924
2023-06-12 05:00:00+00:00,10125.127625408924
2023-06-12 06:00:00+00:00,10125.127625408924
2023-06-12 07:00:00+00:00,10124.091037909202
2023-06-12 08:00:00+00:00,10124.091037909202
2023-06-12 09:00:00+00:00,10133.788535804348
2023-06-12 10:00:00+00:00,10133.788535804348
2023-06-12 11:00:00+00:00,10133.788535804348
2023-06-12 12:00:00+00:00,10133.788535804348
2023-06-12 13:00:00+00:00,10158.737045032281
2023-06-12 14:00:00+00:00,10158.737045032281
2023-06-12 15:00:00+00:00,10158.737045032281
2023-06-12 16:00:00+00:00,10135.43540275828
2023-06-12 17:00:00+00:00,10135.43540275828
2023-06-12 18:00:00+00:00,10135.43540275828
2023-06-12 19:00:00+00:00,10135.43540275828
2023-06-12 20:00:00+00:00,10135.43540275828
2023-06-12 21:00:00+00:00,10135.43540275828
2023-06-12 22:00:00+00:00,10135.43540275828
2023-06-12 23:00:00+00:00,10146.868241750966
2023-06-13 00:00:00+00:00,10146.868241750966
2023-06-13 02:00:00+00:00,10176.60201156245
2023-06-13 03:00:00+00:00,10176.60201156245
2023-06-13 04:00:00+00:00,10176.60201156245
2023-06-13 05:00:00+00:00,10125.356905061752
2023-06-13 06:00:00+00:00,10125.356905061752
2023-06-13 07:00:00+00:00,10160.136250378988
2023-06-13 08:00:00+00:00,10160.136250378988
2023-06-13 09:00:00+00:00,10160.136250378988
2023-06-13 10:00:00+00:00,10160.136250378988
2023-06-13 11:00:00+00:00,10181.59108694108
2023-06-13 12:00:00+00:00,10181.59108694108
2023-06-13 13:00:00+00:00,10181.59108694108
2023-06-13 14:00:00+00:00,10181.59108694108
2023-06-13 15:00:00+00:00,10181.59108694108
2023-06-13 16:00:00+00:00,10181.59108694108
2023-06-13 17:00:00+00:00,10181.59108694108
2023-06-13 18:00:00+00:00,10181.59108694108
2023-06-13 19:00:00+00:00,10181.59108694108
2023-06-13 20:00:00+00:00,10181.59108694108
2023-06-13 21:00:00+00:00,10181.59108694108
2023-06-13 22:00:00+00:00,10181.59108694108
2023-06-13 23:00:00+00:00,10181.59108694108
2023-06-14 00:00:00+00:00,10181.59108694108
2023-06-14 02:00:00+00:00,10181.59108694108
2023-06-14 03:00:00+00:00,10181.59108694108
2023-06-14 04:00:00+00:00,10181.59108694108
2023-06-14 05:00:00+00:00,10181.59108694108
2023-06-14 06:00:00+00:00,10181.59108694108
2023-06-14 07:00:00+00:00,10249.550787562424
2023-06-14 08:00:00+00:00,10249.550787562424
2023-06-14 09:00:00+00:00,10249.550787562424
2023-06-14 10:00:00+00:00,10249.550787562424
2023-06-14 11:00:00+00:00,10198.07055626887
2023-06-14 12:00:00+00:00,10198.07055626887
2023-06-14 13:00:00+00:00,10215.050229108827
2023-06-14 14:00:00+00:00,10215.050229108827
2023-06-14 15:00:00+00:00,10215.050229108827
2023-06-14 16:00:00+00:00,10215.050229108827
2023-06-14 17:00:00+00:00,10217.208652833191
2023-06-14 18:00:00+00:00,10217.208652833191
2023-06-14 19:00:00+00:00,10206.954921300041
2023-06-14 20:00:00+00:00,10206.954921300041
2023-06-14 21:00:00+00:00,10206.954921300041
2023-06-14 22:00:00+00:00,10206.954921300041
2023-06-14 23:00:00+00:00,10189.875952078966
2023-06-15 00:00:00+00:00,10189.875952078966
2023-06-15 02:00:00+00:00,10189.875952078966
2023-06-15 03:00:00+00:00,10189.875952078966
2023-06-15 04:00:00+00:00,10291.458228052763
2023-06-15 05:00:00+00:00,10291.458228052763
2023-06-15 06:00:00+00:00,10291.458228052763
2023-06-15 07:00:00+00:00,10291.458228052763
2023-06-15 08:00:00+00:00,10291.458228052763
2023-06-15 09:00:00+00:00,10291.458228052763
2023-06-15 10:00:00+00:00,10291.458228052763
2023-06-15 11:00:00+00:00,10291.458228052763
2023-06-15 12:00:00+00:00,10291.458228052763
2023-06-15 13:00:00+00:00,10291.458228052763
2023-06-15 14:00:00+00:00,10291.458228052763
2023-06-15 15:00:00+00:00,10291.458228052763
2023-06-15 16:00:00+00:00,10291.458228052763
2023-06-15 17:00:00+00:00,10291.458228052763
2023-06-15 18:00:00+00:00,10291.458228052763
2023-06-15 19:00:00+00:00,10291.458228052763
2023-06-15 20:00:00+00:00,10291.458228052763
2023-06-15 21:00:00+00:00,10291.458228052763
2023-06-15 22:00:00+00:00,10291.458228052763
2023-06-15 23:00:00+00:00,10319.988015202509
2023-06-16 00:00:00+00:00,10319.988015202509
2023-06-16 02:00:00+00:00,10319.988015202509
2023-06-16 03:00:00+00:00,10319.988015202509
2023-06-16 04:00:00+00:00,10319.988015202509
2023-06-16 05:00:00+00:00,10319.988015202509
2023-06-16 06:00:00+00:00,10319.988015202509
2023-06-16 07:00:00+00:00,10334.898861110203
2023-06-16 08:00:00+00:00,10334.898861110203
2023-06-16 09:00:00+00:00,10334.898861110203
2023-06-16 10:00:00+00:00,10334.898861110203
2023-06-16 11:00:00+00:00,10334.898861110203
2023-06-16 12:00:00+00:00,10348.857970422476
2023-06-16 13:00:00+00:00,10348.857970422476
2023-06-16 14:00:00+00:00,10348.857970422476
2023-06-16 15:00:00+00:00,10348.857970422476
2023-06-16 16:00:00+00:00,10348.857970422476
2023-06-16 17:00:00+00:00,10352.377779477529
2023-06-16 18:00:00+00:00,10352.377779477529
2023-06-16 19:00:00+00:00,10352.377779477529
2023-06-16 20:00:00+00:00,10352.377779477529
2023-06-16 21:00:00+00:00,10352.377779477529
2023-06-16 22:00:00+00:00,10352.377779477529
2023-06-16 23:00:00+00:00,10401.734132455276
2023-06-17 00:00:00+00:00,10401.734132455276
2023-06-19 02:00:00+00:00,10349.455730021828
2023-06-19 03:00:00+00:00,10349.455730021828
2023-06-19 04:00:00+00:00,10349.455730021828
2023-06-19 05:00:00+00:00,10349.455730021828
2023-06-19 06:00:00+00:00,10323.04246496894
2023-06-19 07:00:00+00:00,10323.04246496894
2023-06-19 08:00:00+00:00,10323.04246496894
2023-06-19 09:00:00+00:00,10323.04246496894
2023-06-19 10:00:00+00:00,10323.04246496894
2023-06-19 11:00:00+00:00,10323.04246496894
2023-06-19 12:00:00+00:00,10323.04246496894
2023-06-19 13:00:00+00:00,10323.04246496894
2023-06-19 14:00:00+00:00,10323.04246496894
2023-06-19 15:00:00+00:00,10371.476270897743
2023-06-19 16:00:00+00:00,10371.476270897743
2023-06-19 17:00:00+00:00,10371.476270897743
2023-06-19 18:00:00+00:00,10371.476270897743
2023-06-19 19:00:00+00:00,10371.476270897743
2023-06-19 20:00:00+00:00,10371.476270897743
2023-06-19 21:00:00+00:00,10384.310097876532
2023-06-19 22:00:00+00:00,10384.310097876532
2023-06-19 23:00:00+00:00,10384.310097876532
2023-06-20 00:00:00+00:00,10384.310097876532
2023-06-20 02:00:00+00:00,10384.310097876532
2023-06-20 03:00:00+00:00,10384.310097876532
2023-06-20 04:00:00+00:00,10331.911491852314
2023-06-20 05:00:00+00:00,10331.911491852314
2023-06-20 06:00:00+00:00,10331.911491852314
2023-06-20 07:00:00+00:00,10331.911491852314
2023-06-20 08:00:00+00:00,10331.911491852314
2023-06-20 09:00:00+00:00,10331.911491852314
2023-06-20 10:00:00+00:00,10331.911491852314
2023-06-20 11:00:00+00:00,10333.697155971198
2023-06-20 12:00:00+00:00,10333.697155971198
2023-06-20 13:00:00+00:00,10342.700617020919
2023-06-20 14:00:00+00:00,10342.700617020919
2023-06-20 15:00:00+00:00,10342.700617020919
2023-06-20 16:00:00+00:00,10342.700617020919
2023-06-20 17:00:00+00:00,10342.700617020919
2023-06-20 18:00:00+00:00,10342.700617020919
2023-06-20 19:00:00+00:00,10342.700617020919
2023-06-20 20:00:00+00:00,10342.700617020919
2023-06-20 21:00:00+00:00,10342.700617020919
2023-06-20 22:00:00+00:00,10342.700617020919
2023-06-20 23:00:00+00:00,10342.700617020919
2023-06-21 00:00:00+00:00,10342.700617020919
2023-06-21 02:00:00+00:00,10342.700617020919
2023-06-21 03:00:00+00:00,10342.700617020919
2023-06-21 04:00:00+00:00,10342.700617020919
2023-06-21 05:00:00+00:00,10342.700617020919
2023-06-21 06:00:00+00:00,10342.700617020919
2023-06-21 07:00:00+00:00,10315.553116814817
2023-06-21 08:00:00+00:00,10315.553116814817
2023-06-21 09:00:00+00:00,10315.553116814817
2023-06-21 10:00:00+00:00,10315.553116814817
2023-06-21 11:00:00+00:00,10312.033136284124
2023-06-21 12:00:00+00:00,10312.033136284124
2023-06-21 13:00:00+00:00,10302.967113596695
2023-06-21 14:00:00+00:00,10302.967113596695
2023-06-21 15:00:00+00:00,10302.967113596695
2023-06-21 16:00:00+00:00,10302.967113596695
2023-06-21 17:00:00+00:00,10302.967113596695
2023-06-21 18:00:00+00:00,10316.129718275619
2023-06-21 19:00:00+00:00,10316.129718275619
2023-06-21 20:00:00+00:00,10263.825761183532
2023-06-21 21:00:00+00:00,10263.825761183532
2023-06-21 22:00:00+00:00,10267.871685766037
2023-06-21 23:00:00+00:00,10267.871685766037
2023-06-22 00:00:00+00:00,10267.871685766037
2023-06-22 02:00:00+00:00,10267.871685766037
2023-06-22 03:00:00+00:00,10267.871685766037
2023-06-22 04:00:00+00:00,10267.871685766037
2023-06-22 05:00:00+00:00,10267.871685766037
2023-06-22 06:00:00+00:00,10267.871685766037
2023-06-22 07:00:00+00:00,10329.968687023873
2023-06-22 08:00:00+00:00,10329.968687023873
2023-06-22 09:00:00+00:00,10329.968687023873
2023-06-22 10:00:00+00:00,10329.968687023873
2023-06-22 11:00:00+00:00,10329.968687023873
2023-06-22 12:00:00+00:00,10342.992659908203
2023-06-22 13:00:00+00:00,10342.992659908203
2023-06-22 14:00:00+00:00,10342.992659908203
2023-06-22 15:00:00+00:00,10342.992659908203
2023-06-22 16:00:00+00:00,10342.992659908203
2023-06-22 17:00:00+00:00,10342.992659908203
2023-06-22 18:00:00+00:00,10290.7263537829
2023-06-22 19:00:00+00:00,10290.7263537829
2023-06-22 20:00:00+00:00,10290.7263537829
2023-06-22 21:00:00+00:00,10290.7263537829
2023-06-22 22:00:00+00:00,10290.7263537829
2023-06-22 23:00:00+00:00,10290.7263537829
2023-06-23 00:00:00+00:00,10290.7263537829
2023-06-23 02:00:00+00:00,10290.7263537829
2023-06-23 03:00:00+00:00,10319.505799116585
2023-06-23 04:00:00+00:00,10319.505799116585
2023-06-23 05:00:00+00:00,10267.544693224188
2023-06-23 06:00:00+00:00,10267.544693224188
2023-06-23 07:00:00+00:00,10269.720250548746
2023-06-23 08:00:00+00:00,10269.720250548746
2023-06-23 09:00:00+00:00,10269.720250548746
2023-06-23 10:00:00+00:00,10269.720250548746
2023-06-23 11:00:00+00:00,10269.720250548746
2023-06-23 12:00:00+00:00,10269.720250548746
2023-06-23 13:00:00+00:00,10306.652379221785
2023-06-23 14:00:00+00:00,10306.652379221785
2023-06-23 15:00:00+00:00,10299.814880800626
2023-06-23 16:00:00+00:00,10299.814880800626
2023-06-23 17:00:00+00:00,10299.814880800626
2023-06-23 18:00:00+00:00,10299.814880800626
2023-06-23 19:00:00+00:00,10299.814880800626
2023-06-23 20:00:00+00:00,10247.979794032173
2023-06-23 21:00:00+00:00,10196.292192650764
2023-06-23 22:00:00+00:00,10196.292192650764
2023-06-23 23:00:00+00:00,10196.292192650764
2023-06-24 00:00:00+00:00,10196.292192650764
2023-06-26 02:00:00+00:00,10196.292192650764
2023-06-26 03:00:00+00:00,10196.292192650764
2023-06-26 04:00:00+00:00,10196.292192650764
2023-06-26 05:00:00+00:00,10196.292192650764
2023-06-26 06:00:00+00:00,10196.292192650764
2023-06-26 07:00:00+00:00,10196.292192650764
2023-06-26 08:00:00+00:00,10199.914196213917
2023-06-26 09:00:00+00:00,10199.914196213917
2023-06-26 10:00:00+00:00,10127.603786795244
2023-06-26 11:00:00+00:00,10127.603786795244
2023-06-26 12:00:00+00:00,10127.603786795244
2023-06-26 13:00:00+00:00,10127.603786795244
2023-06-26 14:00:00+00:00,10127.603786795244
2023-06-26 15:00:00+00:00,10127.603786795244
2023-06-26 16:00:00+00:00,10127.603786795244
2023-06-26 17:00:00+00:00,10127.603786795244
2023-06-26 18:00:00+00:00,10127.603786795244
2023-06-26 19:00:00+00:00,10157.593561444903
2023-06-26 20:00:00+00:00,10157.593561444903
2023-06-26 21:00:00+00:00,10157.593561444903
2023-06-26 22:00:00+00:00,10157.593561444903
2023-06-26 23:00:00+00:00,10157.593561444903
2023-06-27 00:00:00+00:00,10157.593561444903
2023-06-27 02:00:00+00:00,10157.593561444903
2023-06-27 03:00:00+00:00,10157.593561444903
2023-06-27 04:00:00+00:00,10106.567440290286
2023-06-27 05:00:00+00:00,10106.567440290286
2023-06-27 06:00:00+00:00,10084.108086559085
2023-06-27 07:00:00+00:00,10084.108086559085
2023-06-27 08:00:00+00:00,10084.108086559085
2023-06-27 09:00:00+00:00,10084.108086559085
2023-06-27 10:00:00+00:00,10061.386737999565
2023-06-27 11:00:00+00:00,10061.386737999565
2023-06-27 12:00:00+00:00,10061.386737999565
2023-06-27 13:00:00+00:00,10041.285594708328
2023-06-27 14:00:00+00:00,10041.285594708328
2023-06-27 15:00:00+00:00,10041.285594708328
2023-06-27 16:00:00+00:00,10041.285594708328
2023-06-27 17:00:00+00:00,10041.285594708328
2023-06-27 18:00:00+00:00,10041.285594708328
2023-06-27 19:00:00+00:00,9990.807468209281
2023-06-27 20:00:00+00:00,9990.807468209281
2023-06-27 21:00:00+00:00,9975.098040878807
2023-06-27 22:00:00+00:00,9996.723428740357
2023-06-27 23:00:00+00:00,9996.723428740357
2023-06-28 00:00:00+00:00,9996.723428740357
2023-06-28 02:00:00+00:00,9996.723428740357
2023-06-28 03:00:00+00:00,9956.31751123941
2023-06-28 04:00:00+00:00,9956.31751123941
2023-06-28 05:00:00+00:00,9956.31751123941
2023-06-28 06:00:00+00:00,9956.31751123941
2023-06-28 07:00:00+00:00,9972.836370645895
2023-06-28 08:00:00+00:00,9972.836370645895
2023-06-28 09:00:00+00:00,9972.836370645895
2023-06-28 10:00:00+00:00,9972.836370645895
2023-06-28 11:00:00+00:00,9972.836370645895
2023-06-28 12:00:00+00:00,9972.836370645895
2023-06-28 13:00:00+00:00,9972.166580397854
2023-06-28 14:00:00+00:00,9972.166580397854
2023-06-28 15:00:00+00:00,9972.166580397854
2023-06-28 16:00:00+00:00,9972.166580397854
2023-06-28 17:00:00+00:00,9972.166580397854
2023-06-28 18:00:00+00:00,9972.166580397854
2023-06-28 19:00:00+00:00,9972.166580397854
2023-06-28 20:00:00+00:00,9983.55059566263
2023-06-28 21:00:00+00:00,9983.55059566263
2023-06-28 22:00:00+00:00,9983.55059566263
2023-06-28 23:00:00+00:00,9983.55059566263
2023-06-29 00:00:00+00:00,9983.55059566263
2023-06-29 02:00:00+00:00,9983.55059566263
2023-06-29 03:00:00+00:00,9983.55059566263
2023-06-29 04:00:00+00:00,9983.55059566263
2023-06-29 05:00:00+00:00,9983.55059566263
2023-06-29 06:00:00+00:00,9983.55059566263
2023-06-29 07:00:00+00:00,9999.884236611806
2023-06-29 08:00:00+00:00,9999.884236611806
2023-06-29 09:00:00+00:00,9964.846782735649
2023-06-29 10:00:00+00:00,10004.24890333655
2023-06-29 11:00:00+00:00,10004.24890333655
2023-06-29 12:00:00+00:00,10004.24890333655
2023-06-29 13:00:00+00:00,10004.24890333655
2023-06-29 14:00:00+00:00,10004.24890333655
2023-06-29 15:00:00+00:00,10004.24890333655
2023-06-29 16:00:00+00:00,10004.24890333655
2023-06-29 17:00:00+00:00,10004.24890333655
2023-06-29 18:00:00+00:00,10004.24890333655
2023-06-29 19:00:00+00:00,10004.24890333655
2023-06-29 20:00:00+00:00,10004.24890333655
2023-06-29 21:00:00+00:00,10004.24890333655
2023-06-29 22:00:00+00:00,10004.24890333655
2023-06-29 23:00:00+00:00,10004.24890333655
2023-06-30 00:00:00+00:00,10004.24890333655
2023-06-30 02:00:00+00:00,10004.24890333655
2023-06-30 03:00:00+00:00,10004.24890333655
2023-06-30 04:00:00+00:00,10004.24890333655
2023-06-30 05:00:00+00:00,10004.24890333655
2023-06-30 06:00:00+00:00,10004.24890333655
2023-06-30 07:00:00+00:00,10009.638791670895
2023-06-30 08:00:00+00:00,10009.638791670895
2023-06-30 09:00:00+00:00,10009.638791670895
2023-06-30 10:00:00+00:00,9996.747515805606
2023-06-30 11:00:00+00:00,9996.747515805606
2023-06-30 12:00:00+00:00,9996.747515805606
2023-06-30 13:00:00+00:00,9996.747515805606
2023-06-30 14:00:00+00:00,9996.747515805606
2023-06-30 15:00:00+00:00,9996.747515805606
2023-06-30 16:00:00+00:00,9996.747515805606
2023-06-30 17:00:00+00:00,9996.747515805606
2023-06-30 18:00:00+00:00,10033.838676519583
2023-06-30 19:00:00+00:00,10033.838676519583
2023-06-30 20:00:00+00:00,10033.838676519583
2023-06-30 21:00:00+00:00,10033.838676519583
2023-06-30 22:00:00+00:00,9983.431192808257
2023-06-30 23:00:00+00:00,9983.431192808257
2023-07-01 00:00:00+00:00,9983.431192808257
2023-07-03 02:00:00+00:00,9983.431192808257
2023-07-03 03:00:00+00:00,9983.431192808257
2023-07-03 04:00:00+00:00,9983.431192808257
2023-07-03 05:00:00+00:00,9983.431192808257
2023-07-03 06:00:00+00:00,9983.431192808257
2023-07-03 07:00:00+00:00,9983.431192808257
2023-07-03 08:00:00+00:00,9993.54497575405
2023-07-03 09:00:00+00:00,9993.54497575405
2023-07-03 10:00:00+00:00,9998.927545237482
2023-07-03 11:00:00+00:00,9998.927545237482
2023-07-03 12:00:00+00:00,9998.927545237482
2023-07-03 13:00:00+00:00,10000.931009719181
2023-07-03 14:00:00+00:00,10000.931009719181
2023-07-03 15:00:00+00:00,10000.931009719181
2023-07-03 16:00:00+00:00,10000.931009719181
2023-07-03 17:00:00+00:00,10000.931009719181
2023-07-03 18:00:00+00:00,10000.931009719181
2023-07-03 19:00:00+00:00,10013.38462024927
2023-07-03 20:00:00+00:00,10013.38462024927
2023-07-03 21:00:00+00:00,10004.415554827374
2023-07-03 22:00:00+00:00,10004.415554827374
2023-07-03 23:00:00+00:00,10004.415554827374
2023-07-04 00:00:00+00:00,10004.415554827374
2023-07-04 02:00:00+00:00,10004.415554827374
2023-07-04 03:00:00+00:00,10004.415554827374
2023-07-04 04:00:00+00:00,10047.908955611347
2023-07-04 05:00:00+00:00,10047.908955611347
2023-07-04 06:00:00+00:00,10047.908955611347
2023-07-04 07:00:00+00:00,10058.148930500245
2023-07-04 08:00:00+00:00,10058.148930500245
2023-07-04 09:00:00+00:00,10058.148930500245
2023-07-04 10:00:00+00:00,10058.148930500245
2023-07-04 11:00:00+00:00,10034.467676869814
2023-07-04 12:00:00+00:00,10034.467676869814
2023-07-04 13:00:00+00:00,10034.467676869814
2023-07-04 14:00:00+00:00,10034.467676869814
2023-07-04 15:00:00+00:00,10034.467676869814
2023-07-04 16:00:00+00:00,10034.467676869814
2023-07-04 17:00:00+00:00,10034.467676869814
2023-07-04 18:00:00+00:00,10034.467676869814
2023-07-04 19:00:00+00:00,10041.678001204702
2023-07-04 20:00:00+00:00,10041.678001204702
2023-07-04 21:00:00+00:00,10022.56050592872
2023-07-04 22:00:00+00:00,10022.56050592872
2023-07-04 23:00:00+00:00,10022.56050592872
2023-07-05 00:00:00+00:00,10022.56050592872
2023-07-05 02:00:00+00:00,10022.56050592872
2023-07-05 03:00:00+00:00,10022.56050592872
2023-07-05 04:00:00+00:00,10022.56050592872
2023-07-05 05:00:00+00:00,10022.56050592872
2023-07-05 06:00:00+00:00,10022.56050592872
2023-07-05 07:00:00+00:00,10022.56050592872
2023-07-05 08:00:00+00:00,10063.354346994487
2023-07-05 09:00:00+00:00,10063.354346994487
2023-07-05 10:00:00+00:00,10063.354346994487
2023-07-05 11:00:00+00:00,10063.354346994487
2023-07-05 12:00:00+00:00,10063.354346994487
2023-07-05 13:00:00+00:00,10080.067343315737
2023-07-05 14:00:00+00:00,10080.067343315737
2023-07-05 15:00:00+00:00,10080.067343315737
2023-07-05 16:00:00+00:00,10093.770574982678
2023-07-05 17:00:00+00:00,10093.770574982678
2023-07-05 18:00:00+00:00,10093.770574982678
2023-07-05 19:00:00+00:00,10093.770574982678
2023-07-05 20:00:00+00:00,10093.770574982678
2023-07-05 21:00:00+00:00,10093.770574982678
2023-07-05 22:00:00+00:00,10194.370762958606
2023-07-05 23:00:00+00:00,10194.370762958606
2023-07-06 00:00:00+00:00,10194.370762958606
2023-07-06 02:00:00+00:00,10194.370762958606
2023-07-06 03:00:00+00:00,10194.370762958606
2023-07-06 04:00:00+00:00,10194.370762958606
2023-07-06 05:00:00+00:00,10194.370762958606
2023-07-06 06:00:00+00:00,10176.842541188986
2023-07-06 07:00:00+00:00,10176.842541188986
2023-07-06 08:00:00+00:00,10176.842541188986
2023-07-06 09:00:00+00:00,10176.842541188986
2023-07-06 10:00:00+00:00,10176.842541188986
2023-07-06 11:00:00+00:00,10157.321355969978
2023-07-06 12:00:00+00:00,10157.321355969978
2023-07-06 13:00:00+00:00,10157.321355969978
2023-07-06 14:00:00+00:00,10157.321355969978
2023-07-06 15:00:00+00:00,10133.44312480687
2023-07-06 16:00:00+00:00,10133.44312480687
2023-07-06 17:00:00+00:00,10133.44312480687
2023-07-06 18:00:00+00:00,10133.44312480687
2023-07-06 19:00:00+00:00,10133.44312480687
2023-07-06 20:00:00+00:00,10176.456166003774
2023-07-06 21:00:00+00:00,10176.456166003774
2023-07-06 22:00:00+00:00,10176.456166003774
2023-07-06 23:00:00+00:00,10176.456166003774
2023-07-07 00:00:00+00:00,10176.456166003774
2023-07-07 02:00:00+00:00,10176.456166003774
2023-07-07 03:00:00+00:00,10176.456166003774
2023-07-07 04:00:00+00:00,10176.456166003774
2023-07-07 05:00:00+00:00,10176.456166003774
2023-07-07 06:00:00+00:00,10176.456166003774
2023-07-07 07:00:00+00:00,10182.687362710089
2023-07-07 08:00:00+00:00,10182.687362710089
2023-07-07 09:00:00+00:00,10189.782999088751
2023-07-07 10:00:00+00:00,10189.782999088751
2023-07-07 11:00:00+00:00,10189.782999088751
2023-07-07 12:00:00+00:00,10166.51993700084
2023-07-07 13:00:00+00:00,10166.51993700084
2023-07-07 14:00:00+00:00,10166.51993700084
2023-07-07 15:00:00+00:00,10166.51993700084
2023-07-07 16:00:00+00:00,10166.51993700084
2023-07-07 17:00:00+00:00,10210.736731425977
2023-07-07 18:00:00+00:00,10210.736731425977
2023-07-07 19:00:00+00:00,10210.736731425977
2023-07-07 20:00:00+00:00,10215.590740011423
2023-07-07 21:00:00+00:00,10215.590740011423
2023-07-07 22:00:00+00:00,10215.590740011423
2023-07-07 23:00:00+00:00,10215.590740011423
2023-07-08 00:00:00+00:00,10215.590740011423
2023-07-10 02:00:00+00:00,10215.590740011423
2023-07-10 03:00:00+00:00,10215.590740011423
2023-07-10 04:00:00+00:00,10215.590740011423
2023-07-10 05:00:00+00:00,10215.590740011423
2023-07-10 06:00:00+00:00,10215.590740011423
2023-07-10 07:00:00+00:00,10241.1546614166
2023-07-10 08:00:00+00:00,10241.1546614166
2023-07-10 09:00:00+00:00,10241.1546614166
2023-07-10 10:00:00+00:00,10241.1546614166
2023-07-10 11:00:00+00:00,10238.231279164278
2023-07-10 12:00:00+00:00,10238.231279164278
2023-07-10 13:00:00+00:00,10186.724418771877
2023-07-10 14:00:00+00:00,10186.724418771877
2023-07-10 15:00:00+00:00,10186.839406587578
2023-07-10 16:00:00+00:00,10186.839406587578
2023-07-10 17:00:00+00:00,10186.839406587578
2023-07-10 18:00:00+00:00,10186.839406587578
2023-07-10 19:00:00+00:00,10177.946734185804
2023-07-10 20:00:00+00:00,10177.946734185804
2023-07-10 21:00:00+00:00,10126.6508236406
2023-07-10 22:00:00+00:00,10126.6508236406
2023-07-10 23:00:00+00:00,10176.872154530456
2023-07-11 00:00:00+00:00,10176.872154530456
2023-07-11 02:00:00+00:00,10176.872154530456
2023-07-11 03:00:00+00:00,10176.872154530456
2023-07-11 04:00:00+00:00,10176.872154530456
2023-07-11 05:00:00+00:00,10176.872154530456
2023-07-11 06:00:00+00:00,10176.872154530456
2023-07-11 07:00:00+00:00,10189.249241566502
2023-07-11 08:00:00+00:00,10189.249241566502
2023-07-11 09:00:00+00:00,10189.249241566502
2023-07-11 10:00:00+00:00,10189.249241566502
2023-07-11 11:00:00+00:00,10189.249241566502
2023-07-11 12:00:00+00:00,10196.845316132167
2023-07-11 13:00:00+00:00,10196.845316132167
2023-07-11 14:00:00+00:00,10196.845316132167
2023-07-11 15:00:00+00:00,10196.845316132167
2023-07-11 16:00:00+00:00,10196.845316132167
2023-07-11 17:00:00+00:00,10196.845316132167
2023-07-11 18:00:00+00:00,10196.845316132167
2023-07-11 19:00:00+00:00,10202.270531756993
2023-07-11 20:00:00+00:00,10202.270531756993
2023-07-11 21:00:00+00:00,10202.270531756993
2023-07-11 22:00:00+00:00,10202.270531756993
2023-07-11 23:00:00+00:00,10202.270531756993
2023-07-12 00:00:00+00:00,10202.270531756993
2023-07-12 02:00:00+00:00,10202.270531756993
2023-07-12 03:00:00+00:00,10202.270531756993
2023-07-12 04:00:00+00:00,10150.975041794973
2023-07-12 05:00:00+00:00,10150.975041794973
2023-07-12 06:00:00+00:00,10150.975041794973
2023-07-12 07:00:00+00:00,10150.975041794973
2023-07-12 08:00:00+00:00,10252.206465793302
2023-07-12 09:00:00+00:00,10252.206465793302
2023-07-12 10:00:00+00:00,10252.206465793302
2023-07-12 11:00:00+00:00,10303.258690911476
2023-07-12 12:00:00+00:00,10303.258690911476
2023-07-12 13:00:00+00:00,10303.258690911476
2023-07-12 14:00:00+00:00,10303.258690911476
2023-07-12 15:00:00+00:00,10303.258690911476
2023-07-12 16:00:00+00:00,10303.258690911476
2023-07-12 17:00:00+00:00,10303.258690911476
2023-07-12 18:00:00+00:00,10303.258690911476
2023-07-12 19:00:00+00:00,10303.258690911476
2023-07-12 20:00:00+00:00,10303.258690911476
2023-07-12 21:00:00+00:00,10303.258690911476
2023-07-12 22:00:00+00:00,10303.258690911476
2023-07-12 23:00:00+00:00,10296.624341771152
2023-07-13 00:00:00+00:00,10296.624341771152
2023-07-13 02:00:00+00:00,10296.624341771152
2023-07-13 03:00:00+00:00,10296.624341771152
2023-07-13 04:00:00+00:00,10296.624341771152
2023-07-13 05:00:00+00:00,10296.624341771152
2023-07-13 06:00:00+00:00,10296.624341771152
2023-07-13 07:00:00+00:00,10296.624341771152
2023-07-13 08:00:00+00:00,10296.624341771152
2023-07-13 09:00:00+00:00,10294.36556535733
2023-07-13 10:00:00+00:00,10294.36556535733
2023-07-13 11:00:00+00:00,10294.36556535733
2023-07-13 12:00:00+00:00,10294.36556535733
2023-07-13 13:00:00+00:00,10307.426138143988
2023-07-13 14:00:00+00:00,10307.426138143988
2023-07-13 15:00:00+00:00,10307.426138143988
2023-07-13 16:00:00+00:00,10307.426138143988
2023-07-13 17:00:00+00:00,10345.971347799066
2023-07-13 18:00:00+00:00,10345.971347799066
2023-07-13 19:00:00+00:00,10345.971347799066
2023-07-13 20:00:00+00:00,10345.971347799066
2023-07-13 21:00:00+00:00,10345.971347799066
2023-07-13 22:00:00+00:00,10345.971347799066
2023-07-13 23:00:00+00:00,10345.971347799066
2023-07-14 00:00:00+00:00,10391.441031225038
2023-07-14 02:00:00+00:00,10391.441031225038
2023-07-14 03:00:00+00:00,10391.441031225038
2023-07-14 04:00:00+00:00,10391.441031225038
2023-07-14 05:00:00+00:00,10391.441031225038
2023-07-14 06:00:00+00:00,10399.195414278198
2023-07-14 07:00:00+00:00,10399.195414278198
2023-07-14 08:00:00+00:00,10399.195414278198
2023-07-14 09:00:00+00:00,10384.819405310649
2023-07-14 10:00:00+00:00,10384.819405310649
2023-07-14 11:00:00+00:00,10385.474898295739
2023-07-14 12:00:00+00:00,10385.474898295739
2023-07-14 13:00:00+00:00,10385.474898295739
2023-07-14 14:00:00+00:00,10385.474898295739
2023-07-14 15:00:00+00:00,10385.474898295739
2023-07-14 16:00:00+00:00,10385.474898295739
2023-07-14 17:00:00+00:00,10385.474898295739
2023-07-14 18:00:00+00:00,10385.474898295739
2023-07-14 19:00:00+00:00,10333.165900478694
2023-07-14 20:00:00+00:00,10333.165900478694
2023-07-14 21:00:00+00:00,10333.165900478694
2023-07-14 22:00:00+00:00,10333.165900478694
2023-07-14 23:00:00+00:00,10370.847653699484
2023-07-15 00:00:00+00:00,10370.847653699484
2023-07-17 02:00:00+00:00,10370.847653699484
2023-07-17 03:00:00+00:00,10370.847653699484
2023-07-17 04:00:00+00:00,10370.847653699484
2023-07-17 05:00:00+00:00,10370.847653699484
2023-07-17 06:00:00+00:00,10370.847653699484
2023-07-17 07:00:00+00:00,10387.98757255279
2023-07-17 08:00:00+00:00,10335.680640291566
2023-07-17 09:00:00+00:00,10335.680640291566
2023-07-17 10:00:00+00:00,10335.680640291566
2023-07-17 11:00:00+00:00,10335.680640291566
2023-07-17 12:00:00+00:00,10335.680640291566
2023-07-17 13:00:00+00:00,10335.680640291566
2023-07-17 14:00:00+00:00,10335.680640291566
2023-07-17 15:00:00+00:00,10335.680640291566
2023-07-17 16:00:00+00:00,10335.680640291566
2023-07-17 17:00:00+00:00,10335.680640291566
2023-07-17 18:00:00+00:00,10355.264291476708
2023-07-17 19:00:00+00:00,10355.264291476708
2023-07-17 20:00:00+00:00,10355.264291476708
2023-07-17 21:00:00+00:00,10355.264291476708
2023-07-17 22:00:00+00:00,10355.264291476708
2023-07-17 23:00:00+00:00,10303.222886734642
2023-07-18 00:00:00+00:00,10303.222886734642
2023-07-18 02:00:00+00:00,10303.222886734642
2023-07-18 03:00:00+00:00,10303.222886734642
2023-07-18 04:00:00+00:00,10251.435183902722
2023-07-18 05:00:00+00:00,10251.435183902722
2023-07-18 06:00:00+00:00,10251.435183902722
2023-07-18 07:00:00+00:00,10251.435183902722
2023-07-18 08:00:00+00:00,10251.435183902722
2023-07-18 09:00:00+00:00,10215.385327085465
2023-07-18 10:00:00+00:00,10164.060212572438
2023-07-18 11:00:00+00:00,10164.060212572438
2023-07-18 12:00:00+00:00,10164.060212572438
2023-07-18 13:00:00+00:00,10164.060212572438
2023-07-18 14:00:00+00:00,10164.060212572438
2023-07-18 15:00:00+00:00,10164.060212572438
2023-07-18 16:00:00+00:00,10170.479695796712
2023-07-18 17:00:00+00:00,10170.479695796712
2023-07-18 18:00:00+00:00,10187.035431825432
2023-07-18 19:00:00+00:00,10187.035431825432
2023-07-25 07:00:00+00:00,10187.035431825432
2023-07-25 08:00:00+00:00,10187.035431825432
2023-07-25 09:00:00+00:00,10187.035431825432
2023-07-25 10:00:00+00:00,10187.035431825432
2023-07-25 11:00:00+00:00,10187.035431825432
2023-07-25 12:00:00+00:00,10187.035431825432
2023-07-25 13:00:00+00:00,10187.035431825432
2023-07-25 14:00:00+00:00,10187.035431825432
2023-07-25 15:00:00+00:00,10187.035431825432
2023-07-25 16:00:00+00:00,10187.035431825432
2023-07-25 17:00:00+00:00,10187.035431825432
2023-07-25 18:00:00+00:00,10187.035431825432
2023-07-25 19:00:00+00:00,10187.035431825432
2023-07-25 20:00:00+00:00,10187.035431825432
2023-07-25 21:00:00+00:00,10187.035431825432
2023-07-25 22:00:00+00:00,10187.035431825432
2023-07-25 23:00:00+00:00,10187.035431825432
2023-07-26 00:00:00+00:00,10254.157112414805
2023-07-26 02:00:00+00:00,10237.964086561526
2023-07-26 03:00:00+00:00,10246.628111385273
2023-07-26 04:00:00+00:00,10246.628111385273
2023-07-26 05:00:00+00:00,10246.628111385273
2023-07-26 06:00:00+00:00,10246.628111385273
2023-07-26 07:00:00+00:00,10259.903889836405
2023-07-26 08:00:00+00:00,10259.903889836405
2023-07-26 09:00:00+00:00,10336.515256918012
2023-07-26 10:00:00+00:00,10387.767245831465
2023-07-26 11:00:00+00:00,10387.767245831465
2023-07-26 12:00:00+00:00,10387.767245831465
2023-07-26 13:00:00+00:00,10387.767245831465
2023-07-26 14:00:00+00:00,10387.767245831465
2023-07-26 15:00:00+00:00,10387.767245831465
2023-07-26 16:00:00+00:00,10387.767245831465
2023-07-26 17:00:00+00:00,10387.767245831465
2023-07-26 18:00:00+00:00,10387.767245831465
2023-07-26 19:00:00+00:00,10401.484423244527
2023-07-26 20:00:00+00:00,10390.609805450933
2023-07-26 21:00:00+00:00,10390.609805450933
2023-07-26 22:00:00+00:00,10390.609805450933
2023-07-26 23:00:00+00:00,10390.609805450933
2023-07-27 00:00:00+00:00,10383.372627163028
2023-07-27 02:00:00+00:00,10383.372627163028
2023-07-27 03:00:00+00:00,10383.372627163028
2023-07-27 04:00:00+00:00,10383.372627163028
2023-07-27 05:00:00+00:00,10383.372627163028
2023-07-27 06:00:00+00:00,10383.372627163028
2023-07-27 07:00:00+00:00,10383.372627163028
2023-07-27 08:00:00+00:00,10383.372627163028
2023-07-27 09:00:00+00:00,10383.372627163028
2023-07-27 10:00:00+00:00,10383.372627163028
2023-07-27 11:00:00+00:00,10383.372627163028
2023-07-27 12:00:00+00:00,10383.372627163028
2023-07-27 13:00:00+00:00,10383.372627163028
2023-07-27 14:00:00+00:00,10383.372627163028
2023-07-27 15:00:00+00:00,10383.372627163028
2023-07-27 16:00:00+00:00,10538.796410453524
2023-07-27 17:00:00+00:00,10538.796410453524
2023-07-27 18:00:00+00:00,10538.796410453524
2023-07-27 19:00:00+00:00,10538.796410453524
2023-07-27 20:00:00+00:00,10538.796410453524
2023-07-27 21:00:00+00:00,10538.796410453524
2023-07-27 22:00:00+00:00,10538.796410453524
2023-07-27 23:00:00+00:00,10538.796410453524
2023-07-28 00:00:00+00:00,10538.796410453524
2023-07-28 02:00:00+00:00,10485.840194498462
2023-07-28 03:00:00+00:00,10485.840194498462
2023-07-28 04:00:00+00:00,10485.840194498462
2023-07-28 05:00:00+00:00,10485.840194498462
2023-07-28 06:00:00+00:00,10485.840194498462
2023-07-28 07:00:00+00:00,10482.466908841621
2023-07-28 08:00:00+00:00,10465.274089127868
2023-07-28 09:00:00+00:00,10465.274089127868
2023-07-28 10:00:00+00:00,10465.274089127868
2023-07-28 11:00:00+00:00,10411.169177735588
2023-07-28 12:00:00+00:00,10411.169177735588
2023-07-28 13:00:00+00:00,10411.169177735588
2023-07-28 14:00:00+00:00,10411.169177735588
2023-07-28 15:00:00+00:00,10411.169177735588
2023-07-28 16:00:00+00:00,10411.169177735588
2023-07-28 17:00:00+00:00,10411.169177735588
2023-07-28 18:00:00+00:00,10411.169177735588
2023-07-28 19:00:00+00:00,10411.169177735588
2023-07-28 20:00:00+00:00,10411.169177735588
2023-07-28 21:00:00+00:00,10411.169177735588
2023-07-28 22:00:00+00:00,10411.169177735588
2023-07-28 23:00:00+00:00,10411.169177735588
2023-07-29 00:00:00+00:00,10411.169177735588
2023-07-31 02:00:00+00:00,10411.169177735588
2023-07-31 03:00:00+00:00,10411.169177735588
2023-07-31 04:00:00+00:00,10411.169177735588
2023-07-31 05:00:00+00:00,10411.169177735588
2023-07-31 06:00:00+00:00,10401.809645299947
2023-07-31 07:00:00+00:00,10401.809645299947
2023-07-31 08:00:00+00:00,10401.809645299947
2023-07-31 09:00:00+00:00,10401.809645299947
2023-07-31 10:00:00+00:00,10349.528420034429
2023-07-31 11:00:00+00:00,10349.528420034429
2023-07-31 12:00:00+00:00,10349.528420034429
2023-07-31 13:00:00+00:00,10333.246761079201
2023-07-31 14:00:00+00:00,10333.246761079201
2023-07-31 15:00:00+00:00,10333.246761079201
2023-07-31 16:00:00+00:00,10436.109688057259
2023-07-31 17:00:00+00:00,10436.109688057259
2023-07-31 18:00:00+00:00,10436.109688057259
2023-07-31 19:00:00+00:00,10436.109688057259
2023-07-31 20:00:00+00:00,10436.109688057259
2023-07-31 21:00:00+00:00,10436.109688057259
2023-07-31 22:00:00+00:00,10436.109688057259
2023-07-31 23:00:00+00:00,10436.109688057259
2023-08-01 00:00:00+00:00,10455.463047822146
2023-08-01 02:00:00+00:00,10455.463047822146
2023-08-01 03:00:00+00:00,10455.463047822146
2023-08-01 04:00:00+00:00,10455.463047822146
2023-08-01 05:00:00+00:00,10455.463047822146
2023-08-01 06:00:00+00:00,10428.691902221486
2023-08-01 07:00:00+00:00,10428.691902221486
2023-08-01 08:00:00+00:00,10428.691902221486
2023-08-01 09:00:00+00:00,10428.691902221486
2023-08-01 10:00:00+00:00,10428.691902221486
2023-08-01 11:00:00+00:00,10428.691902221486
2023-08-01 12:00:00+00:00,10428.691902221486
2023-08-01 13:00:00+00:00,10428.691902221486
2023-08-01 14:00:00+00:00,10428.691902221486
2023-08-01 15:00:00+00:00,10376.301171424002
2023-08-01 16:00:00+00:00,10376.301171424002
2023-08-01 17:00:00+00:00,10376.301171424002
2023-08-01 18:00:00+00:00,10376.301171424002
2023-08-01 19:00:00+00:00,10376.301171424002
2023-08-01 20:00:00+00:00,10376.301171424002
2023-08-01 21:00:00+00:00,10376.301171424002
2023-08-01 22:00:00+00:00,10376.301171424002
2023-08-01 23:00:00+00:00,10376.301171424002
2023-08-02 00:00:00+00:00,10376.301171424002
2023-08-02 02:00:00+00:00,10376.301171424002
2023-08-02 03:00:00+00:00,10376.301171424002
2023-08-02 04:00:00+00:00,10376.301171424002
2023-08-02 05:00:00+00:00,10376.301171424002
2023-08-02 06:00:00+00:00,10376.301171424002
2023-08-02 07:00:00+00:00,10376.301171424002
2023-08-02 08:00:00+00:00,10376.301171424002
2023-08-02 09:00:00+00:00,10385.761009819853
2023-08-02 10:00:00+00:00,10463.005868949553
2023-08-02 11:00:00+00:00,10463.005868949553
2023-08-02 12:00:00+00:00,10541.07853274917
2023-08-02 13:00:00+00:00,10541.07853274917
2023-08-02 14:00:00+00:00,10541.07853274917
2023-08-02 15:00:00+00:00,10541.07853274917
2023-08-02 16:00:00+00:00,10488.041952736154
2023-08-02 17:00:00+00:00,10488.041952736154
2023-08-02 18:00:00+00:00,10488.041952736154
2023-08-02 19:00:00+00:00,10488.041952736154
2023-08-02 20:00:00+00:00,10488.041952736154
2023-08-02 21:00:00+00:00,10488.041952736154
2023-08-02 22:00:00+00:00,10488.041952736154
2023-08-02 23:00:00+00:00,10488.041952736154
2023-08-03 00:00:00+00:00,10540.288874651496
2023-08-03 02:00:00+00:00,10540.288874651496
2023-08-03 03:00:00+00:00,10540.288874651496
2023-08-03 04:00:00+00:00,10540.288874651496
2023-08-03 05:00:00+00:00,10487.385969021805
2023-08-03 06:00:00+00:00,10487.385969021805
2023-08-03 07:00:00+00:00,10487.385969021805
2023-08-03 08:00:00+00:00,10487.385969021805
2023-08-03 09:00:00+00:00,10484.685710632437
2023-08-03 10:00:00+00:00,10484.685710632437
2023-08-03 11:00:00+00:00,10562.8515133591
2023-08-03 12:00:00+00:00,10562.8515133591
2023-08-03 13:00:00+00:00,10509.707328334605
2023-08-03 14:00:00+00:00,10509.707328334605
2023-08-03 15:00:00+00:00,10509.707328334605
2023-08-03 16:00:00+00:00,10509.707328334605
2023-08-03 17:00:00+00:00,10509.707328334605
2023-08-03 18:00:00+00:00,10509.707328334605
2023-08-03 19:00:00+00:00,10509.707328334605
2023-08-03 20:00:00+00:00,10509.707328334605
2023-08-03 21:00:00+00:00,10497.269458263141
2023-08-03 22:00:00+00:00,10497.269458263141
2023-08-03 23:00:00+00:00,10497.269458263141
2023-08-04 00:00:00+00:00,10497.269458263141
2023-08-04 02:00:00+00:00,10497.269458263141
2023-08-04 03:00:00+00:00,10497.269458263141
2023-08-04 04:00:00+00:00,10497.269458263141
2023-08-04 05:00:00+00:00,10497.269458263141
2023-08-04 06:00:00+00:00,10497.269458263141
2023-08-04 07:00:00+00:00,10498.165133046014
2023-08-04 08:00:00+00:00,10576.121989831643
2023-08-04 09:00:00+00:00,10576.121989831643
2023-08-04 10:00:00+00:00,10576.121989831643
2023-08-04 11:00:00+00:00,10522.737063287504
2023-08-04 12:00:00+00:00,10522.737063287504
2023-08-04 13:00:00+00:00,10469.69196697708
2023-08-04 14:00:00+00:00,10573.808316478844
2023-08-04 15:00:00+00:00,10573.808316478844
2023-08-04 16:00:00+00:00,10573.808316478844
2023-08-04 17:00:00+00:00,10557.4429297401
2023-08-04 18:00:00+00:00,10557.4429297401
2023-08-04 19:00:00+00:00,10515.857301491924
2023-08-04 20:00:00+00:00,10462.985822408422
2023-08-04 21:00:00+00:00,10462.985822408422
2023-08-04 22:00:00+00:00,10462.985822408422
2023-08-04 23:00:00+00:00,10462.985822408422
2023-08-05 00:00:00+00:00,10462.985822408422
2023-08-07 02:00:00+00:00,10462.985822408422
2023-08-07 03:00:00+00:00,10462.985822408422
2023-08-07 04:00:00+00:00,10462.985822408422
2023-08-07 05:00:00+00:00,10462.985822408422
2023-08-07 06:00:00+00:00,10462.985822408422
2023-08-07 07:00:00+00:00,10462.985822408422
2023-08-07 08:00:00+00:00,10506.625496570263
2023-08-07 09:00:00+00:00,10506.625496570263
2023-08-07 10:00:00+00:00,10453.655051378097
2023-08-07 11:00:00+00:00,10453.655051378097
2023-08-07 12:00:00+00:00,10453.655051378097
2023-08-07 13:00:00+00:00,10453.655051378097
2023-08-07 14:00:00+00:00,10453.655051378097
2023-08-07 15:00:00+00:00,10453.655051378097
2023-08-07 16:00:00+00:00,10453.655051378097
2023-08-07 17:00:00+00:00,10453.655051378097
2023-08-07 18:00:00+00:00,10453.655051378097
2023-08-07 19:00:00+00:00,10453.655051378097
2023-08-07 20:00:00+00:00,10424.656693853372
2023-08-07 21:00:00+00:00,10424.656693853372
2023-08-07 22:00:00+00:00,10424.656693853372
2023-08-07 23:00:00+00:00,10424.656693853372
2023-08-08 00:00:00+00:00,10424.656693853372
2023-08-08 02:00:00+00:00,10424.656693853372
2023-08-08 03:00:00+00:00,10394.189877656394
2023-08-08 04:00:00+00:00,10394.189877656394
2023-08-08 05:00:00+00:00,10388.467600234386
2023-08-08 06:00:00+00:00,10388.467600234386
2023-08-08 07:00:00+00:00,10388.467600234386
2023-08-08 08:00:00+00:00,10388.467600234386
2023-08-08 09:00:00+00:00,10388.728446273471
2023-08-08 10:00:00+00:00,10336.556728736856
2023-08-08 11:00:00+00:00,10336.556728736856
2023-08-08 12:00:00+00:00,10336.556728736856
2023-08-08 13:00:00+00:00,10284.618371201874
2023-08-08 14:00:00+00:00,10284.618371201874
2023-08-08 15:00:00+00:00,10335.83290029443
2023-08-08 16:00:00+00:00,10335.83290029443
2023-08-08 17:00:00+00:00,10335.83290029443
2023-08-08 18:00:00+00:00,10387.321091490501
2023-08-08 19:00:00+00:00,10387.321091490501
2023-08-08 20:00:00+00:00,10387.321091490501
2023-08-08 21:00:00+00:00,10387.321091490501
2023-08-08 22:00:00+00:00,10355.173254503241
2023-08-08 23:00:00+00:00,10355.173254503241
2023-08-09 00:00:00+00:00,10355.173254503241
2023-08-09 02:00:00+00:00,10355.173254503241
2023-08-09 03:00:00+00:00,10355.173254503241
2023-08-09 04:00:00+00:00,10355.173254503241
2023-08-09 05:00:00+00:00,10355.173254503241
2023-08-09 06:00:00+00:00,10355.173254503241
2023-08-09 07:00:00+00:00,10349.626750108475
2023-08-09 08:00:00+00:00,10349.626750108475
2023-08-09 09:00:00+00:00,10349.626750108475
2023-08-09 10:00:00+00:00,10349.626750108475
2023-08-09 11:00:00+00:00,10349.626750108475
2023-08-09 12:00:00+00:00,10349.626750108475
2023-08-09 13:00:00+00:00,10349.626750108475
2023-08-09 14:00:00+00:00,10349.626750108475
2023-08-09 15:00:00+00:00,10349.626750108475
2023-08-09 16:00:00+00:00,10349.626750108475
2023-08-09 17:00:00+00:00,10349.626750108475
2023-08-09 18:00:00+00:00,10373.089245528712
2023-08-09 19:00:00+00:00,10361.96769340402
2023-08-09 20:00:00+00:00,10361.96769340402
2023-08-09 21:00:00+00:00,10361.96769340402
2023-08-09 22:00:00+00:00,10361.96769340402
2023-08-09 23:00:00+00:00,10359.448004907079
2023-08-10 00:00:00+00:00,10359.448004907079
2023-08-10 02:00:00+00:00,10359.448004907079
2023-08-10 03:00:00+00:00,10359.448004907079
2023-08-10 04:00:00+00:00,10359.448004907079
2023-08-10 05:00:00+00:00,10359.448004907079
2023-08-10 06:00:00+00:00,10359.448004907079
2023-08-10 07:00:00+00:00,10434.19732649719
2023-08-10 08:00:00+00:00,10381.809069589146
2023-08-10 09:00:00+00:00,10381.809069589146
2023-08-10 10:00:00+00:00,10381.809069589146
2023-08-10 11:00:00+00:00,10365.27061530291
2023-08-10 12:00:00+00:00,10313.149874151028
2023-08-10 13:00:00+00:00,10313.149874151028
2023-08-10 14:00:00+00:00,10313.149874151028
2023-08-10 15:00:00+00:00,10313.149874151028
2023-08-10 16:00:00+00:00,10313.149874151028
2023-08-10 17:00:00+00:00,10313.149874151028
2023-08-10 18:00:00+00:00,10313.149874151028
2023-08-10 19:00:00+00:00,10313.149874151028
2023-08-10 20:00:00+00:00,10313.149874151028
2023-08-10 21:00:00+00:00,10313.149874151028
2023-08-10 22:00:00+00:00,10378.32255910647
2023-08-10 23:00:00+00:00,10378.32255910647
2023-08-11 00:00:00+00:00,10378.32255910647
2023-08-11 02:00:00+00:00,10378.32255910647
2023-08-11 03:00:00+00:00,10378.32255910647
2023-08-11 04:00:00+00:00,10378.32255910647
2023-08-11 05:00:00+00:00,10378.32255910647
2023-08-11 06:00:00+00:00,10378.32255910647
2023-08-11 07:00:00+00:00,10378.32255910647
2023-08-11 08:00:00+00:00,10378.32255910647
2023-08-11 09:00:00+00:00,10405.895570363818
2023-08-11 10:00:00+00:00,10353.488155781084
2023-08-11 11:00:00+00:00,10353.488155781084
2023-08-11 12:00:00+00:00,10353.488155781084
2023-08-11 13:00:00+00:00,10353.488155781084
2023-08-11 14:00:00+00:00,10430.788573965021
2023-08-11 15:00:00+00:00,10430.788573965021
2023-08-11 16:00:00+00:00,10430.788573965021
2023-08-11 17:00:00+00:00,10430.788573965021
2023-08-11 18:00:00+00:00,10430.788573965021
2023-08-11 19:00:00+00:00,10430.788573965021
2023-08-11 20:00:00+00:00,10430.788573965021
2023-08-11 21:00:00+00:00,10430.788573965021
2023-08-11 22:00:00+00:00,10430.788573965021
2023-08-11 23:00:00+00:00,10451.701369924445
2023-08-12 00:00:00+00:00,10451.701369924445
2023-08-14 02:00:00+00:00,10445.546050507744
2023-08-14 03:00:00+00:00,10429.809592968666
2023-08-14 04:00:00+00:00,10429.809592968666
2023-08-14 05:00:00+00:00,10429.809592968666
2023-08-14 06:00:00+00:00,10429.809592968666
2023-08-14 07:00:00+00:00,10429.809592968666
2023-08-14 08:00:00+00:00,10475.18349726425
2023-08-14 09:00:00+00:00,10475.18349726425
2023-08-14 10:00:00+00:00,10475.18349726425
2023-08-14 11:00:00+00:00,10475.18349726425
2023-08-14 12:00:00+00:00,10475.18349726425
2023-08-14 13:00:00+00:00,10475.18349726425
2023-08-14 14:00:00+00:00,10475.18349726425
2023-08-14 15:00:00+00:00,10475.18349726425
2023-08-14 16:00:00+00:00,10475.18349726425
2023-08-14 17:00:00+00:00,10475.18349726425
2023-08-14 18:00:00+00:00,10475.18349726425
2023-08-14 19:00:00+00:00,10449.596455047242
2023-08-14 20:00:00+00:00,10449.596455047242
2023-08-14 21:00:00+00:00,10449.596455047242
2023-08-14 22:00:00+00:00,10449.596455047242
2023-08-14 23:00:00+00:00,10449.596455047242
2023-08-15 00:00:00+00:00,10447.009611476507
2023-08-15 02:00:00+00:00,10447.009611476507
2023-08-15 03:00:00+00:00,10447.009611476507
2023-08-15 04:00:00+00:00,10447.009611476507
2023-08-15 05:00:00+00:00,10447.009611476507
2023-08-15 06:00:00+00:00,10447.009611476507
2023-08-15 07:00:00+00:00,10441.955945540198
2023-08-15 08:00:00+00:00,10441.955945540198
2023-08-15 09:00:00+00:00,10441.955945540198
2023-08-15 10:00:00+00:00,10441.955945540198
2023-08-15 11:00:00+00:00,10441.955945540198
2023-08-15 12:00:00+00:00,10441.955945540198
2023-08-15 13:00:00+00:00,10441.955945540198
2023-08-15 14:00:00+00:00,10441.955945540198
2023-08-15 15:00:00+00:00,10441.955945540198
2023-08-15 16:00:00+00:00,10441.955945540198
2023-08-15 17:00:00+00:00,10441.955945540198
2023-08-15 18:00:00+00:00,10441.955945540198
2023-08-15 19:00:00+00:00,10441.955945540198
2023-08-15 20:00:00+00:00,10441.955945540198
2023-08-15 21:00:00+00:00,10441.955945540198
2023-08-15 22:00:00+00:00,10441.955945540198
2023-08-15 23:00:00+00:00,10430.518777277752
2023-08-16 00:00:00+00:00,10430.518777277752
2023-08-16 02:00:00+00:00,10430.518777277752
2023-08-16 03:00:00+00:00,10377.985018994923
2023-08-16 04:00:00+00:00,10429.432513429103
2023-08-16 05:00:00+00:00,10376.883122370358
2023-08-16 06:00:00+00:00,10428.412911839107
2023-08-16 07:00:00+00:00,10428.412911839107
2023-08-16 08:00:00+00:00,10406.24452700372
2023-08-16 09:00:00+00:00,10406.24452700372
2023-08-16 10:00:00+00:00,10406.24452700372
2023-08-16 11:00:00+00:00,10406.24452700372
2023-08-16 12:00:00+00:00,10406.24452700372
2023-08-16 13:00:00+00:00,10406.24452700372
2023-08-16 14:00:00+00:00,10406.24452700372
2023-08-16 15:00:00+00:00,10406.24452700372
2023-08-16 16:00:00+00:00,10406.24452700372
2023-08-16 17:00:00+00:00,10406.24452700372
2023-08-16 18:00:00+00:00,10406.24452700372
2023-08-16 19:00:00+00:00,10427.515514974702
2023-08-16 20:00:00+00:00,10426.023081335903
2023-08-16 21:00:00+00:00,10426.023081335903
2023-08-16 22:00:00+00:00,10426.023081335903
2023-08-16 23:00:00+00:00,10426.023081335903
2023-08-17 00:00:00+00:00,10426.023081335903
2023-08-17 02:00:00+00:00,10426.023081335903
2023-08-17 03:00:00+00:00,10426.023081335903
2023-08-17 04:00:00+00:00,10426.023081335903
2023-08-17 05:00:00+00:00,10426.023081335903
2023-08-17 06:00:00+00:00,10426.023081335903
2023-08-17 07:00:00+00:00,10426.023081335903
2023-08-17 08:00:00+00:00,10426.023081335903
2023-08-17 09:00:00+00:00,10426.023081335903
2023-08-17 10:00:00+00:00,10426.023081335903
2023-08-17 11:00:00+00:00,10426.023081335903
2023-08-17 12:00:00+00:00,10426.023081335903
2023-08-17 13:00:00+00:00,10426.023081335903
2023-08-17 14:00:00+00:00,10556.647788155056
2023-08-17 15:00:00+00:00,10556.647788155056
2023-08-17 16:00:00+00:00,10556.647788155056
2023-08-17 17:00:00+00:00,10556.647788155056
2023-08-17 18:00:00+00:00,10556.647788155056
2023-08-17 19:00:00+00:00,10556.647788155056
2023-08-17 20:00:00+00:00,10515.409692521618
2023-08-17 21:00:00+00:00,10515.409692521618
2023-08-17 22:00:00+00:00,10515.409692521618
2023-08-17 23:00:00+00:00,10515.409692521618
2023-08-18 00:00:00+00:00,10515.409692521618
2023-08-18 02:00:00+00:00,10515.409692521618
2023-08-18 03:00:00+00:00,10515.409692521618
2023-08-18 04:00:00+00:00,10462.367890708903
2023-08-18 05:00:00+00:00,10462.367890708903
2023-08-18 06:00:00+00:00,10409.555045172205
2023-08-18 07:00:00+00:00,10357.056827597024
2023-08-18 08:00:00+00:00,10357.056827597024
2023-08-18 09:00:00+00:00,10434.102493748935
2023-08-18 10:00:00+00:00,10434.102493748935
2023-08-18 11:00:00+00:00,10434.102493748935
2023-08-18 12:00:00+00:00,10434.102493748935
2023-08-18 13:00:00+00:00,10590.238423504961
2023-08-18 14:00:00+00:00,10536.89695029244
2023-08-18 15:00:00+00:00,10589.387675059705
2023-08-18 16:00:00+00:00,10589.387675059705
2023-08-18 17:00:00+00:00,10589.387675059705
2023-08-18 18:00:00+00:00,10589.387675059705
2023-08-18 19:00:00+00:00,10589.387675059705
2023-08-18 20:00:00+00:00,10630.483240045489
2023-08-18 21:00:00+00:00,10630.483240045489
2023-08-18 22:00:00+00:00,10630.483240045489
2023-08-18 23:00:00+00:00,10630.483240045489
2023-08-19 00:00:00+00:00,10630.483240045489
2023-08-21 02:00:00+00:00,10630.483240045489
2023-08-21 03:00:00+00:00,10600.431563671616
2023-08-21 04:00:00+00:00,10588.891262428397
2023-08-21 05:00:00+00:00,10588.891262428397
2023-08-21 06:00:00+00:00,10588.891262428397
2023-08-21 07:00:00+00:00,10600.340472349573
2023-08-21 08:00:00+00:00,10600.340472349573
2023-08-21 09:00:00+00:00,10600.340472349573
2023-08-21 10:00:00+00:00,10600.340472349573
2023-08-21 11:00:00+00:00,10600.340472349573
2023-08-21 12:00:00+00:00,10600.340472349573
2023-08-21 13:00:00+00:00,10600.340472349573
2023-08-21 14:00:00+00:00,10600.340472349573
2023-08-21 15:00:00+00:00,10600.340472349573
2023-08-21 16:00:00+00:00,10547.162822348046
2023-08-21 17:00:00+00:00,10547.162822348046
2023-08-21 18:00:00+00:00,10547.162822348046
2023-08-21 19:00:00+00:00,10547.162822348046
2023-08-21 20:00:00+00:00,10547.162822348046
2023-08-21 21:00:00+00:00,10547.162822348046
2023-08-21 22:00:00+00:00,10547.162822348046
2023-08-21 23:00:00+00:00,10547.162822348046
2023-08-22 00:00:00+00:00,10542.046450975264
2023-08-22 02:00:00+00:00,10542.046450975264
2023-08-22 03:00:00+00:00,10532.591245583917
2023-08-22 04:00:00+00:00,10532.591245583917
2023-08-22 05:00:00+00:00,10532.591245583917
2023-08-22 06:00:00+00:00,10532.591245583917
2023-08-22 07:00:00+00:00,10522.545110227074
2023-08-22 08:00:00+00:00,10522.545110227074
2023-08-22 09:00:00+00:00,10522.545110227074
2023-08-22 10:00:00+00:00,10469.484113081633
2023-08-22 11:00:00+00:00,10469.484113081633
2023-08-22 12:00:00+00:00,10469.484113081633
2023-08-22 13:00:00+00:00,10469.484113081633
2023-08-22 14:00:00+00:00,10469.484113081633
2023-08-22 15:00:00+00:00,10469.484113081633
2023-08-22 16:00:00+00:00,10469.484113081633
2023-08-22 17:00:00+00:00,10469.484113081633
2023-08-22 18:00:00+00:00,10469.484113081633
2023-08-22 19:00:00+00:00,10416.91300062058
2023-08-22 20:00:00+00:00,10416.91300062058
2023-08-22 21:00:00+00:00,10416.91300062058
2023-08-22 22:00:00+00:00,10416.91300062058
2023-08-22 23:00:00+00:00,10416.91300062058
2023-08-23 00:00:00+00:00,10416.91300062058
2023-08-23 02:00:00+00:00,10416.91300062058
2023-08-23 03:00:00+00:00,10416.91300062058
2023-08-23 04:00:00+00:00,10416.91300062058
2023-08-23 05:00:00+00:00,10416.91300062058
2023-08-23 06:00:00+00:00,10416.91300062058
2023-08-23 07:00:00+00:00,10416.91300062058
2023-08-23 08:00:00+00:00,10416.91300062058
2023-08-23 09:00:00+00:00,10416.91300062058
2023-08-23 10:00:00+00:00,10416.91300062058
2023-08-23 11:00:00+00:00,10416.91300062058
2023-08-23 12:00:00+00:00,10518.579073559908
2023-08-23 13:00:00+00:00,10518.579073559908
2023-08-23 14:00:00+00:00,10518.579073559908
2023-08-23 15:00:00+00:00,10518.579073559908
2023-08-23 16:00:00+00:00,10518.579073559908
2023-08-23 17:00:00+00:00,10518.579073559908
2023-08-23 18:00:00+00:00,10518.579073559908
2023-08-23 19:00:00+00:00,10518.579073559908
2023-08-23 20:00:00+00:00,10518.579073559908
2023-08-23 21:00:00+00:00,10529.776679072997
2023-08-23 22:00:00+00:00,10608.487272499739
2023-08-23 23:00:00+00:00,10608.487272499739
2023-08-24 00:00:00+00:00,10608.487272499739
2023-08-24 02:00:00+00:00,10608.487272499739
2023-08-24 03:00:00+00:00,10608.487272499739
2023-08-24 04:00:00+00:00,10608.487272499739
2023-08-24 05:00:00+00:00,10608.487272499739
2023-08-24 06:00:00+00:00,10608.487272499739
2023-08-24 07:00:00+00:00,10608.487272499739
2023-08-24 08:00:00+00:00,10608.487272499739
2023-08-24 09:00:00+00:00,10637.284558321386
2023-08-24 10:00:00+00:00,10640.64953365926
2023-08-24 11:00:00+00:00,10640.64953365926
2023-08-24 12:00:00+00:00,10616.05643540626
2023-08-24 13:00:00+00:00,10603.963671488107
2023-08-24 14:00:00+00:00,10580.056744133653
2023-08-24 15:00:00+00:00,10576.213577316546
2023-08-24 16:00:00+00:00,10576.213577316546
2023-08-24 17:00:00+00:00,10576.213577316546
2023-08-24 18:00:00+00:00,10576.213577316546
2023-08-24 19:00:00+00:00,10576.213577316546
2023-08-24 20:00:00+00:00,10576.213577316546
2023-08-24 21:00:00+00:00,10576.213577316546
2023-08-24 22:00:00+00:00,10544.007535344976
2023-08-24 23:00:00+00:00,10544.007535344976
2023-08-25 00:00:00+00:00,10550.139011564228
2023-08-25 02:00:00+00:00,10550.139011564228
2023-08-25 03:00:00+00:00,10550.139011564228
2023-08-25 04:00:00+00:00,10496.901616194808
2023-08-25 05:00:00+00:00,10496.901616194808
2023-08-25 06:00:00+00:00,10496.901616194808
2023-08-25 07:00:00+00:00,10549.10051412467
2023-08-25 08:00:00+00:00,10549.10051412467
2023-08-25 09:00:00+00:00,10549.10051412467
2023-08-25 10:00:00+00:00,10549.10051412467
2023-08-25 11:00:00+00:00,10549.10051412467
2023-08-25 12:00:00+00:00,10549.10051412467
2023-08-25 13:00:00+00:00,10549.10051412467
2023-08-25 14:00:00+00:00,10549.10051412467
2023-08-25 15:00:00+00:00,10549.10051412467
2023-08-25 16:00:00+00:00,10549.10051412467
2023-08-25 17:00:00+00:00,10549.10051412467
2023-08-25 18:00:00+00:00,10706.947367416436
2023-08-25 19:00:00+00:00,10653.036104001963
2023-08-25 20:00:00+00:00,10653.036104001963
2023-08-25 21:00:00+00:00,10647.83041508345
2023-08-25 22:00:00+00:00,10647.83041508345
2023-08-25 23:00:00+00:00,10647.83041508345
2023-08-26 00:00:00+00:00,10647.83041508345
2023-08-28 02:00:00+00:00,10647.83041508345
2023-08-28 03:00:00+00:00,10647.83041508345
2023-08-28 04:00:00+00:00,10647.83041508345
2023-08-28 05:00:00+00:00,10647.83041508345
2023-08-28 06:00:00+00:00,10647.83041508345
2023-08-28 07:00:00+00:00,10647.83041508345
2023-08-28 08:00:00+00:00,10685.701319661404
2023-08-28 09:00:00+00:00,10685.701319661404
2023-08-28 10:00:00+00:00,10685.701319661404
2023-08-28 11:00:00+00:00,10685.701319661404
2023-08-28 12:00:00+00:00,10685.701319661404
2023-08-28 13:00:00+00:00,10685.701319661404
2023-08-28 14:00:00+00:00,10632.067016607574
2023-08-28 15:00:00+00:00,10578.600935219063
2023-08-28 16:00:00+00:00,10578.600935219063
2023-08-28 17:00:00+00:00,10578.600935219063
2023-08-28 18:00:00+00:00,10578.600935219063
2023-08-28 19:00:00+00:00,10578.600935219063
2023-08-28 20:00:00+00:00,10578.600935219063
2023-08-28 21:00:00+00:00,10578.600935219063
2023-08-28 22:00:00+00:00,10601.410455890815
2023-08-28 23:00:00+00:00,10596.535215878655
2023-08-29 00:00:00+00:00,10543.366893478355
2023-08-29 02:00:00+00:00,10543.366893478355
2023-08-29 03:00:00+00:00,10543.366893478355
2023-08-29 04:00:00+00:00,10550.43744298043
2023-08-29 05:00:00+00:00,10550.43744298043
2023-08-29 06:00:00+00:00,10550.43744298043
2023-08-29 07:00:00+00:00,10550.43744298043
2023-08-29 08:00:00+00:00,10550.43744298043
2023-08-29 09:00:00+00:00,10603.036562806112
2023-08-29 10:00:00+00:00,10603.036562806112
2023-08-29 11:00:00+00:00,10603.036562806112
2023-08-29 12:00:00+00:00,10603.036562806112
2023-08-29 13:00:00+00:00,10603.036562806112
2023-08-29 14:00:00+00:00,10603.036562806112
2023-08-29 15:00:00+00:00,10549.734328550003
2023-08-29 16:00:00+00:00,10549.734328550003
2023-08-29 17:00:00+00:00,10549.734328550003
2023-08-29 18:00:00+00:00,10549.734328550003
2023-08-29 19:00:00+00:00,10549.734328550003
2023-08-29 20:00:00+00:00,10549.734328550003
2023-08-29 21:00:00+00:00,10549.734328550003
2023-08-29 22:00:00+00:00,10602.275865346575
2023-08-29 23:00:00+00:00,10655.097595232695
2023-08-30 00:00:00+00:00,10655.097595232695
2023-08-30 02:00:00+00:00,10655.097595232695
2023-08-30 03:00:00+00:00,10672.882577497374
2023-08-30 04:00:00+00:00,10672.882577497374
2023-08-30 05:00:00+00:00,10672.882577497374
2023-08-30 06:00:00+00:00,10672.882577497374
2023-08-30 07:00:00+00:00,10672.882577497374
2023-08-30 08:00:00+00:00,10680.605669243507
2023-08-30 09:00:00+00:00,10680.605669243507
2023-08-30 10:00:00+00:00,10680.605669243507
2023-08-30 11:00:00+00:00,10680.605669243507
2023-08-30 12:00:00+00:00,10680.605669243507
2023-08-30 13:00:00+00:00,10680.605669243507
2023-08-30 14:00:00+00:00,10680.605669243507
2023-08-30 15:00:00+00:00,10680.605669243507
2023-08-30 16:00:00+00:00,10680.605669243507
2023-08-30 17:00:00+00:00,10680.605669243507
2023-08-30 18:00:00+00:00,10680.605669243507
2023-08-30 19:00:00+00:00,10618.712192688576
2023-08-30 20:00:00+00:00,10618.712192688576
2023-08-30 21:00:00+00:00,10671.513708001687
2023-08-30 22:00:00+00:00,10671.513708001687
2023-08-30 23:00:00+00:00,10671.513708001687
2023-08-31 00:00:00+00:00,10738.357323285547
2023-08-31 02:00:00+00:00,10738.357323285547
2023-08-31 03:00:00+00:00,10738.357323285547
2023-08-31 04:00:00+00:00,10738.357323285547
2023-08-31 05:00:00+00:00,10738.357323285547
2023-08-31 06:00:00+00:00,10738.357323285547
2023-08-31 07:00:00+00:00,10738.357323285547
2023-08-31 08:00:00+00:00,10738.357323285547
2023-08-31 09:00:00+00:00,10738.357323285547
2023-08-31 10:00:00+00:00,10738.357323285547
2023-08-31 11:00:00+00:00,10773.182368897293
2023-08-31 12:00:00+00:00,10773.182368897293
2023-08-31 13:00:00+00:00,10773.182368897293
2023-08-31 14:00:00+00:00,10773.182368897293
2023-08-31 15:00:00+00:00,10853.692008017662
2023-08-31 16:00:00+00:00,10853.692008017662
2023-08-31 17:00:00+00:00,10907.606114669234
2023-08-31 18:00:00+00:00,10907.606114669234
2023-08-31 19:00:00+00:00,10907.606114669234
2023-08-31 20:00:00+00:00,10907.606114669234
2023-08-31 21:00:00+00:00,10907.606114669234
2023-08-31 22:00:00+00:00,10891.94268582084
2023-08-31 23:00:00+00:00,10891.94268582084
2023-09-01 00:00:00+00:00,10891.94268582084
2023-09-01 02:00:00+00:00,10891.94268582084
2023-09-01 03:00:00+00:00,10891.94268582084
2023-09-01 04:00:00+00:00,10891.94268582084
2023-09-01 05:00:00+00:00,10891.94268582084
2023-09-01 06:00:00+00:00,10891.94268582084
2023-09-01 07:00:00+00:00,10883.68253267417
2023-09-01 08:00:00+00:00,10883.68253267417
2023-09-01 09:00:00+00:00,10883.68253267417
2023-09-01 10:00:00+00:00,10883.68253267417
2023-09-01 11:00:00+00:00,10828.79112751547
2023-09-01 12:00:00+00:00,10828.79112751547
2023-09-01 13:00:00+00:00,10828.79112751547
2023-09-01 14:00:00+00:00,10828.79112751547
2023-09-01 15:00:00+00:00,10828.79112751547
2023-09-01 16:00:00+00:00,10828.79112751547
2023-09-01 17:00:00+00:00,10826.155479422474
2023-09-01 18:00:00+00:00,10826.155479422474
2023-09-01 19:00:00+00:00,10906.912885669932
2023-09-01 20:00:00+00:00,10906.912885669932
2023-09-01 21:00:00+00:00,10878.216593834179
2023-09-01 22:00:00+00:00,10878.216593834179
2023-09-01 23:00:00+00:00,10874.12783202611
2023-09-02 00:00:00+00:00,10874.12783202611
2023-09-04 02:00:00+00:00,10858.451279628149
2023-09-04 03:00:00+00:00,10856.037758776456
2023-09-04 04:00:00+00:00,10837.008656469272
2023-09-04 05:00:00+00:00,10826.125100334833
2023-09-04 06:00:00+00:00,10826.125100334833
2023-09-04 07:00:00+00:00,10807.897607426761
2023-09-04 08:00:00+00:00,10807.897607426761
2023-09-04 09:00:00+00:00,10807.897607426761
2023-09-04 10:00:00+00:00,10807.897607426761
2023-09-04 11:00:00+00:00,10807.897607426761
2023-09-04 12:00:00+00:00,10807.897607426761
2023-09-04 13:00:00+00:00,10753.523115329906
2023-09-04 14:00:00+00:00,10753.523115329906
2023-09-04 15:00:00+00:00,10753.523115329906
2023-09-04 16:00:00+00:00,10753.523115329906
2023-09-04 17:00:00+00:00,10753.523115329906
2023-09-04 18:00:00+00:00,10699.443955173921
2023-09-04 19:00:00+00:00,10699.443955173921
2023-09-04 20:00:00+00:00,10699.443955173921
2023-09-04 21:00:00+00:00,10699.443955173921
2023-09-04 22:00:00+00:00,10699.443955173921
2023-09-04 23:00:00+00:00,10699.443955173921
2023-09-05 00:00:00+00:00,10677.136394484949
2023-09-05 02:00:00+00:00,10677.136394484949
2023-09-05 03:00:00+00:00,10651.256441662741
2023-09-05 04:00:00+00:00,10622.608823024299
2023-09-05 05:00:00+00:00,10622.608823024299
2023-09-05 06:00:00+00:00,10622.608823024299
2023-09-05 07:00:00+00:00,10622.608823024299
2023-09-05 08:00:00+00:00,10622.608823024299
2023-09-05 09:00:00+00:00,10649.838746965974
2023-09-05 10:00:00+00:00,10596.184044125179
2023-09-05 11:00:00+00:00,10596.184044125179
2023-09-05 12:00:00+00:00,10596.184044125179
2023-09-05 13:00:00+00:00,10596.184044125179
2023-09-05 14:00:00+00:00,10596.184044125179
2023-09-05 15:00:00+00:00,10542.79554421967
2023-09-05 16:00:00+00:00,10542.79554421967
2023-09-05 17:00:00+00:00,10489.825965686121
2023-09-05 18:00:00+00:00,10489.825965686121
2023-09-05 19:00:00+00:00,10489.825965686121
2023-09-05 20:00:00+00:00,10489.825965686121
2023-09-05 21:00:00+00:00,10489.825965686121
2023-09-05 22:00:00+00:00,10489.825965686121
2023-09-05 23:00:00+00:00,10489.825965686121
2023-09-06 00:00:00+00:00,10489.825965686121
2023-09-06 02:00:00+00:00,10489.825965686121
2023-09-06 03:00:00+00:00,10489.825965686121
2023-09-06 04:00:00+00:00,10489.825965686121
2023-09-06 05:00:00+00:00,10489.825965686121
2023-09-06 06:00:00+00:00,10489.825965686121
2023-09-06 07:00:00+00:00,10489.825965686121
2023-09-06 08:00:00+00:00,10489.825965686121
2023-09-06 09:00:00+00:00,10528.418797409282
2023-09-06 10:00:00+00:00,10521.65061984762
2023-09-06 11:00:00+00:00,10521.65061984762
2023-09-06 12:00:00+00:00,10468.6451490032
2023-09-06 13:00:00+00:00,10468.6451490032
2023-09-06 14:00:00+00:00,10415.94688477528
2023-09-06 15:00:00+00:00,10415.94688477528
2023-09-06 16:00:00+00:00,10415.94688477528
2023-09-06 17:00:00+00:00,10415.94688477528
2023-09-06 18:00:00+00:00,10415.94688477528
2023-09-06 19:00:00+00:00,10415.94688477528
2023-09-06 20:00:00+00:00,10415.94688477528
2023-09-06 21:00:00+00:00,10396.112945375695
2023-09-06 22:00:00+00:00,10396.112945375695
2023-09-06 23:00:00+00:00,10396.112945375695
2023-09-07 00:00:00+00:00,10396.112945375695
2023-09-07 02:00:00+00:00,10396.112945375695
2023-09-07 03:00:00+00:00,10396.112945375695
2023-09-07 04:00:00+00:00,10396.112945375695
2023-09-07 05:00:00+00:00,10396.112945375695
2023-09-07 06:00:00+00:00,10396.112945375695
2023-09-07 07:00:00+00:00,10388.321465904903
2023-09-07 08:00:00+00:00,10388.321465904903
2023-09-07 09:00:00+00:00,10383.942683150648
2023-09-07 10:00:00+00:00,10383.942683150648
2023-09-07 11:00:00+00:00,10383.942683150648
2023-09-07 12:00:00+00:00,10383.942683150648
2023-09-07 13:00:00+00:00,10383.942683150648
2023-09-07 14:00:00+00:00,10331.54975452091
2023-09-07 15:00:00+00:00,10331.54975452091
2023-09-07 16:00:00+00:00,10331.54975452091
2023-09-07 17:00:00+00:00,10319.176005987189
2023-09-07 18:00:00+00:00,10319.176005987189
2023-09-07 19:00:00+00:00,10319.176005987189
2023-09-07 20:00:00+00:00,10304.983986011946
2023-09-07 21:00:00+00:00,10304.983986011946
2023-09-07 22:00:00+00:00,10304.983986011946
2023-09-07 23:00:00+00:00,10304.983986011946
2023-09-08 00:00:00+00:00,10304.983986011946
2023-09-08 02:00:00+00:00,10304.983986011946
2023-09-08 03:00:00+00:00,10304.983986011946
2023-09-08 04:00:00+00:00,10304.983986011946
2023-09-08 05:00:00+00:00,10304.983986011946
2023-09-08 06:00:00+00:00,10304.983986011946
2023-09-08 07:00:00+00:00,10304.983986011946
2023-09-08 08:00:00+00:00,10304.983986011946
2023-09-08 09:00:00+00:00,10304.983986011946
2023-09-08 10:00:00+00:00,10312.710521772233
2023-09-08 11:00:00+00:00,10259.895090494801
2023-09-08 12:00:00+00:00,10208.057562823107
2023-09-08 13:00:00+00:00,10156.504269764868
2023-09-08 14:00:00+00:00,10156.504269764868
2023-09-08 15:00:00+00:00,10156.504269764868
2023-09-08 16:00:00+00:00,10105.410794414696
2023-09-08 17:00:00+00:00,10105.410794414696
2023-09-08 18:00:00+00:00,10105.410794414696
2023-09-08 19:00:00+00:00,10105.410794414696
2023-09-08 20:00:00+00:00,10105.410794414696
2023-09-08 21:00:00+00:00,10105.410794414696
2023-09-08 22:00:00+00:00,10105.410794414696
2023-09-08 23:00:00+00:00,10105.410794414696
2023-09-09 00:00:00+00:00,10206.03292185986
2023-09-11 02:00:00+00:00,10206.03292185986
2023-09-11 03:00:00+00:00,10206.03292185986
2023-09-11 04:00:00+00:00,10206.03292185986
2023-09-11 05:00:00+00:00,10206.03292185986
2023-09-11 06:00:00+00:00,10206.03292185986
2023-09-11 07:00:00+00:00,10138.69819771869
2023-09-11 08:00:00+00:00,10138.69819771869
2023-09-11 09:00:00+00:00,10138.69819771869
2023-09-11 10:00:00+00:00,10138.69819771869
2023-09-11 11:00:00+00:00,10138.69819771869
2023-09-11 12:00:00+00:00,10138.69819771869
2023-09-11 13:00:00+00:00,10138.69819771869
2023-09-11 14:00:00+00:00,10138.69819771869
2023-09-11 15:00:00+00:00,10138.69819771869
2023-09-11 16:00:00+00:00,10138.69819771869
2023-09-11 17:00:00+00:00,10138.69819771869
2023-09-11 18:00:00+00:00,10138.69819771869
2023-09-11 19:00:00+00:00,10138.69819771869
2023-09-11 20:00:00+00:00,10138.69819771869
2023-09-11 21:00:00+00:00,10138.69819771869
2023-09-11 22:00:00+00:00,10138.69819771869
2023-09-11 23:00:00+00:00,10290.40930449714
2023-09-12 00:00:00+00:00,10290.40930449714
2023-09-12 02:00:00+00:00,10290.40930449714
2023-09-12 03:00:00+00:00,10238.767568908715
2023-09-12 04:00:00+00:00,10238.767568908715
2023-09-12 05:00:00+00:00,10238.767568908715
2023-09-12 06:00:00+00:00,10238.767568908715
2023-09-12 07:00:00+00:00,10215.514088530408
2023-09-12 08:00:00+00:00,10215.514088530408
2023-09-12 09:00:00+00:00,10215.514088530408
2023-09-12 10:00:00+00:00,10215.514088530408
2023-09-12 11:00:00+00:00,10215.514088530408
2023-09-12 12:00:00+00:00,10164.097651720414
2023-09-12 13:00:00+00:00,10164.097651720414
2023-09-12 14:00:00+00:00,10164.097651720414
2023-09-12 15:00:00+00:00,10164.097651720414
2023-09-12 16:00:00+00:00,10164.097651720414
2023-09-12 17:00:00+00:00,10164.097651720414
2023-09-12 18:00:00+00:00,10164.097651720414
2023-09-12 19:00:00+00:00,10164.097651720414
2023-09-12 20:00:00+00:00,10164.097651720414
2023-09-12 21:00:00+00:00,10164.097651720414
2023-09-12 22:00:00+00:00,10164.097651720414
2023-09-12 23:00:00+00:00,10214.617472363661
2023-09-13 00:00:00+00:00,10163.222306570711
2023-09-13 02:00:00+00:00,10213.755318279587
2023-09-13 03:00:00+00:00,10213.755318279587
2023-09-13 04:00:00+00:00,10213.755318279587
2023-09-13 05:00:00+00:00,10213.755318279587
2023-09-13 06:00:00+00:00,10213.755318279587
2023-09-13 07:00:00+00:00,10213.755318279587
2023-09-13 08:00:00+00:00,10221.1834363027
2023-09-13 09:00:00+00:00,10221.1834363027
2023-09-13 10:00:00+00:00,10221.1834363027
2023-09-13 11:00:00+00:00,10221.1834363027
2023-09-13 12:00:00+00:00,10169.657635610738
2023-09-13 13:00:00+00:00,10169.657635610738
2023-09-13 14:00:00+00:00,10157.779186707256
2023-09-13 15:00:00+00:00,10157.779186707256
2023-09-13 16:00:00+00:00,10157.779186707256
2023-09-13 17:00:00+00:00,10157.779186707256
2023-09-13 18:00:00+00:00,10157.779186707256
2023-09-13 19:00:00+00:00,10157.779186707256
2023-09-13 20:00:00+00:00,10157.779186707256
2023-09-13 21:00:00+00:00,10157.779186707256
2023-09-13 22:00:00+00:00,10157.779186707256
2023-09-13 23:00:00+00:00,10157.779186707256
2023-09-14 00:00:00+00:00,10157.779186707256
2023-09-14 02:00:00+00:00,10157.779186707256
2023-09-14 03:00:00+00:00,10157.779186707256
2023-09-14 04:00:00+00:00,10157.779186707256
2023-09-14 05:00:00+00:00,10157.779186707256
2023-09-14 06:00:00+00:00,10157.779186707256
2023-09-14 07:00:00+00:00,10157.779186707256
2023-09-14 08:00:00+00:00,10157.779186707256
2023-09-14 09:00:00+00:00,10157.779186707256
2023-09-14 10:00:00+00:00,10269.19736916284
2023-09-14 11:00:00+00:00,10217.398340101732
2023-09-14 12:00:00+00:00,10217.398340101732
2023-09-14 13:00:00+00:00,10217.398340101732
2023-09-14 14:00:00+00:00,10217.398340101732
2023-09-14 15:00:00+00:00,10217.398340101732
2023-09-14 16:00:00+00:00,10201.826621380551
2023-09-14 17:00:00+00:00,10201.826621380551
2023-09-14 18:00:00+00:00,10201.826621380551
2023-09-14 19:00:00+00:00,10189.578375392575
2023-09-14 20:00:00+00:00,10189.578375392575
2023-09-14 21:00:00+00:00,10157.11777014996
2023-09-14 22:00:00+00:00,10159.137889799502
2023-09-14 23:00:00+00:00,10159.137889799502
2023-09-15 00:00:00+00:00,10159.137889799502
2023-09-15 02:00:00+00:00,10159.137889799502
2023-09-15 03:00:00+00:00,10159.137889799502
2023-09-15 04:00:00+00:00,10159.137889799502
2023-09-15 05:00:00+00:00,10108.061047328581
2023-09-15 06:00:00+00:00,10108.061047328581
2023-09-15 07:00:00+00:00,10094.508763904423
2023-09-15 08:00:00+00:00,10094.508763904423
2023-09-15 09:00:00+00:00,10094.508763904423
2023-09-15 10:00:00+00:00,10094.508763904423
2023-09-15 11:00:00+00:00,10094.508763904423
2023-09-15 12:00:00+00:00,10094.508763904423
2023-09-15 13:00:00+00:00,10094.508763904423
2023-09-15 14:00:00+00:00,10094.508763904423
2023-09-15 15:00:00+00:00,10094.508763904423
2023-09-15 16:00:00+00:00,10094.508763904423
2023-09-15 17:00:00+00:00,10094.508763904423
2023-09-15 18:00:00+00:00,10094.508763904423
2023-09-15 19:00:00+00:00,10094.508763904423
2023-09-15 20:00:00+00:00,10094.508763904423
2023-09-15 21:00:00+00:00,10043.445207808369
2023-09-15 22:00:00+00:00,10043.445207808369
2023-09-15 23:00:00+00:00,10043.445207808369
2023-09-16 00:00:00+00:00,10043.445207808369
2023-09-18 02:00:00+00:00,10043.445207808369
2023-09-18 03:00:00+00:00,10043.445207808369
2023-09-18 04:00:00+00:00,10001.07440609569
2023-09-18 05:00:00+00:00,9995.365378385397
2023-09-18 06:00:00+00:00,9995.365378385397
2023-09-18 07:00:00+00:00,9950.70400845596
2023-09-18 08:00:00+00:00,9950.70400845596
2023-09-18 09:00:00+00:00,9950.70400845596
2023-09-18 10:00:00+00:00,9950.70400845596
2023-09-18 11:00:00+00:00,9950.70400845596
2023-09-18 12:00:00+00:00,9950.70400845596
2023-09-18 13:00:00+00:00,9950.70400845596
2023-09-18 14:00:00+00:00,9950.70400845596
2023-09-18 15:00:00+00:00,9950.70400845596
2023-09-18 16:00:00+00:00,9950.70400845596
2023-09-18 17:00:00+00:00,9950.70400845596
2023-09-18 18:00:00+00:00,9950.70400845596
2023-09-18 19:00:00+00:00,9950.70400845596
2023-09-18 20:00:00+00:00,9950.70400845596
2023-09-18 21:00:00+00:00,9950.70400845596
2023-09-18 22:00:00+00:00,9988.534640273561
2023-09-18 23:00:00+00:00,9979.516232920956
2023-09-19 00:00:00+00:00,9970.414149217797
2023-09-19 02:00:00+00:00,9970.414149217797
2023-09-19 03:00:00+00:00,9970.414149217797
2023-09-19 04:00:00+00:00,9970.414149217797
2023-09-19 05:00:00+00:00,9970.414149217797
2023-09-19 06:00:00+00:00,9970.414149217797
2023-09-19 07:00:00+00:00,9966.282525594015
2023-09-19 08:00:00+00:00,9966.282525594015
2023-09-19 09:00:00+00:00,9936.224385198519
2023-09-19 10:00:00+00:00,9936.224385198519
2023-09-19 11:00:00+00:00,9936.224385198519
2023-09-19 12:00:00+00:00,9936.224385198519
2023-09-19 13:00:00+00:00,9936.224385198519
2023-09-19 14:00:00+00:00,9936.224385198519
2023-09-19 15:00:00+00:00,9936.224385198519
2023-09-19 16:00:00+00:00,9936.224385198519
2023-09-19 17:00:00+00:00,9936.224385198519
2023-09-19 18:00:00+00:00,9936.224385198519
2023-09-19 19:00:00+00:00,9936.224385198519
2023-09-19 20:00:00+00:00,9936.224385198519
2023-09-19 21:00:00+00:00,9964.911396202473
2023-09-19 22:00:00+00:00,9953.794276146305
2023-09-19 23:00:00+00:00,9953.794276146305
2023-09-20 00:00:00+00:00,9958.893249892963
2023-09-20 02:00:00+00:00,9958.893249892963
2023-09-20 03:00:00+00:00,9958.893249892963
2023-09-20 04:00:00+00:00,9958.893249892963
2023-09-20 05:00:00+00:00,9958.893249892963
2023-09-20 06:00:00+00:00,9927.018875788222
2023-09-20 07:00:00+00:00,9927.018875788222
2023-09-20 08:00:00+00:00,9927.018875788222
2023-09-20 09:00:00+00:00,9927.018875788222
2023-09-20 10:00:00+00:00,9927.018875788222
2023-09-20 11:00:00+00:00,9927.018875788222
2023-09-20 12:00:00+00:00,9927.018875788222
2023-09-20 13:00:00+00:00,10001.06853236092
2023-09-20 14:00:00+00:00,10001.06853236092
2023-09-20 15:00:00+00:00,10001.06853236092
2023-09-20 16:00:00+00:00,10001.06853236092
2023-09-20 17:00:00+00:00,10001.06853236092
2023-09-20 18:00:00+00:00,10001.06853236092
2023-09-20 19:00:00+00:00,10001.06853236092
2023-09-20 20:00:00+00:00,10001.06853236092
2023-09-20 21:00:00+00:00,10001.06853236092
2023-09-20 22:00:00+00:00,10017.477063946755
2023-09-20 23:00:00+00:00,10017.477063946755
2023-09-21 00:00:00+00:00,10092.281116546621
2023-09-21 02:00:00+00:00,10092.281116546621
2023-09-21 03:00:00+00:00,10092.281116546621
2023-09-21 04:00:00+00:00,10092.281116546621
2023-09-21 05:00:00+00:00,10092.281116546621
2023-09-21 06:00:00+00:00,10092.281116546621
2023-09-21 07:00:00+00:00,10092.281116546621
2023-09-21 08:00:00+00:00,10080.846972798083
2023-09-21 09:00:00+00:00,10155.927029967039
2023-09-21 10:00:00+00:00,10155.927029967039
2023-09-21 11:00:00+00:00,10104.826257777984
2023-09-21 12:00:00+00:00,10180.2040711594
2023-09-21 13:00:00+00:00,10128.926632688555
2023-09-21 14:00:00+00:00,10077.926629623571
2023-09-21 15:00:00+00:00,10077.926629623571
2023-09-21 16:00:00+00:00,10077.926629623571
2023-09-21 17:00:00+00:00,10178.36453827531
2023-09-21 18:00:00+00:00,10178.36453827531
2023-09-21 19:00:00+00:00,10178.36453827531
2023-09-21 20:00:00+00:00,10178.36453827531
2023-09-21 21:00:00+00:00,10178.36453827531
2023-09-21 22:00:00+00:00,10178.36453827531
2023-09-21 23:00:00+00:00,10178.36453827531
2023-09-22 00:00:00+00:00,10178.36453827531
2023-09-22 02:00:00+00:00,10178.36453827531
2023-09-22 03:00:00+00:00,10178.36453827531
2023-09-22 04:00:00+00:00,10178.36453827531
2023-09-22 05:00:00+00:00,10178.36453827531
2023-09-22 06:00:00+00:00,10178.36453827531
2023-09-22 07:00:00+00:00,10190.517709552892
2023-09-22 08:00:00+00:00,10196.691547354929
2023-09-22 09:00:00+00:00,10196.691547354929
2023-09-22 10:00:00+00:00,10196.691547354929
2023-09-22 11:00:00+00:00,10196.691547354929
2023-09-22 12:00:00+00:00,10209.994403242847
2023-09-22 13:00:00+00:00,10209.994403242847
2023-09-22 14:00:00+00:00,10209.994403242847
2023-09-22 15:00:00+00:00,10209.994403242847
2023-09-22 16:00:00+00:00,10209.994403242847
2023-09-22 17:00:00+00:00,10209.994403242847
2023-09-22 18:00:00+00:00,10209.994403242847
2023-09-22 19:00:00+00:00,10209.994403242847
2023-09-22 20:00:00+00:00,10209.994403242847
2023-09-22 21:00:00+00:00,10209.994403242847
2023-09-22 22:00:00+00:00,10279.216941759243
2023-09-22 23:00:00+00:00,10227.594873756987
2023-09-23 00:00:00+00:00,10227.594873756987
2023-09-25 02:00:00+00:00,10227.594873756987
2023-09-25 03:00:00+00:00,10176.204005161406
2023-09-25 04:00:00+00:00,10125.176864315128
2023-09-25 05:00:00+00:00,10175.626501702573
2023-09-25 06:00:00+00:00,10175.626501702573
2023-09-25 07:00:00+00:00,10175.626501702573
2023-09-25 08:00:00+00:00,10175.626501702573
2023-09-25 09:00:00+00:00,10175.626501702573
2023-09-25 10:00:00+00:00,10175.626501702573
2023-09-25 11:00:00+00:00,10175.626501702573
2023-09-25 12:00:00+00:00,10175.626501702573
2023-09-25 13:00:00+00:00,10175.626501702573
2023-09-25 14:00:00+00:00,10175.626501702573
2023-09-25 15:00:00+00:00,10175.626501702573
2023-09-25 16:00:00+00:00,10175.626501702573
2023-09-25 17:00:00+00:00,10175.626501702573
2023-09-25 18:00:00+00:00,10175.626501702573
2023-09-25 19:00:00+00:00,10175.626501702573
2023-09-25 20:00:00+00:00,10175.626501702573
2023-09-25 21:00:00+00:00,10175.626501702573
2023-09-25 22:00:00+00:00,10175.626501702573
2023-09-25 23:00:00+00:00,10175.626501702573
2023-09-26 00:00:00+00:00,10172.316703171118
2023-09-26 02:00:00+00:00,10172.316703171118
2023-09-26 03:00:00+00:00,10172.316703171118
2023-09-26 04:00:00+00:00,10172.316703171118
2023-09-26 05:00:00+00:00,10172.316703171118
2023-09-26 06:00:00+00:00,10172.316703171118
2023-09-26 07:00:00+00:00,10150.426085040232
2023-09-26 08:00:00+00:00,10150.426085040232
2023-09-26 09:00:00+00:00,10150.426085040232
2023-09-26 10:00:00+00:00,10150.426085040232
2023-09-26 11:00:00+00:00,10150.426085040232
2023-09-26 12:00:00+00:00,10150.426085040232
2023-09-26 13:00:00+00:00,10150.426085040232
2023-09-26 14:00:00+00:00,10150.426085040232
2023-09-26 15:00:00+00:00,10226.279936711666
2023-09-26 16:00:00+00:00,10174.819413310237
2023-09-26 17:00:00+00:00,10174.819413310237
2023-09-26 18:00:00+00:00,10174.819413310237
2023-09-26 19:00:00+00:00,10174.819413310237
2023-09-26 20:00:00+00:00,10174.819413310237
2023-09-26 21:00:00+00:00,10174.819413310237
2023-09-26 22:00:00+00:00,10123.643588353098
2023-09-26 23:00:00+00:00,10123.643588353098
2023-09-27 00:00:00+00:00,10123.643588353098
2023-09-27 02:00:00+00:00,10123.643588353098
2023-09-27 03:00:00+00:00,10123.643588353098
2023-09-27 04:00:00+00:00,10123.643588353098
2023-09-27 05:00:00+00:00,10123.643588353098
2023-09-27 06:00:00+00:00,10092.16103205853
2023-09-27 07:00:00+00:00,10092.16103205853
2023-09-27 08:00:00+00:00,10092.16103205853
2023-09-27 09:00:00+00:00,10092.16103205853
2023-09-27 10:00:00+00:00,10092.16103205853
2023-09-27 11:00:00+00:00,10092.16103205853
2023-09-27 12:00:00+00:00,10068.915993824738
2023-09-27 13:00:00+00:00,10068.915993824738
2023-09-27 14:00:00+00:00,10068.915993824738
2023-09-27 15:00:00+00:00,10068.915993824738
2023-09-27 16:00:00+00:00,10068.915993824738
2023-09-27 17:00:00+00:00,10068.915993824738
2023-09-27 18:00:00+00:00,10119.045834952485
2023-09-27 19:00:00+00:00,10119.045834952485
2023-09-27 20:00:00+00:00,10119.045834952485
2023-09-27 21:00:00+00:00,10119.045834952485
2023-09-27 22:00:00+00:00,10096.526794890258
2023-09-27 23:00:00+00:00,10096.526794890258
2023-09-28 00:00:00+00:00,10096.526794890258
2023-09-28 02:00:00+00:00,10096.526794890258
2023-09-28 03:00:00+00:00,10096.526794890258
2023-09-28 04:00:00+00:00,10096.526794890258
2023-09-28 05:00:00+00:00,10045.770988846229
2023-09-28 06:00:00+00:00,10045.770988846229
2023-09-28 07:00:00+00:00,9995.27904745595
2023-09-28 08:00:00+00:00,9995.27904745595
2023-09-28 09:00:00+00:00,9995.27904745595
2023-09-28 10:00:00+00:00,9995.27904745595
2023-09-28 11:00:00+00:00,9995.27904745595
2023-09-28 12:00:00+00:00,9995.27904745595
2023-09-28 13:00:00+00:00,9995.27904745595
2023-09-28 14:00:00+00:00,9995.27904745595
2023-09-28 15:00:00+00:00,9948.84661270786
2023-09-28 16:00:00+00:00,9948.84661270786
2023-09-28 17:00:00+00:00,9948.84661270786
2023-09-28 18:00:00+00:00,9948.84661270786
2023-09-28 19:00:00+00:00,9948.84661270786
2023-09-28 20:00:00+00:00,9948.84661270786
2023-09-28 21:00:00+00:00,9942.250881710652
2023-09-28 22:00:00+00:00,9937.246952576712
2023-09-28 23:00:00+00:00,9908.055523060351
2023-09-29 00:00:00+00:00,9909.864760075561
2023-09-29 02:00:00+00:00,9909.864760075561
2023-09-29 03:00:00+00:00,9909.864760075561
2023-09-29 04:00:00+00:00,9909.864760075561
2023-09-29 05:00:00+00:00,9909.864760075561
2023-09-29 06:00:00+00:00,9909.864760075561
2023-09-29 07:00:00+00:00,9883.216972313496
2023-09-29 08:00:00+00:00,9883.216972313496
2023-09-29 09:00:00+00:00,9883.216972313496
2023-09-29 10:00:00+00:00,9883.216972313496
2023-09-29 11:00:00+00:00,9833.26636006479
2023-09-29 12:00:00+00:00,9833.26636006479
2023-09-29 13:00:00+00:00,9833.26636006479
2023-09-29 14:00:00+00:00,9833.26636006479
2023-09-29 15:00:00+00:00,9833.26636006479
2023-09-29 16:00:00+00:00,9833.26636006479
2023-09-29 17:00:00+00:00,9833.26636006479
2023-09-29 18:00:00+00:00,9833.26636006479
2023-09-29 19:00:00+00:00,9833.26636006479
2023-09-29 20:00:00+00:00,9833.26636006479
2023-09-29 21:00:00+00:00,9833.26636006479
2023-09-29 22:00:00+00:00,9833.26636006479
2023-09-29 23:00:00+00:00,9857.39869156509
2023-09-30 00:00:00+00:00,9857.39869156509
2023-10-02 02:00:00+00:00,9844.001647468873
2023-10-02 03:00:00+00:00,9809.488963262265
2023-10-02 04:00:00+00:00,9809.488963262265
2023-10-02 05:00:00+00:00,9809.488963262265
2023-10-02 06:00:00+00:00,9809.488963262265
2023-10-02 07:00:00+00:00,9809.488963262265
2023-10-02 08:00:00+00:00,9809.488963262265
2023-10-02 09:00:00+00:00,9809.488963262265
2023-10-02 10:00:00+00:00,9809.488963262265
2023-10-02 11:00:00+00:00,9809.488963262265
2023-10-02 12:00:00+00:00,9809.488963262265
2023-10-02 13:00:00+00:00,9809.488963262265
2023-10-02 14:00:00+00:00,9809.488963262265
2023-10-02 15:00:00+00:00,9789.324845293575
2023-10-02 16:00:00+00:00,9789.324845293575
2023-10-02 17:00:00+00:00,9789.324845293575
2023-10-02 18:00:00+00:00,9789.324845293575
2023-10-02 19:00:00+00:00,9789.324845293575
2023-10-02 20:00:00+00:00,9789.324845293575
2023-10-02 21:00:00+00:00,9789.324845293575
2023-10-02 22:00:00+00:00,9789.324845293575
2023-10-02 23:00:00+00:00,9789.324845293575
2023-10-03 00:00:00+00:00,9769.561398401665
2023-10-03 02:00:00+00:00,9769.561398401665
2023-10-03 03:00:00+00:00,9769.561398401665
2023-10-03 04:00:00+00:00,9769.561398401665
2023-10-03 05:00:00+00:00,9769.561398401665
2023-10-03 06:00:00+00:00,9769.561398401665
2023-10-03 07:00:00+00:00,9790.015952749478
2023-10-03 08:00:00+00:00,9790.015952749478
2023-10-03 09:00:00+00:00,9790.015952749478
2023-10-03 10:00:00+00:00,9790.015952749478
2023-10-03 11:00:00+00:00,9790.015952749478
2023-10-03 12:00:00+00:00,9790.015952749478
2023-10-03 13:00:00+00:00,9790.015952749478
2023-10-03 14:00:00+00:00,9790.015952749478
2023-10-03 15:00:00+00:00,9790.015952749478
2023-10-03 16:00:00+00:00,9790.015952749478
2023-10-03 17:00:00+00:00,9790.015952749478
2023-10-03 18:00:00+00:00,9790.015952749478
2023-10-03 19:00:00+00:00,9790.015952749478
2023-10-03 20:00:00+00:00,9790.015952749478
2023-10-03 21:00:00+00:00,9790.015952749478
2023-10-03 22:00:00+00:00,9824.507067938039
2023-10-03 23:00:00+00:00,9803.845491089975
2023-10-04 00:00:00+00:00,9823.693090381603
2023-10-04 02:00:00+00:00,9823.693090381603
2023-10-04 03:00:00+00:00,9823.693090381603
2023-10-04 04:00:00+00:00,9823.693090381603
2023-10-04 05:00:00+00:00,9823.693090381603
2023-10-04 06:00:00+00:00,9823.693090381603
2023-10-04 07:00:00+00:00,9815.628797326353
2023-10-04 08:00:00+00:00,9815.628797326353
2023-10-04 09:00:00+00:00,9815.628797326353
2023-10-04 10:00:00+00:00,9815.628797326353
2023-10-04 11:00:00+00:00,9815.628797326353
2023-10-04 12:00:00+00:00,9815.628797326353
2023-10-04 13:00:00+00:00,9815.628797326353
2023-10-04 14:00:00+00:00,9815.628797326353
2023-10-04 15:00:00+00:00,9815.628797326353
2023-10-04 16:00:00+00:00,9815.628797326353
2023-10-04 17:00:00+00:00,9815.628797326353
2023-10-04 18:00:00+00:00,9839.5889150078
2023-10-04 19:00:00+00:00,9839.5889150078
2023-10-04 20:00:00+00:00,9839.5889150078
2023-10-04 21:00:00+00:00,9825.048684384183
2023-10-04 22:00:00+00:00,9796.422473041142
2023-10-04 23:00:00+00:00,9796.422473041142
2023-10-05 00:00:00+00:00,9943.091869191083
2023-10-05 02:00:00+00:00,9943.091869191083
2023-10-05 03:00:00+00:00,9943.091869191083
2023-10-05 04:00:00+00:00,9943.091869191083
2023-10-05 05:00:00+00:00,9943.091869191083
2023-10-05 06:00:00+00:00,9943.091869191083
2023-10-05 07:00:00+00:00,9943.091869191083
2023-10-05 08:00:00+00:00,9913.450471982758
2023-10-05 09:00:00+00:00,9913.450471982758
2023-10-05 10:00:00+00:00,9913.450471982758
2023-10-05 11:00:00+00:00,9913.450471982758
2023-10-05 12:00:00+00:00,9913.450471982758
2023-10-05 13:00:00+00:00,9904.204468851334
2023-10-05 14:00:00+00:00,9977.953920340624
2023-10-05 15:00:00+00:00,9977.953920340624
2023-10-05 16:00:00+00:00,9977.953920340624
2023-10-05 17:00:00+00:00,9977.953920340624
2023-10-05 18:00:00+00:00,10077.26108101097
2023-10-05 19:00:00+00:00,10077.26108101097
2023-10-05 20:00:00+00:00,10077.26108101097
2023-10-05 21:00:00+00:00,10077.26108101097
2023-10-05 22:00:00+00:00,10077.26108101097
2023-10-05 23:00:00+00:00,10077.26108101097
2023-10-06 00:00:00+00:00,10077.26108101097
2023-10-06 02:00:00+00:00,10077.26108101097
2023-10-06 03:00:00+00:00,10077.26108101097
2023-10-06 04:00:00+00:00,10077.26108101097
2023-10-06 05:00:00+00:00,10077.26108101097
2023-10-06 06:00:00+00:00,10077.26108101097
2023-10-06 07:00:00+00:00,10077.26108101097
2023-10-06 08:00:00+00:00,10077.26108101097
2023-10-06 09:00:00+00:00,10077.26108101097
2023-10-06 10:00:00+00:00,10077.26108101097
2023-10-06 11:00:00+00:00,10077.26108101097
2023-10-06 12:00:00+00:00,10077.26108101097
2023-10-06 13:00:00+00:00,10077.26108101097
2023-10-06 14:00:00+00:00,10163.293891320545
2023-10-06 15:00:00+00:00,10163.293891320545
2023-10-06 16:00:00+00:00,10239.041801955393
2023-10-06 17:00:00+00:00,10239.041801955393
2023-10-06 18:00:00+00:00,10210.340357793351
2023-10-06 19:00:00+00:00,10216.729639861624
2023-10-06 20:00:00+00:00,10216.729639861624
2023-10-06 21:00:00+00:00,10216.729639861624
2023-10-06 22:00:00+00:00,10216.729639861624
2023-10-06 23:00:00+00:00,10216.729639861624
2023-10-07 00:00:00+00:00,10318.454862609571
2023-10-09 02:00:00+00:00,10318.454862609571
2023-10-09 03:00:00+00:00,10318.454862609571
2023-10-09 04:00:00+00:00,10318.454862609571
2023-10-09 05:00:00+00:00,10318.454862609571
2023-10-09 06:00:00+00:00,10318.454862609571
2023-10-09 07:00:00+00:00,10318.454862609571
2023-10-09 08:00:00+00:00,10319.036655771673
2023-10-09 09:00:00+00:00,10319.036655771673
2023-10-09 10:00:00+00:00,10319.036655771673
2023-10-09 11:00:00+00:00,10319.036655771673
2023-10-09 12:00:00+00:00,10319.036655771673
2023-10-09 13:00:00+00:00,10319.036655771673
2023-10-09 14:00:00+00:00,10319.036655771673
2023-10-09 15:00:00+00:00,10319.036655771673
2023-10-09 16:00:00+00:00,10266.967154094042
2023-10-09 17:00:00+00:00,10266.967154094042
2023-10-09 18:00:00+00:00,10266.967154094042
2023-10-09 19:00:00+00:00,10266.967154094042
2023-10-09 20:00:00+00:00,10266.967154094042
2023-10-09 21:00:00+00:00,10263.228795026454
2023-10-09 22:00:00+00:00,10263.228795026454
2023-10-09 23:00:00+00:00,10263.228795026454
2023-10-10 00:00:00+00:00,10263.228795026454
2023-10-10 02:00:00+00:00,10263.228795026454
2023-10-10 03:00:00+00:00,10263.228795026454
2023-10-10 04:00:00+00:00,10263.228795026454
2023-10-10 05:00:00+00:00,10263.228795026454
2023-10-10 06:00:00+00:00,10263.228795026454
2023-10-10 07:00:00+00:00,10238.62763098632
2023-10-10 08:00:00+00:00,10238.62763098632
2023-10-10 09:00:00+00:00,10186.82816615228
2023-10-10 10:00:00+00:00,10186.82816615228
2023-10-10 11:00:00+00:00,10186.82816615228
2023-10-10 12:00:00+00:00,10186.82816615228
2023-10-10 13:00:00+00:00,10135.2327955119
2023-10-10 14:00:00+00:00,10084.16029791306
2023-10-10 15:00:00+00:00,10084.16029791306
2023-10-10 16:00:00+00:00,10134.220699104391
2023-10-10 17:00:00+00:00,10134.220699104391
2023-10-10 18:00:00+00:00,10134.220699104391
2023-10-10 19:00:00+00:00,10134.220699104391
2023-10-10 20:00:00+00:00,10134.220699104391
2023-10-10 21:00:00+00:00,10134.220699104391
2023-10-10 22:00:00+00:00,10134.220699104391
2023-10-10 23:00:00+00:00,10134.220699104391
2023-10-11 00:00:00+00:00,10134.220699104391
2023-10-11 02:00:00+00:00,10134.220699104391
2023-10-11 03:00:00+00:00,10134.220699104391
2023-10-11 04:00:00+00:00,10083.251519529302
2023-10-11 05:00:00+00:00,10083.251519529302
2023-10-11 06:00:00+00:00,10083.251519529302
2023-10-11 07:00:00+00:00,10083.251519529302
2023-10-11 08:00:00+00:00,10080.097689243832
2023-10-11 09:00:00+00:00,10080.097689243832
2023-10-11 10:00:00+00:00,10080.097689243832
2023-10-11 11:00:00+00:00,10080.097689243832
2023-10-11 12:00:00+00:00,10080.097689243832
2023-10-11 13:00:00+00:00,10080.097689243832
2023-10-11 14:00:00+00:00,10068.75570637371
2023-10-11 15:00:00+00:00,10068.75570637371
2023-10-11 16:00:00+00:00,10068.75570637371
2023-10-11 17:00:00+00:00,10068.75570637371
2023-10-11 18:00:00+00:00,10118.774034573693
2023-10-11 19:00:00+00:00,10118.774034573693
2023-10-11 20:00:00+00:00,10118.774034573693
2023-10-11 21:00:00+00:00,10118.774034573693
2023-10-11 22:00:00+00:00,10118.774034573693
2023-10-11 23:00:00+00:00,10169.02490929613
2023-10-12 00:00:00+00:00,10169.02490929613
2023-10-12 02:00:00+00:00,10169.02490929613
2023-10-12 03:00:00+00:00,10169.02490929613
2023-10-12 04:00:00+00:00,10169.02490929613
2023-10-12 05:00:00+00:00,10169.02490929613
2023-10-12 06:00:00+00:00,10169.02490929613
2023-10-12 07:00:00+00:00,10153.225573029558
2023-10-12 08:00:00+00:00,10153.225573029558
2023-10-12 09:00:00+00:00,10153.225573029558
2023-10-12 10:00:00+00:00,10153.225573029558
2023-10-12 11:00:00+00:00,10153.225573029558
2023-10-12 12:00:00+00:00,10153.225573029558
2023-10-12 13:00:00+00:00,10153.225573029558
2023-10-12 14:00:00+00:00,10153.225573029558
2023-10-12 15:00:00+00:00,10101.901979955923
2023-10-12 16:00:00+00:00,10101.901979955923
2023-10-12 17:00:00+00:00,10101.901979955923
2023-10-12 18:00:00+00:00,10101.901979955923
2023-10-12 19:00:00+00:00,10101.901979955923
2023-10-12 20:00:00+00:00,10101.901979955923
2023-10-12 21:00:00+00:00,10101.901979955923
2023-10-12 22:00:00+00:00,10101.901979955923
2023-10-12 23:00:00+00:00,10101.901979955923
2023-10-13 00:00:00+00:00,10101.901979955923
2023-10-13 02:00:00+00:00,10101.901979955923
2023-10-13 03:00:00+00:00,10070.937165092608
2023-10-13 04:00:00+00:00,10070.937165092608
2023-10-13 05:00:00+00:00,10120.893339611512
2023-10-13 06:00:00+00:00,10120.893339611512
2023-10-13 07:00:00+00:00,10120.893339611512
2023-10-13 08:00:00+00:00,10120.893339611512
2023-10-13 09:00:00+00:00,10033.656740993301
2023-10-13 10:00:00+00:00,10033.656740993301
2023-10-13 11:00:00+00:00,10033.656740993301
2023-10-13 12:00:00+00:00,10033.656740993301
2023-10-13 13:00:00+00:00,10023.19603387851
2023-10-13 14:00:00+00:00,10023.19603387851
2023-10-13 15:00:00+00:00,10023.19603387851
2023-10-13 16:00:00+00:00,10023.19603387851
2023-10-13 17:00:00+00:00,10023.19603387851
2023-10-13 18:00:00+00:00,9991.11460889064
2023-10-13 19:00:00+00:00,9991.11460889064
2023-10-13 20:00:00+00:00,9959.149578460125
2023-10-13 21:00:00+00:00,9959.149578460125
2023-10-13 22:00:00+00:00,9959.149578460125
2023-10-13 23:00:00+00:00,9959.149578460125
2023-10-14 00:00:00+00:00,9951.41428879502
2023-10-16 02:00:00+00:00,9951.41428879502
2023-10-16 03:00:00+00:00,9951.41428879502
2023-10-16 04:00:00+00:00,9951.41428879502
2023-10-16 05:00:00+00:00,9951.41428879502
2023-10-16 06:00:00+00:00,9951.41428879502
2023-10-16 07:00:00+00:00,9939.821739810277
2023-10-16 08:00:00+00:00,9939.821739810277
2023-10-16 09:00:00+00:00,9939.821739810277
2023-10-16 10:00:00+00:00,9939.821739810277
2023-10-16 11:00:00+00:00,9939.821739810277
2023-10-16 12:00:00+00:00,9939.821739810277
2023-10-16 13:00:00+00:00,9939.821739810277
2023-10-16 14:00:00+00:00,9939.821739810277
2023-10-16 15:00:00+00:00,9939.821739810277
2023-10-16 16:00:00+00:00,9939.821739810277
2023-10-16 17:00:00+00:00,9939.821739810277
2023-10-16 18:00:00+00:00,10014.095193437817
2023-10-16 19:00:00+00:00,10014.095193437817
2023-10-16 20:00:00+00:00,10014.095193437817
2023-10-16 21:00:00+00:00,10014.095193437817
2023-10-16 22:00:00+00:00,10014.095193437817
2023-10-16 23:00:00+00:00,10014.095193437817
2023-10-17 00:00:00+00:00,9994.929680641977
2023-10-17 02:00:00+00:00,10069.568838141748
2023-10-17 03:00:00+00:00,10069.568838141748
2023-10-17 04:00:00+00:00,10069.568838141748
2023-10-17 05:00:00+00:00,10069.568838141748
2023-10-17 06:00:00+00:00,10069.568838141748
2023-10-17 07:00:00+00:00,10069.568838141748
2023-10-17 08:00:00+00:00,10069.568838141748
2023-10-17 09:00:00+00:00,10069.568838141748
2023-10-17 10:00:00+00:00,10069.568838141748
2023-10-17 11:00:00+00:00,10121.8071993395
2023-10-17 12:00:00+00:00,10121.8071993395
2023-10-17 13:00:00+00:00,10121.8071993395
2023-10-17 14:00:00+00:00,10121.8071993395
2023-10-17 15:00:00+00:00,10121.8071993395
2023-10-17 16:00:00+00:00,10121.8071993395
2023-10-17 17:00:00+00:00,10121.8071993395
2023-10-17 18:00:00+00:00,10121.8071993395
2023-10-17 19:00:00+00:00,10121.8071993395
2023-10-17 20:00:00+00:00,10121.8071993395
2023-10-17 21:00:00+00:00,10197.517963437125
2023-10-17 22:00:00+00:00,10197.517963437125
2023-10-17 23:00:00+00:00,10197.517963437125
2023-10-18 00:00:00+00:00,10248.196623448448
2023-10-18 02:00:00+00:00,10248.196623448448
2023-10-18 03:00:00+00:00,10215.33189123788
2023-10-18 04:00:00+00:00,10215.33189123788
2023-10-18 05:00:00+00:00,10230.378552091426
2023-10-18 06:00:00+00:00,10230.378552091426
2023-10-18 07:00:00+00:00,10231.10978414549
2023-10-18 08:00:00+00:00,10231.10978414549
2023-10-18 09:00:00+00:00,10231.10978414549
2023-10-18 10:00:00+00:00,10231.10978414549
2023-10-18 11:00:00+00:00,10231.10978414549
2023-10-18 12:00:00+00:00,10307.625121263532
2023-10-18 13:00:00+00:00,10307.625121263532
2023-10-18 14:00:00+00:00,10307.625121263532
2023-10-18 15:00:00+00:00,10255.83354446804
2023-10-18 16:00:00+00:00,10306.893202854168
2023-10-18 17:00:00+00:00,10306.893202854168
2023-10-18 18:00:00+00:00,10296.737763447398
2023-10-18 19:00:00+00:00,10296.737763447398
2023-10-25 07:00:00+00:00,10296.737763447398
2023-10-25 08:00:00+00:00,10296.737763447398
2023-10-25 09:00:00+00:00,10296.737763447398
2023-10-25 10:00:00+00:00,10297.273569321891
2023-10-25 11:00:00+00:00,10297.273569321891
2023-10-25 12:00:00+00:00,10297.273569321891
2023-10-25 13:00:00+00:00,10297.273569321891
2023-10-25 14:00:00+00:00,10297.273569321891
2023-10-25 15:00:00+00:00,10297.273569321891
2023-10-25 16:00:00+00:00,10297.273569321891
2023-10-25 17:00:00+00:00,10297.273569321891
2023-10-25 18:00:00+00:00,10297.273569321891
2023-10-25 19:00:00+00:00,10297.273569321891
2023-10-25 20:00:00+00:00,10297.273569321891
2023-10-25 21:00:00+00:00,10297.273569321891
2023-10-25 22:00:00+00:00,10297.273569321891
2023-10-25 23:00:00+00:00,10297.273569321891
2023-10-26 00:00:00+00:00,10311.51342073197
2023-10-26 02:00:00+00:00,10311.51342073197
2023-10-26 03:00:00+00:00,10311.51342073197
2023-10-26 04:00:00+00:00,10362.60322268678
2023-10-26 05:00:00+00:00,10362.60322268678
2023-10-26 06:00:00+00:00,10362.60322268678
2023-10-26 07:00:00+00:00,10362.60322268678
2023-10-26 08:00:00+00:00,10362.60322268678
2023-10-26 09:00:00+00:00,10398.961159652497
2023-10-26 10:00:00+00:00,10398.961159652497
2023-10-26 11:00:00+00:00,10398.961159652497
2023-10-26 12:00:00+00:00,10398.961159652497
2023-10-26 13:00:00+00:00,10398.961159652497
2023-10-26 14:00:00+00:00,10398.961159652497
2023-10-26 15:00:00+00:00,10398.961159652497
2023-10-26 16:00:00+00:00,10450.691314034935
2023-10-26 17:00:00+00:00,10450.691314034935
2023-10-26 18:00:00+00:00,10397.911978803431
2023-10-26 19:00:00+00:00,10397.911978803431
2023-10-26 20:00:00+00:00,10397.911978803431
2023-10-26 21:00:00+00:00,10397.911978803431
2023-10-26 22:00:00+00:00,10403.827796653108
2023-10-26 23:00:00+00:00,10403.827796653108
2023-10-27 00:00:00+00:00,10403.827796653108
2023-10-27 02:00:00+00:00,10403.827796653108
2023-10-27 03:00:00+00:00,10455.502942941195
2023-10-27 04:00:00+00:00,10455.502942941195
2023-10-27 05:00:00+00:00,10455.502942941195
2023-10-27 06:00:00+00:00,10455.502942941195
2023-10-27 07:00:00+00:00,10455.502942941195
2023-10-27 08:00:00+00:00,10473.442901841052
2023-10-27 09:00:00+00:00,10467.293225426227
2023-10-27 10:00:00+00:00,10467.293225426227
2023-10-27 11:00:00+00:00,10467.293225426227
2023-10-27 12:00:00+00:00,10467.293225426227
2023-10-27 13:00:00+00:00,10467.293225426227
2023-10-27 14:00:00+00:00,10467.293225426227
2023-10-27 15:00:00+00:00,10467.293225426227
2023-10-27 16:00:00+00:00,10467.293225426227
2023-10-27 17:00:00+00:00,10467.293225426227
2023-10-27 18:00:00+00:00,10467.293225426227
2023-10-27 19:00:00+00:00,10571.649034132864
2023-10-27 20:00:00+00:00,10518.114836028531
2023-10-27 21:00:00+00:00,10518.114836028531
2023-10-27 22:00:00+00:00,10518.114836028531
2023-10-27 23:00:00+00:00,10518.114836028531
2023-10-28 00:00:00+00:00,10518.114836028531
2023-10-30 02:00:00+00:00,10596.349587187853
2023-10-30 03:00:00+00:00,10542.928426315617
2023-10-30 04:00:00+00:00,10542.928426315617
2023-10-30 05:00:00+00:00,10489.849134005603
2023-10-30 06:00:00+00:00,10437.057505665809
2023-10-30 07:00:00+00:00,10437.057505665809
2023-10-30 08:00:00+00:00,10437.057505665809
2023-10-30 09:00:00+00:00,10437.057505665809
2023-10-30 10:00:00+00:00,10437.057505665809
2023-10-30 11:00:00+00:00,10437.057505665809
2023-10-30 12:00:00+00:00,10384.54543372955
2023-10-30 13:00:00+00:00,10384.54543372955
2023-10-30 14:00:00+00:00,10355.856527819607
2023-10-30 15:00:00+00:00,10355.856527819607
2023-10-30 16:00:00+00:00,10355.856527819607
2023-10-30 17:00:00+00:00,10355.856527819607
2023-10-30 18:00:00+00:00,10355.856527819607
2023-10-30 19:00:00+00:00,10355.856527819607
2023-10-30 20:00:00+00:00,10355.856527819607
2023-10-30 21:00:00+00:00,10355.856527819607
2023-10-30 22:00:00+00:00,10355.856527819607
2023-10-30 23:00:00+00:00,10458.90676117024
2023-10-31 00:00:00+00:00,10458.90676117024
2023-10-31 02:00:00+00:00,10458.90676117024
2023-10-31 03:00:00+00:00,10458.90676117024
2023-10-31 04:00:00+00:00,10458.90676117024
2023-10-31 05:00:00+00:00,10458.90676117024
2023-10-31 06:00:00+00:00,10510.80300809483
2023-10-31 07:00:00+00:00,10510.80300809483
2023-10-31 08:00:00+00:00,10510.80300809483
2023-10-31 09:00:00+00:00,10510.80300809483
2023-10-31 10:00:00+00:00,10510.80300809483
2023-10-31 11:00:00+00:00,10510.80300809483
2023-10-31 12:00:00+00:00,10510.80300809483
2023-10-31 13:00:00+00:00,10510.80300809483
2023-10-31 14:00:00+00:00,10510.80300809483
2023-10-31 15:00:00+00:00,10510.80300809483
2023-10-31 16:00:00+00:00,10510.80300809483
2023-10-31 17:00:00+00:00,10510.80300809483
2023-10-31 18:00:00+00:00,10510.80300809483
2023-10-31 19:00:00+00:00,10510.80300809483
2023-10-31 20:00:00+00:00,10589.39507864137
2023-10-31 21:00:00+00:00,10589.39507864137
2023-10-31 22:00:00+00:00,10589.39507864137
2023-10-31 23:00:00+00:00,10589.39507864137
2023-11-01 00:00:00+00:00,10589.39507864137
2023-11-01 02:00:00+00:00,10569.092362502484
2023-11-01 03:00:00+00:00,10569.092362502484
2023-11-01 04:00:00+00:00,10569.092362502484
2023-11-01 05:00:00+00:00,10569.092362502484
2023-11-01 06:00:00+00:00,10569.092362502484
2023-11-01 07:00:00+00:00,10569.092362502484
2023-11-01 08:00:00+00:00,10558.630651992707
2023-11-01 09:00:00+00:00,10558.630651992707
2023-11-01 10:00:00+00:00,10558.630651992707
2023-11-01 11:00:00+00:00,10558.630651992707
2023-11-01 12:00:00+00:00,10558.630651992707
2023-11-01 13:00:00+00:00,10558.630651992707
2023-11-01 14:00:00+00:00,10512.431293100457
2023-11-01 15:00:00+00:00,10512.431293100457
2023-11-01 16:00:00+00:00,10421.005449286544
2023-11-01 17:00:00+00:00,10368.328228549582
2023-11-01 18:00:00+00:00,10368.328228549582
2023-11-01 19:00:00+00:00,10315.95876240883
2023-11-01 20:00:00+00:00,10263.864170158393
2023-11-01 21:00:00+00:00,10263.864170158393
2023-11-01 22:00:00+00:00,10263.864170158393
2023-11-01 23:00:00+00:00,10263.864170158393
2023-11-02 00:00:00+00:00,10277.192088887165
2023-11-02 02:00:00+00:00,10277.192088887165
2023-11-02 03:00:00+00:00,10225.43896877834
2023-11-02 04:00:00+00:00,10225.43896877834
2023-11-02 05:00:00+00:00,10208.242977895494
2023-11-02 06:00:00+00:00,10208.242977895494
2023-11-02 07:00:00+00:00,10208.242977895494
2023-11-02 08:00:00+00:00,10208.242977895494
2023-11-02 09:00:00+00:00,10257.483411189554
2023-11-02 10:00:00+00:00,10257.483411189554
2023-11-02 11:00:00+00:00,10257.483411189554
2023-11-02 12:00:00+00:00,10257.483411189554
2023-11-02 13:00:00+00:00,10257.483411189554
2023-11-02 14:00:00+00:00,10257.483411189554
2023-11-02 15:00:00+00:00,10257.483411189554
2023-11-02 16:00:00+00:00,10257.483411189554
2023-11-02 17:00:00+00:00,10257.483411189554
2023-11-02 18:00:00+00:00,10257.483411189554
2023-11-02 19:00:00+00:00,10308.482589104393
2023-11-02 20:00:00+00:00,10308.482589104393
2023-11-02 21:00:00+00:00,10256.337502433398
2023-11-02 22:00:00+00:00,10256.337502433398
2023-11-02 23:00:00+00:00,10256.337502433398
2023-11-03 00:00:00+00:00,10256.426912390783
2023-11-03 02:00:00+00:00,10256.426912390783
2023-11-03 03:00:00+00:00,10204.790574641656
2023-11-03 04:00:00+00:00,10204.790574641656
2023-11-03 05:00:00+00:00,10204.790574641656
2023-11-03 06:00:00+00:00,10204.790574641656
2023-11-03 07:00:00+00:00,10204.790574641656
2023-11-03 08:00:00+00:00,10204.790574641656
2023-11-03 09:00:00+00:00,10204.790574641656
2023-11-03 10:00:00+00:00,10281.028854863936
2023-11-03 11:00:00+00:00,10281.028854863936
2023-11-03 12:00:00+00:00,10281.028854863936
2023-11-03 13:00:00+00:00,10281.028854863936
2023-11-03 14:00:00+00:00,10281.028854863936
2023-11-03 15:00:00+00:00,10281.028854863936
2023-11-03 16:00:00+00:00,10281.028854863936
2023-11-03 17:00:00+00:00,10281.028854863936
2023-11-03 18:00:00+00:00,10281.028854863936
2023-11-03 19:00:00+00:00,10281.028854863936
2023-11-03 20:00:00+00:00,10281.028854863936
2023-11-03 21:00:00+00:00,10229.144918956594
2023-11-03 22:00:00+00:00,10229.144918956594
2023-11-03 23:00:00+00:00,10180.275199352745
2023-11-04 00:00:00+00:00,10128.719733591655
2023-11-06 02:00:00+00:00,10128.719733591655
2023-11-06 03:00:00+00:00,10128.719733591655
2023-11-06 04:00:00+00:00,10110.01466464306
2023-11-06 05:00:00+00:00,10082.135663454299
2023-11-06 06:00:00+00:00,10082.135663454299
2023-11-06 07:00:00+00:00,10073.725170368412
2023-11-06 08:00:00+00:00,10073.725170368412
2023-11-06 09:00:00+00:00,10073.725170368412
2023-11-06 10:00:00+00:00,10073.725170368412
2023-11-06 11:00:00+00:00,10073.725170368412
2023-11-06 12:00:00+00:00,10073.725170368412
2023-11-06 13:00:00+00:00,10073.725170368412
2023-11-06 14:00:00+00:00,10023.069060908276
2023-11-06 15:00:00+00:00,10072.64976879828
2023-11-06 16:00:00+00:00,10072.64976879828
2023-11-06 17:00:00+00:00,10147.698878729314
2023-11-06 18:00:00+00:00,10147.698878729314
2023-11-06 19:00:00+00:00,10096.66509050361
2023-11-06 20:00:00+00:00,10096.66509050361
2023-11-06 21:00:00+00:00,10096.66509050361
2023-11-06 22:00:00+00:00,10070.632494773638
2023-11-06 23:00:00+00:00,10070.632494773638
2023-11-07 00:00:00+00:00,10070.632494773638
2023-11-07 02:00:00+00:00,10120.692588632886
2023-11-07 03:00:00+00:00,10120.692588632886
2023-11-07 04:00:00+00:00,10120.692588632886
2023-11-07 05:00:00+00:00,10120.692588632886
2023-11-07 06:00:00+00:00,10120.692588632886
2023-11-07 07:00:00+00:00,10117.5047912902
2023-11-07 08:00:00+00:00,10117.5047912902
2023-11-07 09:00:00+00:00,10117.5047912902
2023-11-07 10:00:00+00:00,10117.5047912902
2023-11-07 11:00:00+00:00,10117.5047912902
2023-11-07 12:00:00+00:00,10117.5047912902
2023-11-07 13:00:00+00:00,10117.5047912902
2023-11-07 14:00:00+00:00,10117.5047912902
2023-11-07 15:00:00+00:00,10117.5047912902
2023-11-07 16:00:00+00:00,10117.5047912902
2023-11-07 17:00:00+00:00,10117.5047912902
2023-11-07 18:00:00+00:00,10117.5047912902
2023-11-07 19:00:00+00:00,10117.5047912902
2023-11-07 20:00:00+00:00,10117.5047912902
2023-11-07 21:00:00+00:00,10117.5047912902
2023-11-07 22:00:00+00:00,10117.5047912902
2023-11-07 23:00:00+00:00,10117.5047912902
2023-11-08 00:00:00+00:00,10166.523576016334
2023-11-08 02:00:00+00:00,10166.523576016334
2023-11-08 03:00:00+00:00,10166.523576016334
2023-11-08 04:00:00+00:00,10166.523576016334
2023-11-08 05:00:00+00:00,10115.313805303273
2023-11-08 06:00:00+00:00,10115.313805303273
2023-11-08 07:00:00+00:00,10115.313805303273
2023-11-08 08:00:00+00:00,10115.313805303273
2023-11-08 09:00:00+00:00,10115.313805303273
2023-11-08 10:00:00+00:00,10115.313805303273
2023-11-08 11:00:00+00:00,10115.313805303273
2023-11-08 12:00:00+00:00,10115.313805303273
2023-11-08 13:00:00+00:00,10115.313805303273
2023-11-08 14:00:00+00:00,10190.804527390836
2023-11-08 15:00:00+00:00,10190.804527390836
2023-11-08 16:00:00+00:00,10190.804527390836
2023-11-08 17:00:00+00:00,10190.804527390836
2023-11-08 18:00:00+00:00,10241.138008383867
2023-11-08 19:00:00+00:00,10241.138008383867
2023-11-08 20:00:00+00:00,10241.138008383867
2023-11-08 21:00:00+00:00,10241.138008383867
2023-11-08 22:00:00+00:00,10241.138008383867
2023-11-08 23:00:00+00:00,10317.540784573122
2023-11-09 00:00:00+00:00,10265.575733585818
2023-11-09 02:00:00+00:00,10213.926615436709
2023-11-09 03:00:00+00:00,10213.926615436709
2023-11-09 04:00:00+00:00,10264.692150050649
2023-11-09 05:00:00+00:00,10213.113742106494
2023-11-09 06:00:00+00:00,10213.113742106494
2023-11-09 07:00:00+00:00,10213.113742106494
2023-11-09 08:00:00+00:00,10194.243450339109
2023-11-09 09:00:00+00:00,10194.243450339109
2023-11-09 10:00:00+00:00,10194.243450339109
2023-11-09 11:00:00+00:00,10194.243450339109
2023-11-09 12:00:00+00:00,10194.243450339109
2023-11-09 13:00:00+00:00,10194.243450339109
2023-11-09 14:00:00+00:00,10194.243450339109
2023-11-09 15:00:00+00:00,10194.243450339109
2023-11-09 16:00:00+00:00,10194.243450339109
2023-11-09 17:00:00+00:00,10194.243450339109
2023-11-09 18:00:00+00:00,10194.243450339109
2023-11-09 19:00:00+00:00,10194.243450339109
2023-11-09 20:00:00+00:00,10194.243450339109
2023-11-09 21:00:00+00:00,10194.243450339109
2023-11-09 22:00:00+00:00,10194.243450339109
2023-11-09 23:00:00+00:00,10194.243450339109
2023-11-10 00:00:00+00:00,10194.243450339109
2023-11-10 02:00:00+00:00,10227.566118902781
2023-11-10 03:00:00+00:00,10227.566118902781
2023-11-10 04:00:00+00:00,10138.724746569022
2023-11-10 05:00:00+00:00,10138.724746569022
2023-11-10 06:00:00+00:00,10138.724746569022
2023-11-10 07:00:00+00:00,10138.724746569022
2023-11-10 08:00:00+00:00,10120.728312954023
2023-11-10 09:00:00+00:00,10069.689704900975
2023-11-10 10:00:00+00:00,10069.689704900975
2023-11-10 11:00:00+00:00,10069.689704900975
2023-11-10 12:00:00+00:00,10069.689704900975
2023-11-10 13:00:00+00:00,10069.689704900975
2023-11-10 14:00:00+00:00,10069.689704900975
2023-11-10 15:00:00+00:00,10037.565595339185
2023-11-10 16:00:00+00:00,9986.943532807112
2023-11-10 17:00:00+00:00,9986.943532807112
2023-11-10 18:00:00+00:00,9986.943532807112
2023-11-10 19:00:00+00:00,9986.943532807112
2023-11-10 20:00:00+00:00,9986.943532807112
2023-11-10 21:00:00+00:00,9986.943532807112
2023-11-10 22:00:00+00:00,9986.943532807112
2023-11-10 23:00:00+00:00,9986.943532807112
2023-11-11 00:00:00+00:00,9986.943532807112
2023-11-13 02:00:00+00:00,10007.04506215742
2023-11-13 03:00:00+00:00,10007.04506215742
2023-11-13 04:00:00+00:00,10007.04506215742
2023-11-13 05:00:00+00:00,10007.04506215742
2023-11-13 06:00:00+00:00,10007.04506215742
2023-11-13 07:00:00+00:00,10008.172825915213
2023-11-13 08:00:00+00:00,10008.172825915213
2023-11-13 09:00:00+00:00,10008.172825915213
2023-11-13 10:00:00+00:00,10008.172825915213
2023-11-13 11:00:00+00:00,9957.771608780691
2023-11-13 12:00:00+00:00,9957.771608780691
2023-11-13 13:00:00+00:00,9957.771608780691
2023-11-13 14:00:00+00:00,9957.771608780691
2023-11-13 15:00:00+00:00,9966.23357929951
2023-11-13 16:00:00+00:00,9926.78163415108
2023-11-13 17:00:00+00:00,9926.78163415108
2023-11-13 18:00:00+00:00,9887.350237533657
2023-11-13 19:00:00+00:00,9887.350237533657
2023-11-13 20:00:00+00:00,9887.350237533657
2023-11-13 21:00:00+00:00,9887.350237533657
2023-11-13 22:00:00+00:00,9855.80136433089
2023-11-13 23:00:00+00:00,9855.80136433089
2023-11-14 00:00:00+00:00,9855.80136433089
2023-11-14 02:00:00+00:00,9855.80136433089
2023-11-14 03:00:00+00:00,9855.80136433089
2023-11-14 04:00:00+00:00,9855.80136433089
2023-11-14 05:00:00+00:00,9855.80136433089
2023-11-14 06:00:00+00:00,9806.102274280183
2023-11-14 07:00:00+00:00,9806.102274280183
2023-11-14 08:00:00+00:00,9806.102274280183
2023-11-14 09:00:00+00:00,9806.102274280183
2023-11-14 10:00:00+00:00,9806.102274280183
2023-11-14 11:00:00+00:00,9878.971251968213
2023-11-14 12:00:00+00:00,9878.971251968213
2023-11-14 13:00:00+00:00,9878.971251968213
2023-11-14 14:00:00+00:00,9828.885444728765
2023-11-14 15:00:00+00:00,9877.370254903148
2023-11-14 16:00:00+00:00,9877.370254903148
2023-11-14 17:00:00+00:00,9877.370254903148
2023-11-14 18:00:00+00:00,9877.370254903148
2023-11-14 19:00:00+00:00,9877.370254903148
2023-11-14 20:00:00+00:00,9877.370254903148
2023-11-14 21:00:00+00:00,9877.370254903148
2023-11-14 22:00:00+00:00,9877.370254903148
2023-11-14 23:00:00+00:00,9877.370254903148
2023-11-15 00:00:00+00:00,9877.370254903148
2023-11-15 02:00:00+00:00,9898.301196848928
2023-11-15 03:00:00+00:00,9898.301196848928
2023-11-15 04:00:00+00:00,9898.301196848928
2023-11-15 05:00:00+00:00,9898.301196848928
2023-11-15 06:00:00+00:00,9898.301196848928
2023-11-15 07:00:00+00:00,9947.28108282805
2023-11-15 08:00:00+00:00,9947.28108282805
2023-11-15 09:00:00+00:00,9947.28108282805
2023-11-15 10:00:00+00:00,9947.28108282805
2023-11-15 11:00:00+00:00,9970.131205398084
2023-11-15 12:00:00+00:00,9970.131205398084
2023-11-15 13:00:00+00:00,9970.131205398084
2023-11-15 14:00:00+00:00,9970.131205398084
2023-11-15 15:00:00+00:00,9970.131205398084
2023-11-15 16:00:00+00:00,10069.501443375742
2023-11-15 17:00:00+00:00,10069.501443375742
2023-11-15 18:00:00+00:00,10032.286972916309
2023-11-15 19:00:00+00:00,10032.286972916309
2023-11-15 20:00:00+00:00,10032.286972916309
2023-11-15 21:00:00+00:00,10032.286972916309
2023-11-15 22:00:00+00:00,10032.286972916309
2023-11-15 23:00:00+00:00,10027.237725157307
2023-11-16 00:00:00+00:00,10027.237725157307
2023-11-16 02:00:00+00:00,10027.237725157307
2023-11-16 03:00:00+00:00,10027.237725157307
2023-11-16 04:00:00+00:00,10027.237725157307
2023-11-16 05:00:00+00:00,9976.730035548284
2023-11-16 06:00:00+00:00,9976.730035548284
2023-11-16 07:00:00+00:00,9976.730035548284
2023-11-16 08:00:00+00:00,9926.486824470388
2023-11-16 09:00:00+00:00,9926.486824470388
2023-11-16 10:00:00+00:00,9926.486824470388
2023-11-16 11:00:00+00:00,9903.461961570465
2023-11-16 12:00:00+00:00,9977.271838200637
2023-11-16 13:00:00+00:00,9977.271838200637
2023-11-16 14:00:00+00:00,9977.271838200637
2023-11-16 15:00:00+00:00,9926.930646893772
2023-11-16 16:00:00+00:00,9976.119747242512
2023-11-16 17:00:00+00:00,10025.576215735473
2023-11-16 18:00:00+00:00,10025.576215735473
2023-11-16 19:00:00+00:00,10025.576215735473
2023-11-16 20:00:00+00:00,9975.16854435001
2023-11-16 21:00:00+00:00,9975.16854435001
2023-11-16 22:00:00+00:00,9975.16854435001
2023-11-16 23:00:00+00:00,9975.16854435001
2023-11-17 00:00:00+00:00,9975.16854435001
2023-11-17 02:00:00+00:00,9975.16854435001
2023-11-17 03:00:00+00:00,9975.16854435001
2023-11-17 04:00:00+00:00,9975.16854435001
2023-11-17 05:00:00+00:00,9975.16854435001
2023-11-17 06:00:00+00:00,9975.16854435001
2023-11-17 07:00:00+00:00,10029.970582590182
2023-11-17 08:00:00+00:00,10026.76899846777
2023-11-17 09:00:00+00:00,10026.76899846777
2023-11-17 10:00:00+00:00,10026.76899846777
2023-11-17 11:00:00+00:00,10026.76899846777
2023-11-17 12:00:00+00:00,10026.76899846777
2023-11-17 13:00:00+00:00,10026.76899846777
2023-11-17 14:00:00+00:00,10105.228121026666
2023-11-17 15:00:00+00:00,10105.443198297575
2023-11-17 16:00:00+00:00,10105.443198297575
2023-11-17 17:00:00+00:00,10105.443198297575
2023-11-17 18:00:00+00:00,10105.443198297575
2023-11-17 19:00:00+00:00,10105.443198297575
2023-11-17 20:00:00+00:00,10105.443198297575
2023-11-17 21:00:00+00:00,10105.443198297575
2023-11-17 22:00:00+00:00,10105.443198297575
2023-11-17 23:00:00+00:00,10105.443198297575
2023-11-18 00:00:00+00:00,10105.443198297575
2023-11-20 02:00:00+00:00,10105.443198297575
2023-11-20 03:00:00+00:00,10105.443198297575
2023-11-20 04:00:00+00:00,10105.443198297575
2023-11-20 05:00:00+00:00,10105.443198297575
2023-11-20 06:00:00+00:00,10105.443198297575
2023-11-20 07:00:00+00:00,10128.090664092973
2023-11-20 08:00:00+00:00,10135.486433379114
2023-11-20 09:00:00+00:00,10135.486433379114
2023-11-20 10:00:00+00:00,10135.486433379114
2023-11-20 11:00:00+00:00,10135.486433379114
2023-11-20 12:00:00+00:00,10135.486433379114
2023-11-20 13:00:00+00:00,10135.486433379114
2023-11-20 14:00:00+00:00,10135.486433379114
2023-11-20 15:00:00+00:00,10135.486433379114
2023-11-20 16:00:00+00:00,10135.486433379114
2023-11-20 17:00:00+00:00,10135.486433379114
2023-11-20 18:00:00+00:00,10135.486433379114
2023-11-20 19:00:00+00:00,10135.486433379114
2023-11-20 20:00:00+00:00,10135.486433379114
2023-11-20 21:00:00+00:00,10135.486433379114
2023-11-20 22:00:00+00:00,10135.486433379114
2023-11-20 23:00:00+00:00,10135.486433379114
2023-11-21 00:00:00+00:00,10135.486433379114
2023-11-21 02:00:00+00:00,10135.486433379114
2023-11-21 03:00:00+00:00,10135.486433379114
2023-11-21 04:00:00+00:00,10135.486433379114
2023-11-21 05:00:00+00:00,10135.486433379114
2023-11-21 06:00:00+00:00,10135.486433379114
2023-11-21 07:00:00+00:00,10135.486433379114
2023-11-21 08:00:00+00:00,10135.486433379114
2023-11-21 09:00:00+00:00,10135.486433379114
2023-11-21 10:00:00+00:00,10135.486433379114
2023-11-21 11:00:00+00:00,10135.486433379114
2023-11-21 12:00:00+00:00,10135.486433379114
2023-11-21 13:00:00+00:00,10135.486433379114
2023-11-21 14:00:00+00:00,10135.486433379114
2023-11-21 15:00:00+00:00,10135.486433379114
2023-11-21 16:00:00+00:00,10211.00403335751
2023-11-21 17:00:00+00:00,10211.00403335751
2023-11-21 18:00:00+00:00,10211.00403335751
2023-11-21 19:00:00+00:00,10199.030657730173
2023-11-21 20:00:00+00:00,10199.030657730173
2023-11-21 21:00:00+00:00,10199.030657730173
2023-11-21 22:00:00+00:00,10199.030657730173
2023-11-21 23:00:00+00:00,10199.030657730173
2023-11-22 00:00:00+00:00,10199.030657730173
2023-11-22 02:00:00+00:00,10199.030657730173
2023-11-22 03:00:00+00:00,10199.030657730173
2023-11-22 04:00:00+00:00,10199.030657730173
2023-11-22 05:00:00+00:00,10199.030657730173
2023-11-22 06:00:00+00:00,10147.663746855222
2023-11-22 07:00:00+00:00,10096.43851365233
2023-11-22 08:00:00+00:00,10096.43851365233
2023-11-22 09:00:00+00:00,10096.43851365233
2023-11-22 10:00:00+00:00,10096.43851365233
2023-11-22 11:00:00+00:00,10096.43851365233
2023-11-22 12:00:00+00:00,10096.43851365233
2023-11-22 13:00:00+00:00,10096.43851365233
2023-11-22 14:00:00+00:00,10096.43851365233
2023-11-22 15:00:00+00:00,10096.43851365233
2023-11-22 16:00:00+00:00,10096.43851365233
2023-11-22 17:00:00+00:00,10096.43851365233
2023-11-22 18:00:00+00:00,10096.43851365233
2023-11-22 19:00:00+00:00,10096.43851365233
2023-11-22 20:00:00+00:00,10096.43851365233
2023-11-22 21:00:00+00:00,10171.696312966997
2023-11-22 22:00:00+00:00,10120.132973362706
2023-11-22 23:00:00+00:00,10120.132973362706
2023-11-23 00:00:00+00:00,10120.132973362706
2023-11-23 02:00:00+00:00,10120.132973362706
2023-11-23 03:00:00+00:00,10069.092779719638
2023-11-23 04:00:00+00:00,10069.092779719638
2023-11-23 05:00:00+00:00,10069.092779719638
2023-11-23 06:00:00+00:00,10069.092779719638
2023-11-23 07:00:00+00:00,10069.092779719638
2023-11-23 08:00:00+00:00,10069.092779719638
2023-11-23 09:00:00+00:00,10069.092779719638
2023-11-23 10:00:00+00:00,10069.092779719638
2023-11-23 11:00:00+00:00,10069.092779719638
2023-11-23 12:00:00+00:00,10069.092779719638
2023-11-23 13:00:00+00:00,10069.092779719638
2023-11-23 14:00:00+00:00,10069.092779719638
2023-11-23 15:00:00+00:00,10069.092779719638
2023-11-23 16:00:00+00:00,10069.092779719638
2023-11-23 17:00:00+00:00,10069.092779719638
2023-11-23 18:00:00+00:00,10069.092779719638
2023-11-23 19:00:00+00:00,10144.195473150949
2023-11-23 20:00:00+00:00,10092.96557702995
2023-11-23 21:00:00+00:00,10041.927714507754
2023-11-23 22:00:00+00:00,9991.377586792478
2023-11-23 23:00:00+00:00,9991.377586792478
2023-11-24 00:00:00+00:00,9998.780736238592
2023-11-24 02:00:00+00:00,9998.780736238592
2023-11-24 03:00:00+00:00,9998.780736238592
2023-11-24 04:00:00+00:00,9998.780736238592
2023-11-24 05:00:00+00:00,9998.780736238592
2023-11-24 06:00:00+00:00,9998.780736238592
2023-11-24 07:00:00+00:00,9982.04071160082
2023-11-24 08:00:00+00:00,9982.04071160082
2023-11-24 09:00:00+00:00,9982.04071160082
2023-11-24 10:00:00+00:00,9982.04071160082
2023-11-24 11:00:00+00:00,9982.04071160082
2023-11-24 12:00:00+00:00,9982.04071160082
2023-11-24 13:00:00+00:00,9982.04071160082
2023-11-24 14:00:00+00:00,9982.04071160082
2023-11-24 15:00:00+00:00,9931.567614730478
2023-11-24 16:00:00+00:00,9931.567614730478
2023-11-24 17:00:00+00:00,9881.389145028326
2023-11-24 18:00:00+00:00,9881.389145028326
2023-11-24 19:00:00+00:00,9786.08171931941
2023-11-24 20:00:00+00:00,9786.08171931941
2023-11-24 21:00:00+00:00,9760.306147078158
2023-11-24 22:00:00+00:00,9760.306147078158
2023-11-24 23:00:00+00:00,9760.306147078158
2023-11-25 00:00:00+00:00,9760.306147078158
2023-11-27 02:00:00+00:00,9760.306147078158
2023-11-27 03:00:00+00:00,9760.306147078158
2023-11-27 04:00:00+00:00,9745.516254311164
2023-11-27 05:00:00+00:00,9745.516254311164
2023-11-27 06:00:00+00:00,9745.516254311164
2023-11-27 07:00:00+00:00,9745.516254311164
2023-11-27 08:00:00+00:00,9721.62678642178
2023-11-27 09:00:00+00:00,9721.62678642178
2023-11-27 10:00:00+00:00,9721.62678642178
2023-11-27 11:00:00+00:00,9777.216733652349
2023-11-27 12:00:00+00:00,9777.216733652349
2023-11-27 13:00:00+00:00,9777.216733652349
2023-11-27 14:00:00+00:00,9728.166981953615
2023-11-27 15:00:00+00:00,9873.968347477326
2023-11-27 16:00:00+00:00,9873.968347477326
2023-11-27 17:00:00+00:00,9873.968347477326
2023-11-27 18:00:00+00:00,9873.968347477326
2023-11-27 19:00:00+00:00,9873.968347477326
2023-11-27 20:00:00+00:00,9873.968347477326
2023-11-27 21:00:00+00:00,9873.968347477326
2023-11-27 22:00:00+00:00,9873.968347477326
2023-11-27 23:00:00+00:00,9873.968347477326
2023-11-28 00:00:00+00:00,9873.968347477326
2023-11-28 02:00:00+00:00,9873.968347477326
2023-11-28 03:00:00+00:00,9899.584971246377
2023-11-28 04:00:00+00:00,9897.818139543611
2023-11-28 05:00:00+00:00,9897.818139543611
2023-11-28 06:00:00+00:00,9897.818139543611
2023-11-28 07:00:00+00:00,9897.818139543611
2023-11-28 08:00:00+00:00,9897.818139543611
2023-11-28 09:00:00+00:00,9897.818139543611
2023-11-28 10:00:00+00:00,9919.151938587707
2023-11-28 11:00:00+00:00,9894.95736693311
2023-11-28 12:00:00+00:00,9894.95736693311
2023-11-28 13:00:00+00:00,9894.95736693311
2023-11-28 14:00:00+00:00,9894.95736693311
2023-11-28 15:00:00+00:00,9894.95736693311
2023-11-28 16:00:00+00:00,9894.95736693311
2023-11-28 17:00:00+00:00,9894.95736693311
2023-11-28 18:00:00+00:00,9894.95736693311
2023-11-28 19:00:00+00:00,9894.95736693311
2023-11-28 20:00:00+00:00,9894.95736693311
2023-11-28 21:00:00+00:00,9894.95736693311
2023-11-28 22:00:00+00:00,9894.95736693311
2023-11-28 23:00:00+00:00,9894.95736693311
2023-11-29 00:00:00+00:00,9894.95736693311
2023-11-29 02:00:00+00:00,9894.95736693311
2023-11-29 03:00:00+00:00,9894.95736693311
2023-11-29 04:00:00+00:00,9894.95736693311
2023-11-29 05:00:00+00:00,9894.95736693311
2023-11-29 06:00:00+00:00,9894.95736693311
2023-11-29 07:00:00+00:00,9894.95736693311
2023-11-29 08:00:00+00:00,9894.95736693311
2023-11-29 09:00:00+00:00,9993.750664330662
2023-11-29 10:00:00+00:00,9993.750664330662
2023-11-29 11:00:00+00:00,9993.750664330662
2023-11-29 12:00:00+00:00,9993.750664330662
2023-11-29 13:00:00+00:00,9993.750664330662
2023-11-29 14:00:00+00:00,9993.750664330662
2023-11-29 15:00:00+00:00,10006.609902312894
2023-11-29 16:00:00+00:00,10006.609902312894
2023-11-29 17:00:00+00:00,10006.609902312894
2023-11-29 18:00:00+00:00,10006.609902312894
2023-11-29 19:00:00+00:00,10006.609902312894
2023-11-29 20:00:00+00:00,10006.609902312894
2023-11-29 21:00:00+00:00,10006.609902312894
2023-11-29 22:00:00+00:00,10006.609902312894
2023-11-29 23:00:00+00:00,10006.609902312894
2023-11-30 00:00:00+00:00,10006.609902312894
2023-11-30 02:00:00+00:00,10006.609902312894
2023-11-30 03:00:00+00:00,10006.609902312894
2023-11-30 04:00:00+00:00,10006.609902312894
2023-11-30 05:00:00+00:00,10006.609902312894
2023-11-30 06:00:00+00:00,10006.609902312894
2023-11-30 07:00:00+00:00,10006.609902312894
2023-11-30 08:00:00+00:00,10006.609902312894
2023-11-30 09:00:00+00:00,10006.609902312894
2023-11-30 10:00:00+00:00,10006.609902312894
2023-11-30 11:00:00+00:00,10081.285780663795
2023-11-30 12:00:00+00:00,10030.542928451263
2023-11-30 13:00:00+00:00,10030.542928451263
2023-11-30 14:00:00+00:00,10030.542928451263
2023-11-30 15:00:00+00:00,10030.542928451263
2023-11-30 16:00:00+00:00,10030.542928451263
2023-11-30 17:00:00+00:00,10030.542928451263
2023-11-30 18:00:00+00:00,10030.542928451263
2023-11-30 19:00:00+00:00,10030.542928451263
2023-11-30 20:00:00+00:00,10030.542928451263
2023-11-30 21:00:00+00:00,10030.542928451263
2023-11-30 22:00:00+00:00,10030.542928451263
2023-11-30 23:00:00+00:00,10030.542928451263
2023-12-01 00:00:00+00:00,10030.542928451263
2023-12-01 02:00:00+00:00,10030.542928451263
2023-12-01 03:00:00+00:00,10030.542928451263
2023-12-01 04:00:00+00:00,10030.542928451263
2023-12-01 05:00:00+00:00,10030.542928451263
2023-12-01 06:00:00+00:00,10047.035247093285
2023-12-01 07:00:00+00:00,10044.549774326706
2023-12-01 08:00:00+00:00,10044.549774326706
2023-12-01 09:00:00+00:00,10044.714252234435
2023-12-01 10:00:00+00:00,10044.714252234435
2023-12-01 11:00:00+00:00,10044.714252234435
2023-12-01 12:00:00+00:00,10044.714252234435
2023-12-01 13:00:00+00:00,10044.714252234435
2023-12-01 14:00:00+00:00,10044.714252234435
2023-12-01 15:00:00+00:00,10044.714252234435
2023-12-01 16:00:00+00:00,10044.714252234435
2023-12-01 17:00:00+00:00,10044.714252234435
2023-12-01 18:00:00+00:00,9994.009898761282
2023-12-01 19:00:00+00:00,9994.009898761282
2023-12-01 20:00:00+00:00,9994.009898761282
2023-12-01 21:00:00+00:00,9994.009898761282
2023-12-01 22:00:00+00:00,9994.009898761282
2023-12-01 23:00:00+00:00,9994.009898761282
2023-12-02 00:00:00+00:00,9994.009898761282
2023-12-04 02:00:00+00:00,9994.009898761282
2023-12-04 03:00:00+00:00,9994.009898761282
2023-12-04 04:00:00+00:00,9994.009898761282
2023-12-04 05:00:00+00:00,9994.009898761282
2023-12-04 06:00:00+00:00,10023.456008359157
2023-12-04 07:00:00+00:00,10017.015335993923
2023-12-04 08:00:00+00:00,10017.015335993923
2023-12-04 09:00:00+00:00,10017.015335993923
2023-12-04 10:00:00+00:00,10017.015335993923
2023-12-04 11:00:00+00:00,10017.015335993923
2023-12-04 12:00:00+00:00,10017.015335993923
2023-12-04 13:00:00+00:00,10017.015335993923
2023-12-04 14:00:00+00:00,10017.015335993923
2023-12-04 15:00:00+00:00,10019.518962715822
2023-12-04 16:00:00+00:00,10019.518962715822
2023-12-04 17:00:00+00:00,10019.518962715822
2023-12-04 18:00:00+00:00,10019.518962715822
2023-12-04 19:00:00+00:00,10019.518962715822
2023-12-04 20:00:00+00:00,10019.518962715822
2023-12-04 21:00:00+00:00,10019.518962715822
2023-12-04 22:00:00+00:00,10019.518962715822
2023-12-04 23:00:00+00:00,10019.518962715822
2023-12-05 00:00:00+00:00,10032.2723329749
2023-12-05 02:00:00+00:00,10032.2723329749
2023-12-05 03:00:00+00:00,10032.2723329749
2023-12-05 04:00:00+00:00,10032.2723329749
2023-12-05 05:00:00+00:00,10032.2723329749
2023-12-05 06:00:00+00:00,10032.2723329749
2023-12-05 07:00:00+00:00,10036.928673533395
2023-12-05 08:00:00+00:00,10036.928673533395
2023-12-05 09:00:00+00:00,10111.811438444709
2023-12-05 10:00:00+00:00,10111.811438444709
2023-12-05 11:00:00+00:00,10060.555763903605
2023-12-05 12:00:00+00:00,10060.555763903605
2023-12-05 13:00:00+00:00,10039.981218652325
2023-12-05 14:00:00+00:00,10039.981218652325
2023-12-05 15:00:00+00:00,10019.535469321238
2023-12-05 16:00:00+00:00,10019.535469321238
2023-12-05 17:00:00+00:00,10019.535469321238
2023-12-05 18:00:00+00:00,10019.535469321238
2023-12-05 19:00:00+00:00,10019.535469321238
2023-12-05 20:00:00+00:00,10019.535469321238
2023-12-05 21:00:00+00:00,10019.535469321238
2023-12-05 22:00:00+00:00,10031.545152494515
2023-12-05 23:00:00+00:00,9981.170812488836
2023-12-06 00:00:00+00:00,9931.058414240038
2023-12-06 02:00:00+00:00,9881.222746783504
2023-12-06 03:00:00+00:00,9881.222746783504
2023-12-06 04:00:00+00:00,9881.222746783504
2023-12-06 05:00:00+00:00,9831.650986918376
2023-12-06 06:00:00+00:00,9831.650986918376
2023-12-06 07:00:00+00:00,9831.650986918376
2023-12-06 08:00:00+00:00,9831.650986918376
2023-12-06 09:00:00+00:00,9831.650986918376
2023-12-06 10:00:00+00:00,9831.650986918376
2023-12-06 11:00:00+00:00,9831.650986918376
2023-12-06 12:00:00+00:00,9831.650986918376
2023-12-06 13:00:00+00:00,9831.650986918376
2023-12-06 14:00:00+00:00,9831.650986918376
2023-12-06 15:00:00+00:00,9831.650986918376
2023-12-06 16:00:00+00:00,9831.650986918376
2023-12-06 17:00:00+00:00,9831.650986918376
2023-12-06 18:00:00+00:00,9831.650986918376
2023-12-06 19:00:00+00:00,9831.650986918376
2023-12-06 20:00:00+00:00,9831.650986918376
2023-12-06 21:00:00+00:00,9905.240635737995
2023-12-06 22:00:00+00:00,9905.240635737995
2023-12-06 23:00:00+00:00,9905.240635737995
2023-12-07 00:00:00+00:00,9905.240635737995
2023-12-07 02:00:00+00:00,9927.108839401964
2023-12-07 03:00:00+00:00,9927.108839401964
2023-12-07 04:00:00+00:00,9976.501617353404
2023-12-07 05:00:00+00:00,9976.501617353404
2023-12-07 06:00:00+00:00,9976.501617353404
2023-12-07 07:00:00+00:00,10125.911771278094
2023-12-07 08:00:00+00:00,10125.911771278094
2023-12-07 09:00:00+00:00,10125.911771278094
2023-12-07 10:00:00+00:00,10125.911771278094
2023-12-07 11:00:00+00:00,10125.911771278094
2023-12-07 12:00:00+00:00,10125.911771278094
2023-12-07 13:00:00+00:00,10125.911771278094
2023-12-07 14:00:00+00:00,10125.911771278094
2023-12-07 15:00:00+00:00,10125.911771278094
2023-12-07 16:00:00+00:00,10112.103468906223
2023-12-07 17:00:00+00:00,10112.103468906223
2023-12-07 18:00:00+00:00,10112.103468906223
2023-12-07 19:00:00+00:00,10112.103468906223
2023-12-07 20:00:00+00:00,10112.103468906223
2023-12-07 21:00:00+00:00,10112.103468906223
2023-12-07 22:00:00+00:00,10112.103468906223
2023-12-07 23:00:00+00:00,10162.475372721907
2023-12-08 00:00:00+00:00,10162.475372721907
2023-12-08 02:00:00+00:00,10162.475372721907
2023-12-08 03:00:00+00:00,10162.475372721907
2023-12-08 04:00:00+00:00,10166.673776405225
2023-12-08 05:00:00+00:00,10166.673776405225
2023-12-08 06:00:00+00:00,10166.673776405225
2023-12-08 07:00:00+00:00,10168.94578227428
2023-12-08 08:00:00+00:00,10154.640614372041
2023-12-08 09:00:00+00:00,10154.640614372041
2023-12-08 10:00:00+00:00,10145.48802706802
2023-12-08 11:00:00+00:00,10145.48802706802
2023-12-08 12:00:00+00:00,10094.286532162958
2023-12-08 13:00:00+00:00,10094.286532162958
2023-12-08 14:00:00+00:00,10094.286532162958
2023-12-08 15:00:00+00:00,10094.286532162958
2023-12-08 16:00:00+00:00,10092.95477861919
2023-12-08 17:00:00+00:00,10092.95477861919
2023-12-08 18:00:00+00:00,10092.95477861919
2023-12-08 19:00:00+00:00,10193.436950792811
2023-12-08 20:00:00+00:00,10142.040645014464
2023-12-08 21:00:00+00:00,10142.040645014464
2023-12-08 22:00:00+00:00,10142.040645014464
2023-12-08 23:00:00+00:00,10142.040645014464
2023-12-09 00:00:00+00:00,10142.040645014464
2023-12-11 02:00:00+00:00,10142.040645014464
2023-12-11 03:00:00+00:00,10142.040645014464
2023-12-11 04:00:00+00:00,10142.040645014464
2023-12-11 05:00:00+00:00,10142.040645014464
2023-12-11 06:00:00+00:00,10167.70669550471
2023-12-11 07:00:00+00:00,10164.389706356971
2023-12-11 08:00:00+00:00,10164.389706356971
2023-12-11 09:00:00+00:00,10164.389706356971
2023-12-11 10:00:00+00:00,10164.389706356971
2023-12-11 11:00:00+00:00,10164.389706356971
2023-12-11 12:00:00+00:00,10164.389706356971
2023-12-11 13:00:00+00:00,10164.389706356971
2023-12-11 14:00:00+00:00,10164.389706356971
2023-12-11 15:00:00+00:00,10164.389706356971
2023-12-11 16:00:00+00:00,10164.389706356971
2023-12-11 17:00:00+00:00,10164.389706356971
2023-12-11 18:00:00+00:00,10164.389706356971
2023-12-11 19:00:00+00:00,10164.389706356971
2023-12-11 20:00:00+00:00,10164.389706356971
2023-12-11 21:00:00+00:00,10164.389706356971
2023-12-11 22:00:00+00:00,10164.389706356971
2023-12-11 23:00:00+00:00,10164.389706356971
2023-12-12 00:00:00+00:00,10150.92684226387
2023-12-12 02:00:00+00:00,10150.92684226387
2023-12-12 03:00:00+00:00,10150.92684226387
2023-12-12 04:00:00+00:00,10150.92684226387
2023-12-12 05:00:00+00:00,10150.92684226387
2023-12-12 06:00:00+00:00,10150.92684226387
2023-12-12 07:00:00+00:00,10139.748107008234
2023-12-12 08:00:00+00:00,10139.748107008234
2023-12-12 09:00:00+00:00,10139.748107008234
2023-12-12 10:00:00+00:00,10139.748107008234
2023-12-12 11:00:00+00:00,10139.748107008234
2023-12-12 12:00:00+00:00,10139.748107008234
2023-12-12 13:00:00+00:00,10139.748107008234
2023-12-12 14:00:00+00:00,10139.748107008234
2023-12-12 15:00:00+00:00,10139.748107008234
2023-12-12 16:00:00+00:00,10139.748107008234
2023-12-12 17:00:00+00:00,10139.748107008234
2023-12-12 18:00:00+00:00,10139.748107008234
2023-12-12 19:00:00+00:00,10139.748107008234
2023-12-12 20:00:00+00:00,10139.748107008234
2023-12-12 21:00:00+00:00,10139.748107008234
2023-12-12 22:00:00+00:00,10215.57468191739
2023-12-12 23:00:00+00:00,10164.211265593794
2023-12-13 00:00:00+00:00,10164.211265593794
2023-12-13 02:00:00+00:00,10164.211265593794
2023-12-13 03:00:00+00:00,10164.211265593794
2023-12-13 04:00:00+00:00,10164.211265593794
2023-12-13 05:00:00+00:00,10164.211265593794
2023-12-13 06:00:00+00:00,10164.211265593794
2023-12-13 07:00:00+00:00,10172.059396638806
2023-12-13 08:00:00+00:00,10147.669576615968
2023-12-13 09:00:00+00:00,10147.669576615968
2023-12-13 10:00:00+00:00,10131.251753599307
2023-12-13 11:00:00+00:00,10131.251753599307
2023-12-13 12:00:00+00:00,10131.251753599307
2023-12-13 13:00:00+00:00,10131.251753599307
2023-12-13 14:00:00+00:00,10131.251753599307
2023-12-13 15:00:00+00:00,10131.251753599307
2023-12-13 16:00:00+00:00,10131.251753599307
2023-12-13 17:00:00+00:00,10131.251753599307
2023-12-13 18:00:00+00:00,10131.251753599307
2023-12-13 19:00:00+00:00,10131.251753599307
2023-12-13 20:00:00+00:00,10131.251753599307
2023-12-13 21:00:00+00:00,10131.251753599307
2023-12-13 22:00:00+00:00,10131.251753599307
2023-12-13 23:00:00+00:00,10131.251753599307
2023-12-14 00:00:00+00:00,10166.91590350135
2023-12-14 02:00:00+00:00,10166.91590350135
2023-12-14 03:00:00+00:00,10115.74463063578
2023-12-14 04:00:00+00:00,10115.74463063578
2023-12-14 05:00:00+00:00,10064.815598631878
2023-12-14 06:00:00+00:00,10064.815598631878
2023-12-14 07:00:00+00:00,10064.815598631878
2023-12-14 08:00:00+00:00,10064.815598631878
2023-12-14 09:00:00+00:00,10050.95731676744
2023-12-14 10:00:00+00:00,10000.159440233101
2023-12-14 11:00:00+00:00,10000.159440233101
2023-12-14 12:00:00+00:00,10000.159440233101
2023-12-14 13:00:00+00:00,10000.159440233101
2023-12-14 14:00:00+00:00,10000.159440233101
2023-12-14 15:00:00+00:00,10000.159440233101
2023-12-14 16:00:00+00:00,10000.159440233101
2023-12-14 17:00:00+00:00,9949.612842241866
2023-12-14 18:00:00+00:00,9998.787195270716
2023-12-14 19:00:00+00:00,9998.787195270716
2023-12-14 20:00:00+00:00,9998.787195270716
2023-12-14 21:00:00+00:00,9998.787195270716
2023-12-14 22:00:00+00:00,9948.232929236969
2023-12-14 23:00:00+00:00,9898.10787317746
2023-12-15 00:00:00+00:00,9898.10787317746
2023-12-15 02:00:00+00:00,9898.10787317746
2023-12-15 03:00:00+00:00,9898.10787317746
2023-12-15 04:00:00+00:00,9898.10787317746
2023-12-15 05:00:00+00:00,9898.10787317746
2023-12-15 06:00:00+00:00,9971.988185414162
2023-12-15 07:00:00+00:00,9971.988185414162
2023-12-15 08:00:00+00:00,9971.988185414162
2023-12-15 09:00:00+00:00,9971.988185414162
2023-12-15 10:00:00+00:00,9971.988185414162
2023-12-15 11:00:00+00:00,9983.68891570064
2023-12-15 12:00:00+00:00,9969.75803569721
2023-12-15 13:00:00+00:00,9969.75803569721
2023-12-15 14:00:00+00:00,9969.75803569721
2023-12-15 15:00:00+00:00,9969.75803569721
2023-12-15 16:00:00+00:00,9969.75803569721
2023-12-15 17:00:00+00:00,9937.204027576005
2023-12-15 18:00:00+00:00,9937.204027576005
2023-12-15 19:00:00+00:00,9937.204027576005
2023-12-15 20:00:00+00:00,9937.204027576005
2023-12-15 21:00:00+00:00,9937.204027576005
2023-12-15 22:00:00+00:00,9937.204027576005
2023-12-15 23:00:00+00:00,9937.204027576005
2023-12-16 00:00:00+00:00,9937.204027576005
2023-12-18 02:00:00+00:00,9937.204027576005
2023-12-18 03:00:00+00:00,9937.204027576005
2023-12-18 04:00:00+00:00,9937.204027576005
2023-12-18 05:00:00+00:00,9937.204027576005
2023-12-18 06:00:00+00:00,9937.204027576005
2023-12-18 07:00:00+00:00,9937.204027576005
2023-12-18 08:00:00+00:00,9936.404520984106
2023-12-18 09:00:00+00:00,9936.404520984106
2023-12-18 10:00:00+00:00,9936.404520984106
2023-12-18 11:00:00+00:00,9936.404520984106
2023-12-18 12:00:00+00:00,9936.404520984106
2023-12-18 13:00:00+00:00,9936.404520984106
2023-12-18 14:00:00+00:00,9936.404520984106
2023-12-18 15:00:00+00:00,9936.404520984106
2023-12-18 16:00:00+00:00,9936.404520984106
2023-12-18 17:00:00+00:00,10035.289040116402
2023-12-18 18:00:00+00:00,10035.289040116402
2023-12-18 19:00:00+00:00,9988.28443850662
2023-12-18 20:00:00+00:00,9988.28443850662
2023-12-18 21:00:00+00:00,9988.28443850662
2023-12-18 22:00:00+00:00,9988.28443850662
2023-12-18 23:00:00+00:00,9988.28443850662
2023-12-19 00:00:00+00:00,9988.28443850662
2023-12-19 02:00:00+00:00,10062.900186307055
2023-12-19 03:00:00+00:00,10062.900186307055
2023-12-19 04:00:00+00:00,10062.900186307055
2023-12-19 05:00:00+00:00,10053.19820415192
2023-12-19 06:00:00+00:00,10053.19820415192
2023-12-19 07:00:00+00:00,10053.19820415192
2023-12-19 08:00:00+00:00,10069.036518210884
2023-12-19 09:00:00+00:00,10045.137283540378
2023-12-19 10:00:00+00:00,10038.396793043248
2023-12-19 11:00:00+00:00,10038.396793043248
2023-12-19 12:00:00+00:00,10038.396793043248
2023-12-19 13:00:00+00:00,10038.396793043248
2023-12-19 14:00:00+00:00,10038.396793043248
2023-12-19 15:00:00+00:00,10038.396793043248
2023-12-19 16:00:00+00:00,10088.358126867068
2023-12-19 17:00:00+00:00,10088.358126867068
2023-12-19 18:00:00+00:00,10163.731893410051
2023-12-19 19:00:00+00:00,10163.731893410051
2023-12-19 20:00:00+00:00,10163.731893410051
2023-12-19 21:00:00+00:00,10163.731893410051
2023-12-19 22:00:00+00:00,10163.731893410051
2023-12-19 23:00:00+00:00,10163.731893410051
2023-12-20 00:00:00+00:00,10163.731893410051
2023-12-20 02:00:00+00:00,10185.35083031842
2023-12-20 03:00:00+00:00,10235.994751415366
2023-12-20 04:00:00+00:00,10235.994751415366
2023-12-20 05:00:00+00:00,10235.994751415366
2023-12-20 06:00:00+00:00,10235.994751415366
2023-12-20 07:00:00+00:00,10208.90650830267
2023-12-20 08:00:00+00:00,10208.90650830267
2023-12-20 09:00:00+00:00,10229.022751540386
2023-12-20 10:00:00+00:00,10229.022751540386
2023-12-20 11:00:00+00:00,10229.022751540386
2023-12-20 12:00:00+00:00,10229.022751540386
2023-12-20 13:00:00+00:00,10229.022751540386
2023-12-20 14:00:00+00:00,10229.022751540386
2023-12-20 15:00:00+00:00,10229.022751540386
2023-12-20 16:00:00+00:00,10225.431904521123
2023-12-20 17:00:00+00:00,10225.431904521123
2023-12-20 18:00:00+00:00,10225.431904521123
2023-12-20 19:00:00+00:00,10225.431904521123
2023-12-20 20:00:00+00:00,10225.431904521123
2023-12-20 21:00:00+00:00,10214.955746088424
2023-12-20 22:00:00+00:00,10214.955746088424
2023-12-20 23:00:00+00:00,10214.955746088424
2023-12-21 00:00:00+00:00,10163.651996087929
2023-12-21 02:00:00+00:00,10163.651996087929
2023-12-21 03:00:00+00:00,10157.600002903693
2023-12-21 04:00:00+00:00,10157.600002903693
2023-12-21 05:00:00+00:00,10208.171342512798
2023-12-21 06:00:00+00:00,10208.171342512798
2023-12-21 07:00:00+00:00,10208.171342512798
2023-12-21 08:00:00+00:00,10208.171342512798
2023-12-21 09:00:00+00:00,10191.381694993463
2023-12-21 10:00:00+00:00,10191.381694993463
2023-12-21 11:00:00+00:00,10191.381694993463
2023-12-21 12:00:00+00:00,10191.381694993463
2023-12-21 13:00:00+00:00,10152.450324547806
2023-12-21 14:00:00+00:00,10152.450324547806
2023-12-21 15:00:00+00:00,10152.450324547806
2023-12-21 16:00:00+00:00,10105.988267976767
2023-12-21 17:00:00+00:00,10105.988267976767
2023-12-21 18:00:00+00:00,10105.988267976767
2023-12-21 19:00:00+00:00,10105.988267976767
2023-12-21 20:00:00+00:00,10105.988267976767
2023-12-21 21:00:00+00:00,10105.988267976767
2023-12-21 22:00:00+00:00,10105.988267976767
2023-12-21 23:00:00+00:00,10105.988267976767
2023-12-22 00:00:00+00:00,10088.85789115899
2023-12-22 02:00:00+00:00,10088.85789115899
2023-12-22 03:00:00+00:00,10088.85789115899
2023-12-22 04:00:00+00:00,10088.85789115899
2023-12-22 05:00:00+00:00,10088.85789115899
2023-12-22 06:00:00+00:00,10088.85789115899
2023-12-22 07:00:00+00:00,10091.036481891035
2023-12-22 08:00:00+00:00,10091.036481891035
2023-12-22 09:00:00+00:00,10091.036481891035
2023-12-22 10:00:00+00:00,10091.036481891035
2023-12-22 11:00:00+00:00,10091.036481891035
2023-12-22 12:00:00+00:00,10091.036481891035
2023-12-22 13:00:00+00:00,10091.036481891035
2023-12-22 14:00:00+00:00,10091.036481891035
2023-12-22 15:00:00+00:00,10091.036481891035
2023-12-22 16:00:00+00:00,10091.036481891035
2023-12-22 17:00:00+00:00,10091.036481891035
2023-12-22 18:00:00+00:00,10091.036481891035
2023-12-22 19:00:00+00:00,10091.036481891035
2023-12-22 20:00:00+00:00,10091.036481891035
2023-12-22 21:00:00+00:00,10091.036481891035
2023-12-22 22:00:00+00:00,10091.036481891035
2023-12-22 23:00:00+00:00,10080.03839240983
2023-12-23 00:00:00+00:00,10080.03839240983
2023-12-25 02:00:00+00:00,10080.03839240983
2023-12-25 03:00:00+00:00,10080.03839240983
2023-12-25 04:00:00+00:00,10080.03839240983
2023-12-25 05:00:00+00:00,10080.03839240983
2023-12-25 06:00:00+00:00,10080.03839240983
2023-12-25 07:00:00+00:00,10092.737343491392
2023-12-25 08:00:00+00:00,10092.737343491392
2023-12-25 09:00:00+00:00,10092.737343491392
2023-12-25 10:00:00+00:00,10092.737343491392
2023-12-25 11:00:00+00:00,10092.737343491392
2023-12-25 12:00:00+00:00,10061.897463811383
2023-12-25 13:00:00+00:00,10033.657029497619
2023-12-25 14:00:00+00:00,10033.657029497619
2023-12-25 15:00:00+00:00,9983.058755176904
2023-12-25 16:00:00+00:00,9983.058755176904
2023-12-25 17:00:00+00:00,9983.058755176904
2023-12-25 18:00:00+00:00,9983.058755176904
2023-12-25 19:00:00+00:00,9983.058755176904
2023-12-25 20:00:00+00:00,9983.058755176904
2023-12-25 21:00:00+00:00,9983.058755176904
2023-12-25 22:00:00+00:00,9983.058755176904
2023-12-25 23:00:00+00:00,9983.058755176904
2023-12-26 00:00:00+00:00,9983.058755176904
2023-12-26 02:00:00+00:00,9983.058755176904
2023-12-26 03:00:00+00:00,9983.058755176904
2023-12-26 04:00:00+00:00,10002.902693594744
2023-12-26 05:00:00+00:00,10002.902693594744
2023-12-26 06:00:00+00:00,10002.902693594744
2023-12-26 07:00:00+00:00,10002.902693594744
2023-12-26 08:00:00+00:00,10021.362679460626
2023-12-26 09:00:00+00:00,9981.088667505439
2023-12-26 10:00:00+00:00,9981.088667505439
2023-12-26 11:00:00+00:00,9975.356955305655
2023-12-26 12:00:00+00:00,10024.932537332472
2023-12-26 13:00:00+00:00,10024.932537332472
2023-12-26 14:00:00+00:00,10024.932537332472
2023-12-26 15:00:00+00:00,10024.932537332472
2023-12-26 16:00:00+00:00,10024.932537332472
2023-12-26 17:00:00+00:00,10024.932537332472
2023-12-26 18:00:00+00:00,10024.932537332472
2023-12-26 19:00:00+00:00,10024.932537332472
2023-12-26 20:00:00+00:00,10024.932537332472
2023-12-26 21:00:00+00:00,10024.932537332472
2023-12-26 22:00:00+00:00,10024.932537332472
2023-12-26 23:00:00+00:00,9974.241984806002
2023-12-27 00:00:00+00:00,9974.241984806002
2023-12-27 02:00:00+00:00,9974.241984806002
2023-12-27 03:00:00+00:00,9974.241984806002
2023-12-27 04:00:00+00:00,9974.241984806002
2023-12-27 05:00:00+00:00,9923.997208916286
2023-12-27 06:00:00+00:00,9873.928949495026
2023-12-27 07:00:00+00:00,9824.307225093165
2023-12-27 08:00:00+00:00,9971.531147120671
2023-12-27 09:00:00+00:00,9971.531147120671
2023-12-27 10:00:00+00:00,9971.531147120671
2023-12-27 11:00:00+00:00,9971.531147120671
2023-12-27 12:00:00+00:00,9971.531147120671
2023-12-27 13:00:00+00:00,9971.531147120671
2023-12-27 14:00:00+00:00,9971.531147120671
2023-12-27 15:00:00+00:00,9971.531147120671
2023-12-27 16:00:00+00:00,9963.541696018252
2023-12-27 17:00:00+00:00,9945.442779158897
2023-12-27 18:00:00+00:00,9945.442779158897
2023-12-27 19:00:00+00:00,9945.442779158897
2023-12-27 20:00:00+00:00,9945.442779158897
2023-12-27 21:00:00+00:00,9945.442779158897
2023-12-27 22:00:00+00:00,9945.442779158897
2023-12-27 23:00:00+00:00,9945.442779158897
2023-12-28 00:00:00+00:00,9945.442779158897
2023-12-28 02:00:00+00:00,9945.442779158897
2023-12-28 03:00:00+00:00,9924.47362000972
2023-12-28 04:00:00+00:00,9926.569302445509
2023-12-28 05:00:00+00:00,9926.569302445509
2023-12-28 06:00:00+00:00,9926.569302445509
2023-12-28 07:00:00+00:00,9897.281209998066
2023-12-28 08:00:00+00:00,9897.281209998066
2023-12-28 09:00:00+00:00,9897.281209998066
2023-12-28 10:00:00+00:00,9897.281209998066
2023-12-28 11:00:00+00:00,9897.281209998066
2023-12-28 12:00:00+00:00,9897.281209998066
2023-12-28 13:00:00+00:00,9971.265754791282
2023-12-28 14:00:00+00:00,9971.265754791282
2023-12-28 15:00:00+00:00,9933.471279722893
2023-12-28 16:00:00+00:00,9933.471279722893
2023-12-28 17:00:00+00:00,9933.471279722893
2023-12-28 18:00:00+00:00,9933.471279722893
2023-12-28 19:00:00+00:00,9933.471279722893
2023-12-28 20:00:00+00:00,9933.471279722893
2023-12-28 21:00:00+00:00,9900.242059602779
2023-12-28 22:00:00+00:00,9889.260759170114
2023-12-28 23:00:00+00:00,9889.260759170114
2023-12-29 00:00:00+00:00,9889.260759170114
2023-12-29 02:00:00+00:00,9899.856844367656
2023-12-29 03:00:00+00:00,9899.856844367656
2023-12-29 04:00:00+00:00,9949.159053579438
2023-12-29 05:00:00+00:00,9949.159053579438
2023-12-29 06:00:00+00:00,9949.159053579438
2023-12-29 07:00:00+00:00,9949.159053579438
2023-12-29 08:00:00+00:00,9949.159053579438
2023-12-29 09:00:00+00:00,9949.159053579438
2023-12-29 10:00:00+00:00,9992.879247502458
2023-12-29 11:00:00+00:00,9992.879247502458
2023-12-29 12:00:00+00:00,9992.879247502458
2023-12-29 13:00:00+00:00,9992.879247502458
2023-12-29 14:00:00+00:00,9992.879247502458
2023-12-29 15:00:00+00:00,9992.879247502458
2023-12-29 16:00:00+00:00,9992.879247502458
2023-12-29 17:00:00+00:00,9992.879247502458
2023-12-29 18:00:00+00:00,9992.879247502458
2023-12-29 19:00:00+00:00,9992.879247502458
2023-12-29 20:00:00+00:00,9992.879247502458
2023-12-29 21:00:00+00:00,9992.879247502458
2023-12-29 22:00:00+00:00,9992.879247502458
2023-12-29 23:00:00+00:00,9992.879247502458
2023-12-30 00:00:00+00:00,9970.795418136971
2024-01-01 02:00:00+00:00,9920.737363202596
2024-01-01 03:00:00+00:00,9870.91410248394
2024-01-01 04:00:00+00:00,9870.91410248394
2024-01-01 05:00:00+00:00,9870.91410248394
2024-01-01 06:00:00+00:00,9870.91410248394
2024-01-01 07:00:00+00:00,9874.585506307067
2024-01-01 08:00:00+00:00,9874.585506307067
2024-01-01 09:00:00+00:00,9874.585506307067
2024-01-01 10:00:00+00:00,9874.585506307067
2024-01-01 11:00:00+00:00,9874.585506307067
2024-01-01 12:00:00+00:00,9874.585506307067
2024-01-01 13:00:00+00:00,9874.585506307067
2024-01-01 14:00:00+00:00,9874.585506307067
2024-01-01 15:00:00+00:00,9874.585506307067
2024-01-01 16:00:00+00:00,9874.585506307067
2024-01-01 17:00:00+00:00,9874.585506307067
2024-01-01 18:00:00+00:00,9874.585506307067
2024-01-01 19:00:00+00:00,9825.080157907372
2024-01-01 20:00:00+00:00,9775.815426816825
2024-01-01 21:00:00+00:00,9775.815426816825
2024-01-01 22:00:00+00:00,9756.536751657322
2024-01-01 23:00:00+00:00,9756.536751657322
2024-01-02 00:00:00+00:00,9756.536751657322
2024-01-02 02:00:00+00:00,9756.536751657322
2024-01-02 03:00:00+00:00,9756.536751657322
2024-01-02 04:00:00+00:00,9756.536751657322
2024-01-02 05:00:00+00:00,9756.536751657322
2024-01-02 06:00:00+00:00,9756.536751657322
2024-01-02 07:00:00+00:00,9751.756905582433
2024-01-02 08:00:00+00:00,9752.762466343658
2024-01-02 09:00:00+00:00,9752.762466343658
2024-01-02 10:00:00+00:00,9752.762466343658
2024-01-02 11:00:00+00:00,9752.762466343658
2024-01-02 12:00:00+00:00,9752.762466343658
2024-01-02 13:00:00+00:00,9752.762466343658
2024-01-02 14:00:00+00:00,9752.762466343658
2024-01-02 15:00:00+00:00,9752.762466343658
2024-01-02 16:00:00+00:00,9752.762466343658
2024-01-02 17:00:00+00:00,9752.762466343658
2024-01-02 18:00:00+00:00,9752.762466343658
2024-01-02 19:00:00+00:00,9752.762466343658
2024-01-02 20:00:00+00:00,9752.762466343658
2024-01-02 21:00:00+00:00,9752.762466343658
2024-01-02 22:00:00+00:00,9752.762466343658
2024-01-02 23:00:00+00:00,9752.762466343658
2024-01-03 00:00:00+00:00,9760.431222820398
2024-01-03 02:00:00+00:00,9760.431222820398
2024-01-03 03:00:00+00:00,9760.431222820398
2024-01-03 04:00:00+00:00,9760.431222820398
2024-01-03 05:00:00+00:00,9760.431222820398
2024-01-03 06:00:00+00:00,9760.431222820398
2024-01-03 07:00:00+00:00,9726.193378790214
2024-01-03 08:00:00+00:00,9676.845226110132
2024-01-03 09:00:00+00:00,9676.845226110132
2024-01-03 10:00:00+00:00,9676.845226110132
2024-01-03 11:00:00+00:00,9655.755302653697
2024-01-03 12:00:00+00:00,9655.755302653697
2024-01-03 13:00:00+00:00,9655.755302653697
2024-01-03 14:00:00+00:00,9655.755302653697
2024-01-03 15:00:00+00:00,9751.639085586
2024-01-03 16:00:00+00:00,9751.639085586
2024-01-03 17:00:00+00:00,9751.639085586
2024-01-03 18:00:00+00:00,9751.639085586
2024-01-03 19:00:00+00:00,9751.639085586
2024-01-03 20:00:00+00:00,9751.639085586
2024-01-03 21:00:00+00:00,9702.247123150359
2024-01-03 22:00:00+00:00,9702.247123150359
2024-01-03 23:00:00+00:00,9702.247123150359
2024-01-04 00:00:00+00:00,9702.247123150359
2024-01-04 02:00:00+00:00,9653.341629910867
2024-01-04 03:00:00+00:00,9604.656774663115
2024-01-04 04:00:00+00:00,9604.656774663115
2024-01-04 05:00:00+00:00,9604.656774663115
2024-01-04 06:00:00+00:00,9604.656774663115
2024-01-04 07:00:00+00:00,9604.656774663115
2024-01-04 08:00:00+00:00,9587.424617470315
2024-01-04 09:00:00+00:00,9538.939680845402
2024-01-04 10:00:00+00:00,9538.939680845402
2024-01-04 11:00:00+00:00,9538.939680845402
2024-01-04 12:00:00+00:00,9538.939680845402
2024-01-04 13:00:00+00:00,9538.939680845402
2024-01-04 14:00:00+00:00,9538.939680845402
2024-01-04 15:00:00+00:00,9603.9782269646
2024-01-04 16:00:00+00:00,9592.014114189556
2024-01-04 17:00:00+00:00,9592.014114189556
2024-01-04 18:00:00+00:00,9592.014114189556
2024-01-04 19:00:00+00:00,9592.014114189556
2024-01-04 20:00:00+00:00,9592.014114189556
2024-01-04 21:00:00+00:00,9592.014114189556
2024-01-04 22:00:00+00:00,9592.014114189556
2024-01-04 23:00:00+00:00,9592.014114189556
2024-01-05 00:00:00+00:00,9592.014114189556
2024-01-05 02:00:00+00:00,9592.014114189556
2024-01-05 03:00:00+00:00,9567.368754780324
2024-01-05 04:00:00+00:00,9567.368754780324
2024-01-05 05:00:00+00:00,9648.9815266616
2024-01-05 06:00:00+00:00,9648.9815266616
2024-01-05 07:00:00+00:00,9648.9815266616
2024-01-05 08:00:00+00:00,9648.9815266616
2024-01-05 09:00:00+00:00,9648.9815266616
2024-01-05 10:00:00+00:00,9629.179880228841
2024-01-05 11:00:00+00:00,9629.179880228841
2024-01-05 12:00:00+00:00,9600.689352099442
2024-01-05 13:00:00+00:00,9600.689352099442
2024-01-05 14:00:00+00:00,9600.689352099442
2024-01-05 15:00:00+00:00,9600.689352099442
2024-01-05 16:00:00+00:00,9594.769980698944
2024-01-05 17:00:00+00:00,9585.381828719075
2024-01-05 18:00:00+00:00,9585.381828719075
2024-01-05 19:00:00+00:00,9585.381828719075
2024-01-05 20:00:00+00:00,9585.381828719075
2024-01-05 21:00:00+00:00,9585.381828719075
2024-01-05 22:00:00+00:00,9585.381828719075
2024-01-05 23:00:00+00:00,9585.381828719075
2024-01-06 00:00:00+00:00,9585.381828719075
2024-01-08 02:00:00+00:00,9585.381828719075
2024-01-08 03:00:00+00:00,9585.381828719075
2024-01-08 04:00:00+00:00,9585.381828719075
2024-01-08 05:00:00+00:00,9585.381828719075
2024-01-08 06:00:00+00:00,9585.381828719075
2024-01-08 07:00:00+00:00,9562.930843702432
2024-01-08 08:00:00+00:00,9562.930843702432
2024-01-08 09:00:00+00:00,9562.930843702432
2024-01-08 10:00:00+00:00,9562.930843702432
2024-01-08 11:00:00+00:00,9562.930843702432
2024-01-08 12:00:00+00:00,9562.930843702432
2024-01-08 13:00:00+00:00,9562.930843702432
2024-01-08 14:00:00+00:00,9562.930843702432
2024-01-08 15:00:00+00:00,9562.930843702432
2024-01-08 16:00:00+00:00,9562.930843702432
2024-01-08 17:00:00+00:00,9562.930843702432
2024-01-08 18:00:00+00:00,9562.930843702432
2024-01-08 19:00:00+00:00,9562.930843702432
2024-01-08 20:00:00+00:00,9562.930843702432
2024-01-08 21:00:00+00:00,9562.930843702432
2024-01-08 22:00:00+00:00,9562.930843702432
2024-01-08 23:00:00+00:00,9562.930843702432
2024-01-09 00:00:00+00:00,9560.534953163346
2024-01-09 02:00:00+00:00,9560.534953163346
2024-01-09 03:00:00+00:00,9560.534953163346
2024-01-09 04:00:00+00:00,9560.534953163346
2024-01-09 05:00:00+00:00,9560.534953163346
2024-01-09 06:00:00+00:00,9560.534953163346
2024-01-09 07:00:00+00:00,9596.127129786231
2024-01-09 08:00:00+00:00,9596.600239586985
2024-01-09 09:00:00+00:00,9596.600239586985
2024-01-09 10:00:00+00:00,9596.600239586985
2024-01-09 11:00:00+00:00,9567.296901344336
2024-01-09 12:00:00+00:00,9567.296901344336
2024-01-09 13:00:00+00:00,9567.296901344336
2024-01-09 14:00:00+00:00,9567.296901344336
2024-01-09 15:00:00+00:00,9567.296901344336
2024-01-09 16:00:00+00:00,9567.296901344336
2024-01-09 17:00:00+00:00,9567.296901344336
2024-01-09 18:00:00+00:00,9567.296901344336
2024-01-09 19:00:00+00:00,9567.296901344336
2024-01-09 20:00:00+00:00,9567.296901344336
2024-01-09 21:00:00+00:00,9567.296901344336
2024-01-09 22:00:00+00:00,9638.699807473386
2024-01-09 23:00:00+00:00,9638.699807473386
2024-01-10 00:00:00+00:00,9638.699807473386
2024-01-10 02:00:00+00:00,9638.699807473386
2024-01-10 03:00:00+00:00,9638.699807473386
2024-01-10 04:00:00+00:00,9636.225549679823
2024-01-10 05:00:00+00:00,9636.225549679823
2024-01-10 06:00:00+00:00,9636.225549679823
2024-01-10 07:00:00+00:00,9587.713897314852
2024-01-10 08:00:00+00:00,9587.713897314852
2024-01-10 09:00:00+00:00,9539.31174569885
2024-01-10 10:00:00+00:00,9539.31174569885
2024-01-10 11:00:00+00:00,9539.31174569885
2024-01-10 12:00:00+00:00,9539.31174569885
2024-01-10 13:00:00+00:00,9539.31174569885
2024-01-10 14:00:00+00:00,9539.31174569885
2024-01-10 15:00:00+00:00,9512.045794861244
2024-01-10 16:00:00+00:00,9512.045794861244
2024-01-10 17:00:00+00:00,9512.045794861244
2024-01-10 18:00:00+00:00,9512.045794861244
2024-01-10 19:00:00+00:00,9512.045794861244
2024-01-10 20:00:00+00:00,9512.045794861244
2024-01-10 21:00:00+00:00,9512.045794861244
2024-01-10 22:00:00+00:00,9512.045794861244
2024-01-10 23:00:00+00:00,9531.490193660706
2024-01-11 00:00:00+00:00,9531.490193660706
2024-01-11 02:00:00+00:00,9531.490193660706
2024-01-11 03:00:00+00:00,9531.490193660706
2024-01-11 04:00:00+00:00,9531.490193660706
2024-01-11 05:00:00+00:00,9531.490193660706
2024-01-11 06:00:00+00:00,9578.72396282179
2024-01-11 07:00:00+00:00,9578.72396282179
2024-01-11 08:00:00+00:00,9578.72396282179
2024-01-11 09:00:00+00:00,9673.783412324494
2024-01-11 10:00:00+00:00,9673.783412324494
2024-01-11 11:00:00+00:00,9673.783412324494
2024-01-11 12:00:00+00:00,9673.783412324494
2024-01-11 13:00:00+00:00,9673.783412324494
2024-01-11 14:00:00+00:00,9718.613116746472
2024-01-11 15:00:00+00:00,9705.697782269071
2024-01-11 16:00:00+00:00,9694.100806469969
2024-01-11 17:00:00+00:00,9644.966627937576
2024-01-11 18:00:00+00:00,9644.966627937576
2024-01-11 19:00:00+00:00,9596.14525125211
2024-01-11 20:00:00+00:00,9547.59579497029
2024-01-11 21:00:00+00:00,9547.59579497029
2024-01-11 22:00:00+00:00,9499.35859685347
2024-01-11 23:00:00+00:00,9499.35859685347
2024-01-12 00:00:00+00:00,9499.35859685347
2024-01-12 02:00:00+00:00,9451.53531544688
2024-01-12 03:00:00+00:00,9451.53531544688
2024-01-12 04:00:00+00:00,9420.444634502324
2024-01-12 05:00:00+00:00,9420.444634502324
2024-01-12 06:00:00+00:00,9420.444634502324
2024-01-12 07:00:00+00:00,9420.444634502324
2024-01-12 08:00:00+00:00,9414.016513903098
2024-01-12 09:00:00+00:00,9414.016513903098
2024-01-12 10:00:00+00:00,9414.016513903098
2024-01-12 11:00:00+00:00,9414.016513903098
2024-01-12 12:00:00+00:00,9414.016513903098
2024-01-12 13:00:00+00:00,9414.016513903098
2024-01-12 14:00:00+00:00,9414.016513903098
2024-01-12 15:00:00+00:00,9414.016513903098
2024-01-12 16:00:00+00:00,9414.016513903098
2024-01-12 17:00:00+00:00,9414.016513903098
2024-01-12 18:00:00+00:00,9414.016513903098
2024-01-12 19:00:00+00:00,9414.016513903098
2024-01-12 20:00:00+00:00,9414.016513903098
2024-01-12 21:00:00+00:00,9414.016513903098
2024-01-12 22:00:00+00:00,9414.016513903098
2024-01-12 23:00:00+00:00,9414.016513903098
2024-01-13 00:00:00+00:00,9390.197287054434
2024-01-15 02:00:00+00:00,9390.197287054434
2024-01-15 03:00:00+00:00,9390.197287054434
2024-01-15 04:00:00+00:00,9364.36726820823
2024-01-15 05:00:00+00:00,9335.159177647996
2024-01-15 06:00:00+00:00,9335.159177647996
2024-01-15 07:00:00+00:00,9335.159177647996
2024-01-15 08:00:00+00:00,9362.997170161017
2024-01-15 09:00:00+00:00,9362.997170161017
2024-01-15 10:00:00+00:00,9323.038473222334
2024-01-15 11:00:00+00:00,9323.038473222334
2024-01-15 12:00:00+00:00,9330.358642994743
2024-01-15 13:00:00+00:00,9330.358642994743
2024-01-15 14:00:00+00:00,9330.358642994743
2024-01-15 15:00:00+00:00,9330.358642994743
2024-01-15 16:00:00+00:00,9330.358642994743
2024-01-15 17:00:00+00:00,9330.358642994743
2024-01-15 18:00:00+00:00,9330.358642994743
2024-01-15 19:00:00+00:00,9330.358642994743
2024-01-15 20:00:00+00:00,9330.358642994743
2024-01-15 21:00:00+00:00,9330.358642994743
2024-01-15 22:00:00+00:00,9330.358642994743
2024-01-15 23:00:00+00:00,9330.358642994743
2024-01-16 00:00:00+00:00,9330.358642994743
2024-01-16 02:00:00+00:00,9330.358642994743
2024-01-16 03:00:00+00:00,9330.358642994743
2024-01-16 04:00:00+00:00,9330.358642994743
2024-01-16 05:00:00+00:00,9330.358642994743
2024-01-16 06:00:00+00:00,9330.358642994743
2024-01-16 07:00:00+00:00,9326.850132466305
2024-01-16 08:00:00+00:00,9320.442160239243
2024-01-16 09:00:00+00:00,9320.442160239243
2024-01-16 10:00:00+00:00,9305.816534359463
2024-01-16 11:00:00+00:00,9305.816534359463
2024-01-16 12:00:00+00:00,9272.437762998135
2024-01-16 13:00:00+00:00,9272.437762998135
2024-01-16 14:00:00+00:00,9272.437762998135
2024-01-16 15:00:00+00:00,9225.681068543852
2024-01-16 16:00:00+00:00,9225.681068543852
2024-01-16 17:00:00+00:00,9225.681068543852
2024-01-16 18:00:00+00:00,9225.681068543852
2024-01-16 19:00:00+00:00,9225.681068543852
2024-01-16 20:00:00+00:00,9225.681068543852
2024-01-16 21:00:00+00:00,9225.681068543852
2024-01-16 22:00:00+00:00,9225.681068543852
2024-01-16 23:00:00+00:00,9225.681068543852
2024-01-17 00:00:00+00:00,9225.681068543852
2024-01-17 02:00:00+00:00,9225.681068543852
2024-01-17 03:00:00+00:00,9225.681068543852
2024-01-17 04:00:00+00:00,9225.681068543852
2024-01-17 05:00:00+00:00,9225.681068543852
2024-01-17 06:00:00+00:00,9225.681068543852
2024-01-17 07:00:00+00:00,9231.627271442207
2024-01-17 08:00:00+00:00,9231.627271442207
2024-01-17 09:00:00+00:00,9231.627271442207
2024-01-17 10:00:00+00:00,9231.627271442207
2024-01-17 11:00:00+00:00,9231.627271442207
2024-01-17 12:00:00+00:00,9231.627271442207
2024-01-17 13:00:00+00:00,9231.627271442207
2024-01-17 14:00:00+00:00,9231.627271442207
2024-01-17 15:00:00+00:00,9231.627271442207
2024-01-17 16:00:00+00:00,9231.627271442207
2024-01-17 17:00:00+00:00,9231.627271442207
2024-01-17 18:00:00+00:00,9231.627271442207
2024-01-17 19:00:00+00:00,9231.627271442207
2024-01-17 20:00:00+00:00,9221.889139648954
2024-01-17 21:00:00+00:00,9221.889139648954
2024-01-17 22:00:00+00:00,9267.739398665082
2024-01-17 23:00:00+00:00,9267.739398665082
2024-01-18 00:00:00+00:00,9267.739398665082
2024-01-18 02:00:00+00:00,9267.739398665082
2024-01-18 03:00:00+00:00,9267.739398665082
2024-01-18 04:00:00+00:00,9267.739398665082
2024-01-18 05:00:00+00:00,9267.739398665082
2024-01-18 06:00:00+00:00,9267.739398665082
2024-01-18 07:00:00+00:00,9262.254703822036
2024-01-18 08:00:00+00:00,9238.537140581677
2024-01-18 09:00:00+00:00,9238.537140581677
2024-01-18 10:00:00+00:00,9238.537140581677
2024-01-18 11:00:00+00:00,9307.25040220178
2024-01-18 12:00:00+00:00,9307.25040220178
2024-01-18 13:00:00+00:00,9260.183464825688
2024-01-18 14:00:00+00:00,9260.183464825688
2024-01-18 15:00:00+00:00,9260.183464825688
2024-01-18 16:00:00+00:00,9239.111982869037
2024-01-18 17:00:00+00:00,9239.111982869037
2024-01-18 18:00:00+00:00,9239.111982869037
2024-01-18 19:00:00+00:00,9239.111982869037
2024-01-25 07:00:00+00:00,9239.111982869037
2024-01-25 08:00:00+00:00,9239.111982869037
2024-01-25 09:00:00+00:00,9239.111982869037
2024-01-25 10:00:00+00:00,9239.111982869037
2024-01-25 11:00:00+00:00,9239.111982869037
2024-01-25 12:00:00+00:00,9239.111982869037
2024-01-25 13:00:00+00:00,9258.847007189777
2024-01-25 14:00:00+00:00,9258.847007189777
2024-01-25 15:00:00+00:00,9258.847007189777
2024-01-25 16:00:00+00:00,9258.847007189777
2024-01-25 17:00:00+00:00,9258.847007189777
2024-01-25 18:00:00+00:00,9258.847007189777
2024-01-25 19:00:00+00:00,9258.847007189777
2024-01-25 20:00:00+00:00,9258.847007189777
2024-01-25 21:00:00+00:00,9258.847007189777
2024-01-25 22:00:00+00:00,9258.847007189777
2024-01-25 23:00:00+00:00,9258.847007189777
2024-01-26 00:00:00+00:00,9258.847007189777
2024-01-26 02:00:00+00:00,9258.847007189777
2024-01-26 03:00:00+00:00,9258.847007189777
2024-01-26 04:00:00+00:00,9258.847007189777
2024-01-26 05:00:00+00:00,9258.847007189777
2024-01-26 06:00:00+00:00,9258.847007189777
2024-01-26 07:00:00+00:00,9258.847007189777
2024-01-26 08:00:00+00:00,9258.847007189777
2024-01-26 09:00:00+00:00,9258.847007189777
2024-01-26 10:00:00+00:00,9258.847007189777
2024-01-26 11:00:00+00:00,9258.847007189777
2024-01-26 12:00:00+00:00,9258.847007189777
2024-01-26 13:00:00+00:00,9211.954187892401
2024-01-26 14:00:00+00:00,9211.954187892401
2024-01-26 15:00:00+00:00,9211.954187892401
2024-01-26 16:00:00+00:00,9211.954187892401
2024-01-26 17:00:00+00:00,9211.954187892401
2024-01-26 18:00:00+00:00,9211.954187892401
2024-01-26 19:00:00+00:00,9187.649273089266
2024-01-26 20:00:00+00:00,9187.649273089266
2024-01-26 21:00:00+00:00,9187.649273089266
2024-01-26 22:00:00+00:00,9141.120386992474
2024-01-26 23:00:00+00:00,9141.120386992474
2024-01-27 00:00:00+00:00,9141.120386992474
2024-01-29 02:00:00+00:00,9141.120386992474
2024-01-29 03:00:00+00:00,9141.120386992474
2024-01-29 04:00:00+00:00,9141.120386992474
2024-01-29 05:00:00+00:00,9141.120386992474
2024-01-29 06:00:00+00:00,9141.120386992474
2024-01-29 07:00:00+00:00,9141.120386992474
2024-01-29 08:00:00+00:00,9141.120386992474
2024-01-29 09:00:00+00:00,9141.120386992474
2024-01-29 10:00:00+00:00,9141.120386992474
2024-01-29 11:00:00+00:00,9141.120386992474
2024-01-29 12:00:00+00:00,9141.120386992474
2024-01-29 13:00:00+00:00,9181.744669402291
2024-01-29 14:00:00+00:00,9135.23149023586
2024-01-29 15:00:00+00:00,9135.23149023586
2024-01-29 16:00:00+00:00,9135.23149023586
2024-01-29 17:00:00+00:00,9135.23149023586
2024-01-29 18:00:00+00:00,9135.23149023586
2024-01-29 19:00:00+00:00,9135.23149023586
2024-01-29 20:00:00+00:00,9150.12838209863
2024-01-29 21:00:00+00:00,9103.869033085512
2024-01-29 22:00:00+00:00,9103.869033085512
2024-01-29 23:00:00+00:00,9103.869033085512
2024-01-30 00:00:00+00:00,9103.869033085512
2024-01-30 02:00:00+00:00,9103.869033085512
2024-01-30 03:00:00+00:00,9103.869033085512
2024-01-30 04:00:00+00:00,9103.869033085512
2024-01-30 05:00:00+00:00,9103.869033085512
2024-01-30 06:00:00+00:00,9239.968143662094
2024-01-30 07:00:00+00:00,9239.968143662094
2024-01-30 08:00:00+00:00,9239.968143662094
2024-01-30 09:00:00+00:00,9239.968143662094
2024-01-30 10:00:00+00:00,9239.968143662094
2024-01-30 11:00:00+00:00,9239.968143662094
2024-01-30 12:00:00+00:00,9378.244923979122
2024-01-30 13:00:00+00:00,9331.19208742948
2024-01-30 14:00:00+00:00,9331.19208742948
2024-01-30 15:00:00+00:00,9331.19208742948
2024-01-30 16:00:00+00:00,9373.298950410503
2024-01-30 17:00:00+00:00,9373.298950410503
2024-01-30 18:00:00+00:00,9373.298950410503
2024-01-30 19:00:00+00:00,9373.298950410503
2024-01-30 20:00:00+00:00,9373.298950410503
2024-01-30 21:00:00+00:00,9373.298950410503
2024-01-30 22:00:00+00:00,9373.298950410503
2024-01-30 23:00:00+00:00,9373.298950410503
2024-01-31 00:00:00+00:00,9373.298950410503
2024-01-31 02:00:00+00:00,9373.298950410503
2024-01-31 03:00:00+00:00,9373.298950410503
2024-01-31 04:00:00+00:00,9373.298950410503
2024-01-31 05:00:00+00:00,9373.298950410503
2024-01-31 06:00:00+00:00,9373.298950410503
2024-01-31 07:00:00+00:00,9373.298950410503
2024-01-31 08:00:00+00:00,9373.298950410503
2024-01-31 09:00:00+00:00,9373.298950410503
2024-01-31 10:00:00+00:00,9373.298950410503
2024-01-31 11:00:00+00:00,9373.298950410503
2024-01-31 12:00:00+00:00,9373.298950410503
2024-01-31 13:00:00+00:00,9389.218085270682
2024-01-31 14:00:00+00:00,9389.218085270682
2024-01-31 15:00:00+00:00,9341.93045860301
2024-01-31 16:00:00+00:00,9341.93045860301
2024-01-31 17:00:00+00:00,9341.93045860301
2024-01-31 18:00:00+00:00,9341.93045860301
2024-01-31 19:00:00+00:00,9341.93045860301
2024-01-31 20:00:00+00:00,9341.93045860301
2024-01-31 21:00:00+00:00,9341.93045860301
2024-01-31 22:00:00+00:00,9341.93045860301
2024-01-31 23:00:00+00:00,9341.93045860301
2024-02-01 00:00:00+00:00,9355.948938649744
2024-02-01 02:00:00+00:00,9355.948938649744
2024-02-01 03:00:00+00:00,9355.948938649744
2024-02-01 04:00:00+00:00,9355.948938649744
2024-02-01 05:00:00+00:00,9355.948938649744
2024-02-01 06:00:00+00:00,9355.948938649744
2024-02-01 07:00:00+00:00,9355.948938649744
2024-02-01 08:00:00+00:00,9355.948938649744
2024-02-01 09:00:00+00:00,9355.948938649744
2024-02-01 10:00:00+00:00,9355.948938649744
2024-02-01 11:00:00+00:00,9355.948938649744
2024-02-01 12:00:00+00:00,9327.30828572758
2024-02-01 13:00:00+00:00,9327.30828572758
2024-02-01 14:00:00+00:00,9327.30828572758
2024-02-01 15:00:00+00:00,9327.30828572758
2024-02-01 16:00:00+00:00,9327.30828572758
2024-02-01 17:00:00+00:00,9327.30828572758
2024-02-01 18:00:00+00:00,9327.30828572758
2024-02-01 19:00:00+00:00,9327.30828572758
2024-02-01 20:00:00+00:00,9327.30828572758
2024-02-01 21:00:00+00:00,9327.30828572758
2024-02-01 22:00:00+00:00,9327.30828572758
2024-02-01 23:00:00+00:00,9327.30828572758
2024-02-02 00:00:00+00:00,9349.376629633545
2024-02-02 02:00:00+00:00,9349.376629633545
2024-02-02 03:00:00+00:00,9349.376629633545
2024-02-02 04:00:00+00:00,9302.325497850634
2024-02-02 05:00:00+00:00,9302.325497850634
2024-02-02 06:00:00+00:00,9302.325497850634
2024-02-02 07:00:00+00:00,9302.325497850634
2024-02-02 08:00:00+00:00,9302.325497850634
2024-02-02 09:00:00+00:00,9302.325497850634
2024-02-02 10:00:00+00:00,9302.325497850634
2024-02-02 11:00:00+00:00,9302.325497850634
2024-02-02 12:00:00+00:00,9302.325497850634
2024-02-02 13:00:00+00:00,9304.022302643123
2024-02-02 14:00:00+00:00,9304.022302643123
2024-02-02 15:00:00+00:00,9304.022302643123
2024-02-02 16:00:00+00:00,9304.022302643123
2024-02-02 17:00:00+00:00,9304.022302643123
2024-02-02 18:00:00+00:00,9304.022302643123
2024-02-02 19:00:00+00:00,9304.022302643123
2024-02-02 20:00:00+00:00,9373.532056575505
2024-02-02 21:00:00+00:00,9373.532056575505
2024-02-02 22:00:00+00:00,9373.532056575505
2024-02-02 23:00:00+00:00,9373.532056575505
2024-02-03 00:00:00+00:00,9364.665591858547
2024-02-05 02:00:00+00:00,9364.665591858547
2024-02-05 03:00:00+00:00,9364.665591858547
2024-02-05 04:00:00+00:00,9317.50702451682
2024-02-05 05:00:00+00:00,9270.5747231157
2024-02-05 06:00:00+00:00,9270.5747231157
2024-02-05 07:00:00+00:00,9223.956772789936
2024-02-05 08:00:00+00:00,9223.956772789936
2024-02-05 09:00:00+00:00,9316.037798415697
2024-02-05 10:00:00+00:00,9455.57779395087
2024-02-05 11:00:00+00:00,9455.57779395087
2024-02-05 12:00:00+00:00,9455.57779395087
2024-02-05 13:00:00+00:00,9455.57779395087
2024-02-05 14:00:00+00:00,9455.57779395087
2024-02-05 15:00:00+00:00,9455.57779395087
2024-02-05 16:00:00+00:00,9455.57779395087
2024-02-05 17:00:00+00:00,9455.57779395087
2024-02-05 18:00:00+00:00,9455.57779395087
2024-02-05 19:00:00+00:00,9455.57779395087
2024-02-05 20:00:00+00:00,9455.57779395087
2024-02-05 21:00:00+00:00,9455.57779395087
2024-02-05 22:00:00+00:00,9455.57779395087
2024-02-05 23:00:00+00:00,9455.57779395087
2024-02-06 00:00:00+00:00,9455.57779395087
2024-02-06 02:00:00+00:00,9455.57779395087
2024-02-06 03:00:00+00:00,9455.57779395087
2024-02-06 04:00:00+00:00,9455.57779395087
2024-02-06 05:00:00+00:00,9455.57779395087
2024-02-06 06:00:00+00:00,9455.57779395087
2024-02-06 07:00:00+00:00,9455.57779395087
2024-02-06 08:00:00+00:00,9455.57779395087
2024-02-06 09:00:00+00:00,9455.57779395087
2024-02-06 10:00:00+00:00,9455.57779395087
2024-02-06 11:00:00+00:00,9455.57779395087
2024-02-06 12:00:00+00:00,9455.57779395087
2024-02-06 13:00:00+00:00,9444.810126539809
2024-02-06 14:00:00+00:00,9444.810126539809
2024-02-06 15:00:00+00:00,9444.810126539809
2024-02-06 16:00:00+00:00,9430.188098015788
2024-02-06 17:00:00+00:00,9430.188098015788
2024-02-06 18:00:00+00:00,9430.188098015788
2024-02-06 19:00:00+00:00,9430.188098015788
2024-02-06 20:00:00+00:00,9430.188098015788
2024-02-06 21:00:00+00:00,9430.188098015788
2024-02-06 22:00:00+00:00,9430.188098015788
2024-02-06 23:00:00+00:00,9430.188098015788
2024-02-07 00:00:00+00:00,9465.518593745399
2024-02-07 02:00:00+00:00,9465.518593745399
2024-02-07 03:00:00+00:00,9465.518593745399
2024-02-07 04:00:00+00:00,9465.518593745399
2024-02-07 05:00:00+00:00,9465.518593745399
2024-02-07 06:00:00+00:00,9465.518593745399
2024-02-07 07:00:00+00:00,9465.518593745399
2024-02-07 08:00:00+00:00,9465.518593745399
2024-02-07 09:00:00+00:00,9465.518593745399
2024-02-07 10:00:00+00:00,9465.518593745399
2024-02-07 11:00:00+00:00,9465.518593745399
2024-02-07 12:00:00+00:00,9465.518593745399
2024-02-07 13:00:00+00:00,9540.012756555157
2024-02-07 14:00:00+00:00,9540.012756555157
2024-02-07 15:00:00+00:00,9540.012756555157
2024-02-07 16:00:00+00:00,9540.012756555157
2024-02-07 17:00:00+00:00,9540.012756555157
2024-02-07 18:00:00+00:00,9540.012756555157
2024-02-07 19:00:00+00:00,9540.012756555157
2024-02-07 20:00:00+00:00,9540.012756555157
2024-02-07 21:00:00+00:00,9540.012756555157
2024-02-07 22:00:00+00:00,9540.012756555157
2024-02-07 23:00:00+00:00,9530.00502883565
2024-02-08 00:00:00+00:00,9530.00502883565
2024-02-08 02:00:00+00:00,9530.00502883565
2024-02-08 03:00:00+00:00,9530.00502883565
2024-02-08 04:00:00+00:00,9530.00502883565
2024-02-08 05:00:00+00:00,9530.00502883565
2024-02-08 06:00:00+00:00,9482.004808960268
2024-02-08 07:00:00+00:00,9482.004808960268
2024-02-08 08:00:00+00:00,9482.004808960268
2024-02-08 09:00:00+00:00,9482.004808960268
2024-02-08 10:00:00+00:00,9482.004808960268
2024-02-08 11:00:00+00:00,9482.004808960268
2024-02-08 12:00:00+00:00,9482.004808960268
2024-02-08 13:00:00+00:00,9541.339000951488
2024-02-08 14:00:00+00:00,9541.339000951488
2024-02-08 15:00:00+00:00,9541.339000951488
2024-02-08 16:00:00+00:00,9541.339000951488
2024-02-08 17:00:00+00:00,9541.339000951488
2024-02-08 18:00:00+00:00,9541.339000951488
2024-02-08 19:00:00+00:00,9541.339000951488
2024-02-08 20:00:00+00:00,9541.339000951488
2024-02-08 21:00:00+00:00,9541.339000951488
2024-02-08 22:00:00+00:00,9568.781591459301
2024-02-08 23:00:00+00:00,9568.781591459301
2024-02-09 00:00:00+00:00,9537.009189047694
2024-02-09 02:00:00+00:00,9631.718301639059
2024-02-09 03:00:00+00:00,9631.718301639059
2024-02-09 04:00:00+00:00,9631.718301639059
2024-02-09 05:00:00+00:00,9631.718301639059
2024-02-09 06:00:00+00:00,9631.718301639059
2024-02-09 07:00:00+00:00,9631.718301639059
2024-02-09 08:00:00+00:00,9631.718301639059
2024-02-09 09:00:00+00:00,9775.547093743167
2024-02-09 10:00:00+00:00,9775.547093743167
2024-02-09 11:00:00+00:00,9921.574786674382
2024-02-09 12:00:00+00:00,9871.436485170962
2024-02-09 13:00:00+00:00,9871.436485170962
2024-02-09 14:00:00+00:00,9871.436485170962
2024-02-09 15:00:00+00:00,9871.436485170962
2024-02-09 16:00:00+00:00,9871.436485170962
2024-02-09 17:00:00+00:00,9871.436485170962
2024-02-09 18:00:00+00:00,9871.436485170962
2024-02-09 19:00:00+00:00,9871.436485170962
2024-02-09 20:00:00+00:00,9871.436485170962
2024-02-09 21:00:00+00:00,9871.436485170962
2024-02-09 22:00:00+00:00,9862.849862297959
2024-02-09 23:00:00+00:00,10010.255760478378
2024-02-10 00:00:00+00:00,10010.255760478378
2024-02-12 02:00:00+00:00,9959.912332323602
2024-02-12 03:00:00+00:00,9909.693118478795
2024-02-12 04:00:00+00:00,9909.693118478795
2024-02-12 05:00:00+00:00,9909.693118478795
2024-02-12 06:00:00+00:00,9909.693118478795
2024-02-12 07:00:00+00:00,9909.693118478795
2024-02-12 08:00:00+00:00,9909.693118478795
2024-02-12 09:00:00+00:00,9909.693118478795
2024-02-12 10:00:00+00:00,9909.693118478795
2024-02-12 11:00:00+00:00,9909.693118478795
2024-02-12 12:00:00+00:00,9909.693118478795
2024-02-12 13:00:00+00:00,9935.054968142604
2024-02-12 14:00:00+00:00,9935.054968142604
2024-02-12 15:00:00+00:00,9935.054968142604
2024-02-12 16:00:00+00:00,9935.054968142604
2024-02-12 17:00:00+00:00,9935.054968142604
2024-02-12 18:00:00+00:00,9935.054968142604
2024-02-12 19:00:00+00:00,9888.537627791138
2024-02-12 20:00:00+00:00,9888.537627791138
2024-02-12 21:00:00+00:00,9888.537627791138
2024-02-12 22:00:00+00:00,9888.537627791138
2024-02-12 23:00:00+00:00,9888.537627791138
2024-02-13 00:00:00+00:00,9869.339050064558
2024-02-13 02:00:00+00:00,9869.339050064558
2024-02-13 03:00:00+00:00,9869.339050064558
2024-02-13 04:00:00+00:00,9869.339050064558
2024-02-13 05:00:00+00:00,9869.339050064558
2024-02-13 06:00:00+00:00,9869.339050064558
2024-02-13 07:00:00+00:00,9869.339050064558
2024-02-13 08:00:00+00:00,9869.339050064558
2024-02-13 09:00:00+00:00,9869.339050064558
2024-02-13 10:00:00+00:00,9869.339050064558
2024-02-13 11:00:00+00:00,9869.339050064558
2024-02-13 12:00:00+00:00,9869.339050064558
2024-02-13 13:00:00+00:00,9900.234502402382
2024-02-13 14:00:00+00:00,9900.234502402382
2024-02-13 15:00:00+00:00,9900.234502402382
2024-02-13 16:00:00+00:00,9900.234502402382
2024-02-13 17:00:00+00:00,9900.234502402382
2024-02-13 18:00:00+00:00,9900.234502402382
2024-02-13 19:00:00+00:00,9900.234502402382
2024-02-13 20:00:00+00:00,9900.234502402382
2024-02-13 21:00:00+00:00,9900.234502402382
2024-02-13 22:00:00+00:00,9900.234502402382
2024-02-13 23:00:00+00:00,9910.486476522194
2024-02-14 00:00:00+00:00,9910.486476522194
2024-02-14 02:00:00+00:00,9910.486476522194
2024-02-14 03:00:00+00:00,9910.486476522194
2024-02-14 04:00:00+00:00,9860.588145735925
2024-02-14 05:00:00+00:00,9860.588145735925
2024-02-14 06:00:00+00:00,9860.588145735925
2024-02-14 07:00:00+00:00,9860.588145735925
2024-02-14 08:00:00+00:00,9860.588145735925
2024-02-14 09:00:00+00:00,9860.588145735925
2024-02-14 10:00:00+00:00,9860.588145735925
2024-02-14 11:00:00+00:00,9860.588145735925
2024-02-14 12:00:00+00:00,9860.588145735925
2024-02-14 13:00:00+00:00,9910.474232003495
2024-02-14 14:00:00+00:00,9910.474232003495
2024-02-14 15:00:00+00:00,9910.474232003495
2024-02-14 16:00:00+00:00,9910.474232003495
2024-02-14 17:00:00+00:00,9910.474232003495
2024-02-14 18:00:00+00:00,9865.409415762006
2024-02-14 19:00:00+00:00,9865.409415762006
2024-02-14 20:00:00+00:00,9865.409415762006
2024-02-14 21:00:00+00:00,9865.409415762006
2024-02-14 22:00:00+00:00,9865.409415762006
2024-02-14 23:00:00+00:00,9862.071480180906
2024-02-15 00:00:00+00:00,9862.071480180906
2024-02-15 02:00:00+00:00,9862.071480180906
2024-02-15 03:00:00+00:00,9862.071480180906
2024-02-15 04:00:00+00:00,9862.071480180906
2024-02-15 05:00:00+00:00,9862.071480180906
2024-02-15 06:00:00+00:00,9862.071480180906
2024-02-15 07:00:00+00:00,9862.071480180906
2024-02-15 08:00:00+00:00,9862.071480180906
2024-02-15 09:00:00+00:00,9862.071480180906
2024-02-15 10:00:00+00:00,9862.071480180906
2024-02-15 11:00:00+00:00,9862.071480180906
2024-02-15 12:00:00+00:00,9862.071480180906
2024-02-15 13:00:00+00:00,9961.728886339204
2024-02-15 14:00:00+00:00,9961.728886339204
2024-02-15 15:00:00+00:00,10011.148991608263
2024-02-15 16:00:00+00:00,10011.148991608263
2024-02-15 17:00:00+00:00,10011.148991608263
2024-02-15 18:00:00+00:00,10011.148991608263
2024-02-15 19:00:00+00:00,10060.811037435435
2024-02-15 20:00:00+00:00,10060.811037435435
2024-02-15 21:00:00+00:00,10060.811037435435
2024-02-15 22:00:00+00:00,10060.811037435435
2024-02-15 23:00:00+00:00,10060.811037435435
2024-02-16 00:00:00+00:00,10076.687888602864
2024-02-16 02:00:00+00:00,10076.687888602864
2024-02-16 03:00:00+00:00,10076.687888602864
2024-02-16 04:00:00+00:00,10076.687888602864
2024-02-16 05:00:00+00:00,10076.687888602864
2024-02-16 06:00:00+00:00,10076.687888602864
2024-02-16 07:00:00+00:00,10076.687888602864
2024-02-16 08:00:00+00:00,10076.687888602864
2024-02-16 09:00:00+00:00,10152.026143311048
2024-02-16 10:00:00+00:00,10152.026143311048
2024-02-16 11:00:00+00:00,10152.026143311048
2024-02-16 12:00:00+00:00,10152.026143311048
2024-02-16 13:00:00+00:00,10152.026143311048
2024-02-16 14:00:00+00:00,10152.026143311048
2024-02-16 15:00:00+00:00,10152.026143311048
2024-02-16 16:00:00+00:00,10152.026143311048
2024-02-16 17:00:00+00:00,10152.026143311048
2024-02-16 18:00:00+00:00,10152.026143311048
2024-02-16 19:00:00+00:00,10158.414473437644
2024-02-16 20:00:00+00:00,10234.356521841151
2024-02-16 21:00:00+00:00,10183.045912595859
2024-02-16 22:00:00+00:00,10183.045912595859
2024-02-16 23:00:00+00:00,10183.045912595859
2024-02-17 00:00:00+00:00,10131.965587107046
2024-02-19 02:00:00+00:00,10131.965587107046
2024-02-19 03:00:00+00:00,10131.965587107046
2024-02-19 04:00:00+00:00,10131.965587107046
2024-02-19 05:00:00+00:00,10131.965587107046
2024-02-19 06:00:00+00:00,10131.965587107046
2024-02-19 07:00:00+00:00,10131.965587107046
2024-02-19 08:00:00+00:00,10182.461938667386
2024-02-19 09:00:00+00:00,10182.461938667386
2024-02-19 10:00:00+00:00,10182.461938667386
2024-02-19 11:00:00+00:00,10182.461938667386
2024-02-19 12:00:00+00:00,10182.461938667386
2024-02-19 13:00:00+00:00,10187.242193535341
2024-02-19 14:00:00+00:00,10187.242193535341
2024-02-19 15:00:00+00:00,10187.242193535341
2024-02-19 16:00:00+00:00,10187.242193535341
2024-02-19 17:00:00+00:00,10187.242193535341
2024-02-19 18:00:00+00:00,10165.276591005773
2024-02-19 19:00:00+00:00,10165.276591005773
2024-02-19 20:00:00+00:00,10165.276591005773
2024-02-19 21:00:00+00:00,10165.276591005773
2024-02-19 22:00:00+00:00,10165.276591005773
2024-02-19 23:00:00+00:00,10165.276591005773
2024-02-20 00:00:00+00:00,10165.276591005773
2024-02-20 02:00:00+00:00,10165.276591005773
2024-02-20 03:00:00+00:00,10165.276591005773
2024-02-20 04:00:00+00:00,10165.276591005773
2024-02-20 05:00:00+00:00,10165.276591005773
2024-02-20 06:00:00+00:00,10165.276591005773
2024-02-20 07:00:00+00:00,10165.276591005773
2024-02-20 08:00:00+00:00,10165.276591005773
2024-02-20 09:00:00+00:00,10165.276591005773
2024-02-20 10:00:00+00:00,10165.276591005773
2024-02-20 11:00:00+00:00,10165.276591005773
2024-02-20 12:00:00+00:00,10114.095015381648
2024-02-20 13:00:00+00:00,10164.471655584171
2024-02-20 14:00:00+00:00,10164.471655584171
2024-02-20 15:00:00+00:00,10164.471655584171
2024-02-20 16:00:00+00:00,10164.471655584171
2024-02-20 17:00:00+00:00,10164.471655584171
2024-02-20 18:00:00+00:00,10161.153337203514
2024-02-20 19:00:00+00:00,10161.153337203514
2024-02-20 20:00:00+00:00,10110.015076911033
2024-02-20 21:00:00+00:00,10110.015076911033
2024-02-20 22:00:00+00:00,10110.015076911033
2024-02-20 23:00:00+00:00,10110.015076911033
2024-02-21 00:00:00+00:00,10110.015076911033
2024-02-21 02:00:00+00:00,10110.015076911033
2024-02-21 03:00:00+00:00,10110.015076911033
2024-02-21 04:00:00+00:00,10110.015076911033
2024-02-21 05:00:00+00:00,10110.015076911033
2024-02-21 06:00:00+00:00,10110.015076911033
2024-02-21 07:00:00+00:00,10110.015076911033
2024-02-21 08:00:00+00:00,10110.015076911033
2024-02-21 09:00:00+00:00,10110.015076911033
2024-02-21 10:00:00+00:00,10110.015076911033
2024-02-21 11:00:00+00:00,10261.34940719973
2024-02-21 12:00:00+00:00,10261.34940719973
2024-02-21 13:00:00+00:00,10261.019965317875
2024-02-21 14:00:00+00:00,10261.019965317875
2024-02-21 15:00:00+00:00,10261.019965317875
2024-02-21 16:00:00+00:00,10261.019965317875
2024-02-21 17:00:00+00:00,10261.019965317875
2024-02-21 18:00:00+00:00,10261.019965317875
2024-02-21 19:00:00+00:00,10261.019965317875
2024-02-21 20:00:00+00:00,10261.019965317875
2024-02-21 21:00:00+00:00,10222.641193360698
2024-02-21 22:00:00+00:00,10171.029342647595
2024-02-21 23:00:00+00:00,10171.029342647595
2024-02-22 00:00:00+00:00,10171.029342647595
2024-02-22 02:00:00+00:00,10171.029342647595
2024-02-22 03:00:00+00:00,10171.029342647595
2024-02-22 04:00:00+00:00,10171.029342647595
2024-02-22 05:00:00+00:00,10119.687482351723
2024-02-22 06:00:00+00:00,10119.687482351723
2024-02-22 07:00:00+00:00,10119.687482351723
2024-02-22 08:00:00+00:00,10119.687482351723
2024-02-22 09:00:00+00:00,10119.687482351723
2024-02-22 10:00:00+00:00,10119.687482351723
2024-02-22 11:00:00+00:00,10068.85089689533
2024-02-22 12:00:00+00:00,10018.262014710072
2024-02-22 13:00:00+00:00,10018.262014710072
2024-02-22 14:00:00+00:00,9967.981291980946
2024-02-22 15:00:00+00:00,9967.981291980946
2024-02-22 16:00:00+00:00,9917.9113682955
2024-02-22 17:00:00+00:00,9917.9113682955
2024-02-22 18:00:00+00:00,9940.27470209797
2024-02-22 19:00:00+00:00,9940.27470209797
2024-02-22 20:00:00+00:00,9940.27470209797
2024-02-22 21:00:00+00:00,9940.27470209797
2024-02-22 22:00:00+00:00,9927.985155277689
2024-02-22 23:00:00+00:00,9878.089604859755
2024-02-23 00:00:00+00:00,9828.56917143138
2024-02-23 02:00:00+00:00,9779.334725624187
2024-02-23 03:00:00+00:00,9779.334725624187
2024-02-23 04:00:00+00:00,9779.334725624187
2024-02-23 05:00:00+00:00,9779.334725624187
2024-02-23 06:00:00+00:00,9779.334725624187
2024-02-23 07:00:00+00:00,9779.334725624187
2024-02-23 08:00:00+00:00,9730.360068515613
2024-02-23 09:00:00+00:00,9730.360068515613
2024-02-23 10:00:00+00:00,9730.360068515613
2024-02-23 11:00:00+00:00,9730.360068515613
2024-02-23 12:00:00+00:00,9730.360068515613
2024-02-23 13:00:00+00:00,9730.360068515613
2024-02-23 14:00:00+00:00,9730.360068515613
2024-02-23 15:00:00+00:00,9730.360068515613
2024-02-23 16:00:00+00:00,9730.360068515613
2024-02-23 17:00:00+00:00,9730.360068515613
2024-02-23 18:00:00+00:00,9730.360068515613
2024-02-23 19:00:00+00:00,9730.360068515613
2024-02-23 20:00:00+00:00,9730.360068515613
2024-02-23 21:00:00+00:00,9730.360068515613
2024-02-23 22:00:00+00:00,9730.360068515613
2024-02-23 23:00:00+00:00,9730.360068515613
2024-02-24 00:00:00+00:00,9730.360068515613
2024-02-26 02:00:00+00:00,9730.360068515613
2024-02-26 03:00:00+00:00,9730.360068515613
2024-02-26 04:00:00+00:00,9730.360068515613
2024-02-26 05:00:00+00:00,9730.360068515613
2024-02-26 06:00:00+00:00,9730.360068515613
2024-02-26 07:00:00+00:00,9730.360068515613
2024-02-26 08:00:00+00:00,9730.360068515613
2024-02-26 09:00:00+00:00,9730.360068515613
2024-02-26 10:00:00+00:00,9730.360068515613
2024-02-26 11:00:00+00:00,9730.360068515613
2024-02-26 12:00:00+00:00,9730.360068515613
2024-02-26 13:00:00+00:00,9730.360068515613
2024-02-26 14:00:00+00:00,9730.360068515613
2024-02-26 15:00:00+00:00,9730.360068515613
2024-02-26 16:00:00+00:00,9778.944102495501
2024-02-26 17:00:00+00:00,9778.944102495501
2024-02-26 18:00:00+00:00,9778.944102495501
2024-02-26 19:00:00+00:00,9778.944102495501
2024-02-26 20:00:00+00:00,9778.944102495501
2024-02-26 21:00:00+00:00,9778.944102495501
2024-02-26 22:00:00+00:00,9778.944102495501
2024-02-26 23:00:00+00:00,9795.914719000848
2024-02-27 00:00:00+00:00,9795.914719000848
2024-02-27 02:00:00+00:00,9795.914719000848
2024-02-27 03:00:00+00:00,9795.914719000848
2024-02-27 04:00:00+00:00,9746.49969319427
2024-02-27 05:00:00+00:00,9746.49969319427
2024-02-27 06:00:00+00:00,9746.49969319427
2024-02-27 07:00:00+00:00,9746.49969319427
2024-02-27 08:00:00+00:00,9746.49969319427
2024-02-27 09:00:00+00:00,9746.49969319427
2024-02-27 10:00:00+00:00,9746.49969319427
2024-02-27 11:00:00+00:00,9746.49969319427
2024-02-27 12:00:00+00:00,9746.49969319427
2024-02-27 13:00:00+00:00,9760.572007471941
2024-02-27 14:00:00+00:00,9760.572007471941
2024-02-27 15:00:00+00:00,9760.572007471941
2024-02-27 16:00:00+00:00,9760.572007471941
2024-02-27 17:00:00+00:00,9760.572007471941
2024-02-27 18:00:00+00:00,9760.572007471941
2024-02-27 19:00:00+00:00,9760.572007471941
2024-02-27 20:00:00+00:00,9760.572007471941
2024-02-27 21:00:00+00:00,9731.029421596559
2024-02-27 22:00:00+00:00,9731.029421596559
2024-02-27 23:00:00+00:00,9731.029421596559
2024-02-28 00:00:00+00:00,9731.029421596559
2024-02-28 02:00:00+00:00,9731.029421596559
2024-02-28 03:00:00+00:00,9731.029421596559
2024-02-28 04:00:00+00:00,9731.029421596559
2024-02-28 05:00:00+00:00,9681.870912836845
2024-02-28 06:00:00+00:00,9681.870912836845
2024-02-28 07:00:00+00:00,9681.870912836845
2024-02-28 08:00:00+00:00,9681.870912836845
2024-02-28 09:00:00+00:00,9681.870912836845
2024-02-28 10:00:00+00:00,9681.870912836845
2024-02-28 11:00:00+00:00,9681.870912836845
2024-02-28 12:00:00+00:00,9681.870912836845
2024-02-28 13:00:00+00:00,9721.57836477239
2024-02-28 14:00:00+00:00,9721.57836477239
2024-02-28 15:00:00+00:00,9721.57836477239
2024-02-28 16:00:00+00:00,9721.57836477239
2024-02-28 17:00:00+00:00,9721.57836477239
2024-02-28 18:00:00+00:00,9721.57836477239
2024-02-28 19:00:00+00:00,9721.57836477239
2024-02-28 20:00:00+00:00,9721.57836477239
2024-02-28 21:00:00+00:00,9721.57836477239
2024-02-28 22:00:00+00:00,9765.80548327392
2024-02-28 23:00:00+00:00,9814.06456231588
2024-02-29 00:00:00+00:00,9814.06456231588
2024-02-29 02:00:00+00:00,9814.06456231588
2024-02-29 03:00:00+00:00,9814.06456231588
2024-02-29 04:00:00+00:00,9814.06456231588
2024-02-29 05:00:00+00:00,9814.06456231588
2024-02-29 06:00:00+00:00,9814.06456231588
2024-02-29 07:00:00+00:00,9814.06456231588
2024-02-29 08:00:00+00:00,9814.06456231588
2024-02-29 09:00:00+00:00,9814.06456231588
2024-02-29 10:00:00+00:00,9814.06456231588
2024-02-29 11:00:00+00:00,9814.06456231588
2024-02-29 12:00:00+00:00,9814.06456231588
2024-02-29 13:00:00+00:00,9875.724741347592
2024-02-29 14:00:00+00:00,9875.724741347592
2024-02-29 15:00:00+00:00,9826.047955252843
2024-02-29 16:00:00+00:00,9826.047955252843
2024-02-29 17:00:00+00:00,9826.047955252843
2024-02-29 18:00:00+00:00,9878.118029209849
2024-02-29 19:00:00+00:00,9878.118029209849
2024-02-29 20:00:00+00:00,9878.118029209849
2024-02-29 21:00:00+00:00,9878.118029209849
2024-02-29 22:00:00+00:00,9878.118029209849
2024-02-29 23:00:00+00:00,9878.118029209849
2024-03-01 00:00:00+00:00,9878.118029209849
2024-03-01 02:00:00+00:00,9878.118029209849
2024-03-01 03:00:00+00:00,9878.118029209849
2024-03-01 04:00:00+00:00,9878.118029209849
2024-03-01 05:00:00+00:00,9878.118029209849
2024-03-01 06:00:00+00:00,9878.118029209849
2024-03-01 07:00:00+00:00,9878.118029209849
2024-03-01 08:00:00+00:00,9878.118029209849
2024-03-01 09:00:00+00:00,9878.118029209849
2024-03-01 10:00:00+00:00,9878.118029209849
2024-03-01 11:00:00+00:00,9878.118029209849
2024-03-01 12:00:00+00:00,9878.118029209849
2024-03-01 13:00:00+00:00,9904.826336634926
2024-03-01 14:00:00+00:00,9904.826336634926
2024-03-01 15:00:00+00:00,9904.826336634926
2024-03-01 16:00:00+00:00,9904.826336634926
2024-03-01 17:00:00+00:00,9904.826336634926
2024-03-01 18:00:00+00:00,9904.826336634926
2024-03-01 19:00:00+00:00,9904.826336634926
2024-03-01 20:00:00+00:00,9904.826336634926
2024-03-01 21:00:00+00:00,9904.826336634926
2024-03-01 22:00:00+00:00,9973.587179552565
2024-03-01 23:00:00+00:00,9973.587179552565
2024-03-02 00:00:00+00:00,9973.587179552565
2024-03-04 02:00:00+00:00,9973.587179552565
2024-03-04 03:00:00+00:00,9973.587179552565
2024-03-04 04:00:00+00:00,9973.587179552565
2024-03-04 05:00:00+00:00,9973.587179552565
2024-03-04 06:00:00+00:00,9973.587179552565
2024-03-04 07:00:00+00:00,9973.587179552565
2024-03-04 08:00:00+00:00,9973.587179552565
2024-03-04 09:00:00+00:00,10048.022800150055
2024-03-04 10:00:00+00:00,9996.996381628964
2024-03-04 11:00:00+00:00,9996.996381628964
2024-03-04 12:00:00+00:00,9996.996381628964
2024-03-04 13:00:00+00:00,10036.331324626877
2024-03-04 14:00:00+00:00,10086.156996636066
2024-03-04 15:00:00+00:00,10161.500756433998
2024-03-04 16:00:00+00:00,10161.500756433998
2024-03-04 17:00:00+00:00,10161.500756433998
2024-03-04 18:00:00+00:00,10237.447830980254
2024-03-04 19:00:00+00:00,10237.447830980254
2024-03-04 20:00:00+00:00,10237.447830980254
2024-03-04 21:00:00+00:00,10186.035132611056
2024-03-04 22:00:00+00:00,10186.035132611056
2024-03-04 23:00:00+00:00,10186.035132611056
2024-03-05 00:00:00+00:00,10186.035132611056
2024-03-05 02:00:00+00:00,10145.232711134477
2024-03-05 03:00:00+00:00,10145.232711134477
2024-03-05 04:00:00+00:00,10246.233542413567
2024-03-05 05:00:00+00:00,10246.233542413567
2024-03-05 06:00:00+00:00,10246.233542413567
2024-03-05 07:00:00+00:00,10246.233542413567
2024-03-05 08:00:00+00:00,10246.233542413567
2024-03-05 09:00:00+00:00,10246.233542413567
2024-03-05 10:00:00+00:00,10246.233542413567
2024-03-05 11:00:00+00:00,10246.233542413567
2024-03-05 12:00:00+00:00,10246.233542413567
2024-03-05 13:00:00+00:00,10294.902511257402
2024-03-05 14:00:00+00:00,10294.902511257402
2024-03-05 15:00:00+00:00,10294.902511257402
2024-03-05 16:00:00+00:00,10294.902511257402
2024-03-05 17:00:00+00:00,10294.902511257402
2024-03-05 18:00:00+00:00,10294.902511257402
2024-03-05 19:00:00+00:00,10294.902511257402
2024-03-05 20:00:00+00:00,10294.902511257402
2024-03-05 21:00:00+00:00,10294.902511257402
2024-03-05 22:00:00+00:00,10273.799888711921
2024-03-05 23:00:00+00:00,10273.799888711921
2024-03-06 00:00:00+00:00,10273.799888711921
2024-03-06 02:00:00+00:00,10273.799888711921
2024-03-06 03:00:00+00:00,10273.799888711921
2024-03-06 04:00:00+00:00,10273.799888711921
2024-03-06 05:00:00+00:00,10273.799888711921
2024-03-06 06:00:00+00:00,10273.799888711921
2024-03-06 07:00:00+00:00,10273.799888711921
2024-03-06 08:00:00+00:00,10273.799888711921
2024-03-06 09:00:00+00:00,10273.799888711921
2024-03-06 10:00:00+00:00,10273.799888711921
2024-03-06 11:00:00+00:00,10273.799888711921
2024-03-06 12:00:00+00:00,10273.799888711921
2024-03-06 13:00:00+00:00,10299.89859888814
2024-03-06 14:00:00+00:00,10299.89859888814
2024-03-06 15:00:00+00:00,10299.89859888814
2024-03-06 16:00:00+00:00,10299.89859888814
2024-03-06 17:00:00+00:00,10299.89859888814
2024-03-06 18:00:00+00:00,10299.89859888814
2024-03-06 19:00:00+00:00,10247.859005988616
2024-03-06 20:00:00+00:00,10247.859005988616
2024-03-06 21:00:00+00:00,10247.859005988616
2024-03-06 22:00:00+00:00,10298.492091675047
2024-03-06 23:00:00+00:00,10298.492091675047
2024-03-07 00:00:00+00:00,10282.555994609795
2024-03-07 02:00:00+00:00,10282.555994609795
2024-03-07 03:00:00+00:00,10282.555994609795
2024-03-07 04:00:00+00:00,10282.555994609795
2024-03-07 05:00:00+00:00,10282.555994609795
2024-03-07 06:00:00+00:00,10282.555994609795
2024-03-07 07:00:00+00:00,10282.555994609795
2024-03-07 08:00:00+00:00,10282.555994609795
2024-03-07 09:00:00+00:00,10282.555994609795
2024-03-07 10:00:00+00:00,10282.555994609795
2024-03-07 11:00:00+00:00,10230.846866907057
2024-03-07 12:00:00+00:00,10230.846866907057
2024-03-07 13:00:00+00:00,10236.46827177766
2024-03-07 14:00:00+00:00,10236.46827177766
2024-03-07 15:00:00+00:00,10236.46827177766
2024-03-07 16:00:00+00:00,10236.46827177766
2024-03-07 17:00:00+00:00,10236.46827177766
2024-03-07 18:00:00+00:00,10211.64918366465
2024-03-07 19:00:00+00:00,10211.64918366465
2024-03-07 20:00:00+00:00,10211.64918366465
2024-03-07 21:00:00+00:00,10211.64918366465
2024-03-07 22:00:00+00:00,10199.984277703616
2024-03-07 23:00:00+00:00,10199.984277703616
2024-03-08 00:00:00+00:00,10199.984277703616
2024-03-08 02:00:00+00:00,10148.363774489892
2024-03-08 03:00:00+00:00,10148.363774489892
2024-03-08 04:00:00+00:00,10148.363774489892
2024-03-08 05:00:00+00:00,10148.363774489892
2024-03-08 06:00:00+00:00,10148.363774489892
2024-03-08 07:00:00+00:00,10148.363774489892
2024-03-08 08:00:00+00:00,10148.363774489892
2024-03-08 09:00:00+00:00,10148.363774489892
2024-03-08 10:00:00+00:00,10148.363774489892
2024-03-08 11:00:00+00:00,10148.363774489892
2024-03-08 12:00:00+00:00,10148.363774489892
2024-03-08 13:00:00+00:00,10249.617568078476
2024-03-08 14:00:00+00:00,10249.617568078476
2024-03-08 15:00:00+00:00,10249.617568078476
2024-03-08 16:00:00+00:00,10249.617568078476
2024-03-08 17:00:00+00:00,10249.617568078476
2024-03-08 18:00:00+00:00,10249.617568078476
2024-03-08 19:00:00+00:00,10249.617568078476
2024-03-08 20:00:00+00:00,10249.617568078476
2024-03-08 21:00:00+00:00,10249.617568078476
2024-03-08 22:00:00+00:00,10249.617568078476
2024-03-08 23:00:00+00:00,10249.617568078476
2024-03-09 00:00:00+00:00,10249.617568078476
2024-03-11 02:00:00+00:00,10249.617568078476
2024-03-11 03:00:00+00:00,10249.617568078476
2024-03-11 04:00:00+00:00,10249.617568078476
2024-03-11 05:00:00+00:00,10249.617568078476
2024-03-11 06:00:00+00:00,10198.04919489986
2024-03-11 07:00:00+00:00,10198.04919489986
2024-03-11 08:00:00+00:00,10198.04919489986
2024-03-11 09:00:00+00:00,10198.04919489986
2024-03-11 10:00:00+00:00,10198.04919489986
2024-03-11 11:00:00+00:00,10198.04919489986
2024-03-11 12:00:00+00:00,10198.04919489986
2024-03-11 13:00:00+00:00,10182.909282581784
2024-03-11 14:00:00+00:00,10182.909282581784
2024-03-11 15:00:00+00:00,10182.909282581784
2024-03-11 16:00:00+00:00,10182.909282581784
2024-03-11 17:00:00+00:00,10182.909282581784
2024-03-11 18:00:00+00:00,10131.798658675718
2024-03-11 19:00:00+00:00,10131.798658675718
2024-03-11 20:00:00+00:00,10131.798658675718
2024-03-11 21:00:00+00:00,10131.798658675718
2024-03-11 22:00:00+00:00,10131.798658675718
2024-03-11 23:00:00+00:00,10131.798658675718
2024-03-12 00:00:00+00:00,10131.798658675718
2024-03-12 02:00:00+00:00,10131.798658675718
2024-03-12 03:00:00+00:00,10131.798658675718
2024-03-12 04:00:00+00:00,10131.798658675718
2024-03-12 05:00:00+00:00,10131.798658675718
2024-03-12 06:00:00+00:00,10131.798658675718
2024-03-12 07:00:00+00:00,10131.798658675718
2024-03-12 08:00:00+00:00,10131.798658675718
2024-03-12 09:00:00+00:00,10131.798658675718
2024-03-12 10:00:00+00:00,10131.798658675718
2024-03-12 11:00:00+00:00,10131.798658675718
2024-03-12 12:00:00+00:00,10131.798658675718
2024-03-12 13:00:00+00:00,10131.798658675718
2024-03-12 14:00:00+00:00,10199.68048879456
2024-03-12 15:00:00+00:00,10199.68048879456
2024-03-12 16:00:00+00:00,10199.68048879456
2024-03-12 17:00:00+00:00,10199.68048879456
2024-03-12 18:00:00+00:00,10148.26776006898
2024-03-12 19:00:00+00:00,10148.26776006898
2024-03-12 20:00:00+00:00,10148.26776006898
2024-03-12 21:00:00+00:00,10148.26776006898
2024-03-12 22:00:00+00:00,10148.26776006898
2024-03-12 23:00:00+00:00,10148.26776006898
2024-03-13 00:00:00+00:00,10181.221108450563
2024-03-13 02:00:00+00:00,10181.221108450563
2024-03-13 03:00:00+00:00,10181.221108450563
2024-03-13 04:00:00+00:00,10181.221108450563
2024-03-13 05:00:00+00:00,10181.221108450563
2024-03-13 06:00:00+00:00,10181.221108450563
2024-03-13 07:00:00+00:00,10181.221108450563
2024-03-13 08:00:00+00:00,10181.221108450563
2024-03-13 09:00:00+00:00,10181.221108450563
2024-03-13 10:00:00+00:00,10181.221108450563
2024-03-13 11:00:00+00:00,10181.221108450563
2024-03-13 12:00:00+00:00,10181.221108450563
2024-03-13 13:00:00+00:00,10196.62518840064
2024-03-13 14:00:00+00:00,10196.62518840064
2024-03-13 15:00:00+00:00,10196.62518840064
2024-03-13 16:00:00+00:00,10165.099666520086
2024-03-13 17:00:00+00:00,10165.099666520086
2024-03-13 18:00:00+00:00,10165.099666520086
2024-03-13 19:00:00+00:00,10165.099666520086
2024-03-13 20:00:00+00:00,10165.099666520086
2024-03-13 21:00:00+00:00,10165.099666520086
2024-03-13 22:00:00+00:00,10113.906419368835
2024-03-13 23:00:00+00:00,10113.906419368835
2024-03-14 00:00:00+00:00,10113.906419368835
2024-03-14 02:00:00+00:00,10113.906419368835
2024-03-14 03:00:00+00:00,10113.906419368835
2024-03-14 04:00:00+00:00,10113.906419368835
2024-03-14 05:00:00+00:00,10113.906419368835
2024-03-14 06:00:00+00:00,10113.906419368835
2024-03-14 07:00:00+00:00,10113.906419368835
2024-03-14 08:00:00+00:00,10113.906419368835
2024-03-14 09:00:00+00:00,10113.906419368835
2024-03-14 10:00:00+00:00,10113.906419368835
2024-03-14 11:00:00+00:00,10113.906419368835
2024-03-14 12:00:00+00:00,10113.906419368835
2024-03-14 13:00:00+00:00,10211.724614922232
2024-03-14 14:00:00+00:00,10211.724614922232
2024-03-14 15:00:00+00:00,10211.724614922232
2024-03-14 16:00:00+00:00,10211.724614922232
2024-03-14 17:00:00+00:00,10211.724614922232
2024-03-14 18:00:00+00:00,10211.724614922232
2024-03-14 19:00:00+00:00,10211.909918131983
2024-03-14 20:00:00+00:00,10211.909918131983
2024-03-14 21:00:00+00:00,10211.909918131983
2024-03-14 22:00:00+00:00,10211.909918131983
2024-03-14 23:00:00+00:00,10211.909918131983
2024-03-15 00:00:00+00:00,10240.209299532995
2024-03-15 02:00:00+00:00,10240.209299532995
2024-03-15 03:00:00+00:00,10240.209299532995
2024-03-15 04:00:00+00:00,10240.209299532995
2024-03-15 05:00:00+00:00,10240.209299532995
2024-03-15 06:00:00+00:00,10240.209299532995
2024-03-15 07:00:00+00:00,10240.209299532995
2024-03-15 08:00:00+00:00,10188.75089682109
2024-03-15 09:00:00+00:00,10188.75089682109
2024-03-15 10:00:00+00:00,10188.75089682109
2024-03-15 11:00:00+00:00,10188.75089682109
2024-03-15 12:00:00+00:00,10188.75089682109
2024-03-15 13:00:00+00:00,10168.596908761872
2024-03-15 14:00:00+00:00,10168.596908761872
2024-03-15 15:00:00+00:00,10117.51381152605
2024-03-15 16:00:00+00:00,10117.51381152605
2024-03-15 17:00:00+00:00,10126.905260610025
2024-03-15 18:00:00+00:00,10126.905260610025
2024-03-15 19:00:00+00:00,10126.905260610025
2024-03-15 20:00:00+00:00,10075.869953595191
2024-03-15 21:00:00+00:00,10075.869953595191
2024-03-15 22:00:00+00:00,10075.869953595191
2024-03-15 23:00:00+00:00,10075.869953595191
2024-03-16 00:00:00+00:00,10075.869953595191
2024-03-18 02:00:00+00:00,10075.869953595191
2024-03-18 03:00:00+00:00,10075.869953595191
2024-03-18 04:00:00+00:00,10075.869953595191
2024-03-18 05:00:00+00:00,10075.869953595191
2024-03-18 06:00:00+00:00,10075.869953595191
2024-03-18 07:00:00+00:00,10075.869953595191
2024-03-18 08:00:00+00:00,10025.110710632605
2024-03-18 09:00:00+00:00,10025.110710632605
2024-03-18 10:00:00+00:00,10025.110710632605
2024-03-18 11:00:00+00:00,10025.110710632605
2024-03-18 12:00:00+00:00,9974.78333763342
2024-03-18 13:00:00+00:00,9974.78333763342
2024-03-18 14:00:00+00:00,10024.47371131034
2024-03-18 15:00:00+00:00,10024.47371131034
2024-03-18 16:00:00+00:00,10024.47371131034
2024-03-18 17:00:00+00:00,10024.47371131034
2024-03-18 18:00:00+00:00,9974.194757492725
2024-03-18 19:00:00+00:00,9974.194757492725
2024-03-18 20:00:00+00:00,9974.194757492725
2024-03-18 21:00:00+00:00,9974.194757492725
2024-03-18 22:00:00+00:00,9974.194757492725
2024-03-18 23:00:00+00:00,9974.194757492725
2024-03-19 00:00:00+00:00,9986.96317826689
2024-03-19 02:00:00+00:00,9986.96317826689
2024-03-19 03:00:00+00:00,9986.96317826689
2024-03-19 04:00:00+00:00,9986.96317826689
2024-03-19 05:00:00+00:00,9986.96317826689
2024-03-19 06:00:00+00:00,9986.96317826689
2024-03-19 07:00:00+00:00,9986.96317826689
2024-03-19 08:00:00+00:00,9986.96317826689
2024-03-19 09:00:00+00:00,9986.96317826689
2024-03-19 10:00:00+00:00,9986.96317826689
2024-03-19 11:00:00+00:00,9986.96317826689
2024-03-19 12:00:00+00:00,9986.96317826689
2024-03-19 13:00:00+00:00,9939.660177480753
2024-03-19 14:00:00+00:00,9939.660177480753
2024-03-19 15:00:00+00:00,9914.63624764116
2024-03-19 16:00:00+00:00,9914.63624764116
2024-03-19 17:00:00+00:00,9914.63624764116
2024-03-19 18:00:00+00:00,9914.63624764116
2024-03-19 19:00:00+00:00,9914.63624764116
2024-03-19 20:00:00+00:00,9914.63624764116
2024-03-19 21:00:00+00:00,9914.63624764116
2024-03-19 22:00:00+00:00,9914.63624764116
2024-03-19 23:00:00+00:00,9914.63624764116
2024-03-20 00:00:00+00:00,9864.682993874036
2024-03-20 02:00:00+00:00,9864.682993874036
2024-03-20 03:00:00+00:00,9864.682993874036
2024-03-20 04:00:00+00:00,9864.682993874036
2024-03-20 05:00:00+00:00,9864.682993874036
2024-03-20 06:00:00+00:00,9864.682993874036
2024-03-20 07:00:00+00:00,9864.682993874036
2024-03-20 08:00:00+00:00,9864.682993874036
2024-03-20 09:00:00+00:00,9864.682993874036
2024-03-20 10:00:00+00:00,9864.682993874036
2024-03-20 11:00:00+00:00,9864.682993874036
2024-03-20 12:00:00+00:00,9864.682993874036
2024-03-20 13:00:00+00:00,9901.465784912763
2024-03-20 14:00:00+00:00,9950.426123310323
2024-03-20 15:00:00+00:00,9950.426123310323
2024-03-20 16:00:00+00:00,9950.426123310323
2024-03-20 17:00:00+00:00,9950.426123310323
2024-03-20 18:00:00+00:00,9950.426123310323
2024-03-20 19:00:00+00:00,9950.426123310323
2024-03-20 20:00:00+00:00,9927.574497056175
2024-03-20 21:00:00+00:00,9927.574497056175
2024-03-20 22:00:00+00:00,9927.574497056175
2024-03-20 23:00:00+00:00,9927.574497056175
2024-03-21 00:00:00+00:00,9927.574497056175
2024-03-21 02:00:00+00:00,9957.532255403867
2024-03-21 03:00:00+00:00,9957.532255403867
2024-03-21 04:00:00+00:00,9957.532255403867
2024-03-21 05:00:00+00:00,9957.532255403867
2024-03-21 06:00:00+00:00,9957.532255403867
2024-03-21 07:00:00+00:00,9957.532255403867
2024-03-21 08:00:00+00:00,9957.532255403867
2024-03-21 09:00:00+00:00,9957.532255403867
2024-03-21 10:00:00+00:00,9907.443654489873
2024-03-21 11:00:00+00:00,9907.443654489873
2024-03-21 12:00:00+00:00,9907.443654489873
2024-03-21 13:00:00+00:00,9922.835707242046
2024-03-21 14:00:00+00:00,9922.835707242046
2024-03-21 15:00:00+00:00,9922.835707242046
2024-03-21 16:00:00+00:00,9922.835707242046
2024-03-21 17:00:00+00:00,9922.835707242046
2024-03-21 18:00:00+00:00,9922.835707242046
2024-03-21 19:00:00+00:00,9922.835707242046
2024-03-21 20:00:00+00:00,9907.382854945885
2024-03-21 21:00:00+00:00,9907.382854945885
2024-03-21 22:00:00+00:00,9907.382854945885
2024-03-21 23:00:00+00:00,9907.382854945885
2024-03-22 00:00:00+00:00,9907.382854945885
2024-03-22 02:00:00+00:00,9914.86420014828
2024-03-22 03:00:00+00:00,9914.86420014828
2024-03-22 04:00:00+00:00,9914.86420014828
2024-03-22 05:00:00+00:00,9914.86420014828
2024-03-22 06:00:00+00:00,9914.86420014828
2024-03-22 07:00:00+00:00,9914.86420014828
2024-03-22 08:00:00+00:00,9914.86420014828
2024-03-22 09:00:00+00:00,9914.86420014828
2024-03-22 10:00:00+00:00,9914.86420014828
2024-03-22 11:00:00+00:00,9914.86420014828
2024-03-22 12:00:00+00:00,9914.86420014828
2024-03-22 13:00:00+00:00,9894.48281731545
2024-03-22 14:00:00+00:00,9894.48281731545
2024-03-22 15:00:00+00:00,9894.48281731545
2024-03-22 16:00:00+00:00,9894.48281731545
2024-03-22 17:00:00+00:00,9894.48281731545
2024-03-22 18:00:00+00:00,9894.48281731545
2024-03-22 19:00:00+00:00,9894.48281731545
2024-03-22 20:00:00+00:00,9894.48281731545
2024-03-22 21:00:00+00:00,9894.48281731545
2024-03-22 22:00:00+00:00,9950.706472016946
2024-03-22 23:00:00+00:00,9950.706472016946
2024-03-23 00:00:00+00:00,9950.706472016946
2024-03-25 02:00:00+00:00,9950.706472016946
2024-03-25 03:00:00+00:00,9950.706472016946
2024-03-25 04:00:00+00:00,9950.706472016946
2024-03-25 05:00:00+00:00,9950.706472016946
2024-03-25 06:00:00+00:00,9900.52129079244
2024-03-25 07:00:00+00:00,9900.52129079244
2024-03-25 08:00:00+00:00,9900.52129079244
2024-03-25 09:00:00+00:00,9900.52129079244
2024-03-25 10:00:00+00:00,9900.52129079244
2024-03-25 11:00:00+00:00,9898.984157808065
2024-03-25 12:00:00+00:00,9898.984157808065
2024-03-25 13:00:00+00:00,9880.236354433218
2024-03-25 14:00:00+00:00,9880.236354433218
2024-03-25 15:00:00+00:00,9847.669157354287
2024-03-25 16:00:00+00:00,9847.669157354287
2024-03-25 17:00:00+00:00,9847.669157354287
2024-03-25 18:00:00+00:00,9896.194810593466
2024-03-25 19:00:00+00:00,9896.194810593466
2024-03-25 20:00:00+00:00,9896.194810593466
2024-03-25 21:00:00+00:00,9896.194810593466
2024-03-25 22:00:00+00:00,9868.588507829216
2024-03-25 23:00:00+00:00,9868.588507829216
2024-03-26 00:00:00+00:00,9868.588507829216
2024-03-26 02:00:00+00:00,9868.588507829216
2024-03-26 03:00:00+00:00,9868.588507829216
2024-03-26 04:00:00+00:00,9868.588507829216
2024-03-26 05:00:00+00:00,9868.588507829216
2024-03-26 06:00:00+00:00,9818.565224549791
2024-03-26 07:00:00+00:00,9818.565224549791
2024-03-26 08:00:00+00:00,9818.565224549791
2024-03-26 09:00:00+00:00,9818.565224549791
2024-03-26 10:00:00+00:00,9818.565224549791
2024-03-26 11:00:00+00:00,9891.920423789054
2024-03-26 12:00:00+00:00,9891.920423789054
2024-03-26 13:00:00+00:00,9865.230162872727
2024-03-26 14:00:00+00:00,9865.230162872727
2024-03-26 15:00:00+00:00,9865.230162872727
2024-03-26 16:00:00+00:00,9865.230162872727
2024-03-26 17:00:00+00:00,9865.230162872727
2024-03-26 18:00:00+00:00,9865.230162872727
2024-03-26 19:00:00+00:00,9865.230162872727
2024-03-26 20:00:00+00:00,9865.230162872727
2024-03-26 21:00:00+00:00,9865.230162872727
2024-03-26 22:00:00+00:00,9865.230162872727
2024-03-26 23:00:00+00:00,9865.230162872727
2024-03-27 00:00:00+00:00,9865.230162872727
2024-03-27 02:00:00+00:00,9865.230162872727
2024-03-27 03:00:00+00:00,9865.230162872727
2024-03-27 04:00:00+00:00,9865.230162872727
2024-03-27 05:00:00+00:00,9865.230162872727
2024-03-27 06:00:00+00:00,9865.230162872727
2024-03-27 07:00:00+00:00,9865.230162872727
2024-03-27 08:00:00+00:00,9865.230162872727
2024-03-27 09:00:00+00:00,9865.230162872727
2024-03-27 10:00:00+00:00,9865.230162872727
2024-03-27 11:00:00+00:00,9865.230162872727
2024-03-27 12:00:00+00:00,9865.230162872727
2024-03-27 13:00:00+00:00,9865.230162872727
2024-03-27 14:00:00+00:00,9912.596494178379
2024-03-27 15:00:00+00:00,9912.596494178379
2024-03-27 16:00:00+00:00,9912.596494178379
2024-03-27 17:00:00+00:00,9912.596494178379
2024-03-27 18:00:00+00:00,9912.596494178379
2024-03-27 19:00:00+00:00,9912.596494178379
2024-03-27 20:00:00+00:00,9912.596494178379
2024-03-27 21:00:00+00:00,9912.596494178379
2024-03-27 22:00:00+00:00,9862.637426169238
2024-03-27 23:00:00+00:00,9862.637426169238
2024-03-28 00:00:00+00:00,9823.868655021637
2024-03-28 02:00:00+00:00,9823.868655021637
2024-03-28 03:00:00+00:00,9823.868655021637
2024-03-28 04:00:00+00:00,9823.868655021637
2024-03-28 05:00:00+00:00,9774.569280986358
2024-03-28 06:00:00+00:00,9774.569280986358
2024-03-28 07:00:00+00:00,9774.569280986358
2024-03-28 08:00:00+00:00,9774.569280986358
2024-03-28 09:00:00+00:00,9774.569280986358
2024-03-28 10:00:00+00:00,9774.569280986358
2024-03-28 11:00:00+00:00,9774.569280986358
2024-03-28 12:00:00+00:00,9774.569280986358
2024-03-28 13:00:00+00:00,9774.204730426858
2024-03-28 14:00:00+00:00,9774.204730426858
2024-03-28 15:00:00+00:00,9774.204730426858
2024-03-28 16:00:00+00:00,9774.204730426858
2024-03-28 17:00:00+00:00,9725.013410145122
2024-03-28 18:00:00+00:00,9725.013410145122
2024-03-28 19:00:00+00:00,9676.045122976095
2024-03-28 20:00:00+00:00,9627.353876796948
2024-03-28 21:00:00+00:00,9627.353876796948
2024-03-28 22:00:00+00:00,9627.353876796948
2024-03-28 23:00:00+00:00,9627.353876796948
2024-03-29 00:00:00+00:00,9627.353876796948
2024-03-29 02:00:00+00:00,9627.353876796948
2024-03-29 03:00:00+00:00,9627.353876796948
2024-03-29 04:00:00+00:00,9627.353876796948
2024-03-29 05:00:00+00:00,9627.353876796948
2024-03-29 06:00:00+00:00,9627.353876796948
2024-03-29 07:00:00+00:00,9627.353876796948
2024-03-29 08:00:00+00:00,9627.353876796948
2024-03-29 09:00:00+00:00,9627.353876796948
2024-03-29 10:00:00+00:00,9627.353876796948
2024-03-29 11:00:00+00:00,9627.353876796948
2024-03-29 12:00:00+00:00,9627.353876796948
2024-03-29 13:00:00+00:00,9627.353876796948
2024-03-29 14:00:00+00:00,9621.71207826991
2024-03-29 15:00:00+00:00,9621.71207826991
2024-03-29 16:00:00+00:00,9621.71207826991
2024-03-29 17:00:00+00:00,9621.71207826991
2024-03-29 18:00:00+00:00,9621.71207826991
2024-03-29 19:00:00+00:00,9573.356909716182
2024-03-29 20:00:00+00:00,9573.356909716182
2024-03-29 21:00:00+00:00,9524.984799586142
2024-03-29 22:00:00+00:00,9524.984799586142
2024-03-29 23:00:00+00:00,9524.984799586142
2024-03-30 00:00:00+00:00,9524.984799586142
2024-04-01 02:00:00+00:00,9524.984799586142
2024-04-01 03:00:00+00:00,9619.993060269131
2024-04-01 04:00:00+00:00,9619.993060269131
2024-04-01 05:00:00+00:00,9571.621426120653
2024-04-01 06:00:00+00:00,9571.621426120653
2024-04-01 07:00:00+00:00,9571.621426120653
2024-04-01 08:00:00+00:00,9571.621426120653
2024-04-01 09:00:00+00:00,9571.621426120653
2024-04-01 10:00:00+00:00,9571.621426120653
2024-04-01 11:00:00+00:00,9571.621426120653
2024-04-01 12:00:00+00:00,9571.621426120653
2024-04-01 13:00:00+00:00,9600.858297027733
2024-04-01 14:00:00+00:00,9600.858297027733
2024-04-01 15:00:00+00:00,9600.858297027733
2024-04-01 16:00:00+00:00,9600.858297027733
2024-04-01 17:00:00+00:00,9600.858297027733
2024-04-01 18:00:00+00:00,9600.858297027733
2024-04-01 19:00:00+00:00,9600.858297027733
2024-04-01 20:00:00+00:00,9600.858297027733
2024-04-01 21:00:00+00:00,9600.858297027733
2024-04-01 22:00:00+00:00,9600.858297027733
2024-04-01 23:00:00+00:00,9600.858297027733
2024-04-02 00:00:00+00:00,9630.251559165847
2024-04-02 02:00:00+00:00,9630.251559165847
2024-04-02 03:00:00+00:00,9630.251559165847
2024-04-02 04:00:00+00:00,9630.251559165847
2024-04-02 05:00:00+00:00,9630.251559165847
2024-04-02 06:00:00+00:00,9630.251559165847
2024-04-02 07:00:00+00:00,9630.251559165847
2024-04-02 08:00:00+00:00,9630.251559165847
2024-04-02 09:00:00+00:00,9630.251559165847
2024-04-02 10:00:00+00:00,9630.251559165847
2024-04-02 11:00:00+00:00,9630.251559165847
2024-04-02 12:00:00+00:00,9630.251559165847
2024-04-02 13:00:00+00:00,9630.868135691127
2024-04-02 14:00:00+00:00,9630.868135691127
2024-04-02 15:00:00+00:00,9582.41739256236
2024-04-02 16:00:00+00:00,9582.41739256236
2024-04-02 17:00:00+00:00,9582.41739256236
2024-04-02 18:00:00+00:00,9582.41739256236
2024-04-02 19:00:00+00:00,9582.41739256236
2024-04-02 20:00:00+00:00,9582.41739256236
2024-04-02 21:00:00+00:00,9534.322634363567
2024-04-02 22:00:00+00:00,9534.322634363567
2024-04-02 23:00:00+00:00,9534.322634363567
2024-04-03 00:00:00+00:00,9534.322634363567
2024-04-03 02:00:00+00:00,9534.322634363567
2024-04-03 03:00:00+00:00,9534.322634363567
2024-04-03 04:00:00+00:00,9534.322634363567
2024-04-03 05:00:00+00:00,9534.322634363567
2024-04-03 06:00:00+00:00,9534.322634363567
2024-04-03 07:00:00+00:00,9534.322634363567
2024-04-03 08:00:00+00:00,9534.322634363567
2024-04-03 09:00:00+00:00,9534.322634363567
2024-04-03 10:00:00+00:00,9534.322634363567
2024-04-03 11:00:00+00:00,9534.322634363567
2024-04-03 12:00:00+00:00,9534.322634363567
2024-04-03 13:00:00+00:00,9536.536112226942
2024-04-03 14:00:00+00:00,9536.536112226942
2024-04-03 15:00:00+00:00,9536.536112226942
2024-04-03 16:00:00+00:00,9502.074511267296
2024-04-03 17:00:00+00:00,9502.074511267296
2024-04-03 18:00:00+00:00,9502.074511267296
2024-04-03 19:00:00+00:00,9502.074511267296
2024-04-03 20:00:00+00:00,9502.074511267296
2024-04-03 21:00:00+00:00,9644.160619579572
2024-04-03 22:00:00+00:00,9595.815187544802
2024-04-03 23:00:00+00:00,9547.687837175019
2024-04-04 00:00:00+00:00,9547.687837175019
2024-04-04 02:00:00+00:00,9547.687837175019
2024-04-04 03:00:00+00:00,9547.687837175019
2024-04-04 04:00:00+00:00,9547.687837175019
2024-04-04 05:00:00+00:00,9547.687837175019
2024-04-04 06:00:00+00:00,9547.687837175019
2024-04-04 07:00:00+00:00,9547.687837175019
2024-04-04 08:00:00+00:00,9547.687837175019
2024-04-04 09:00:00+00:00,9547.687837175019
2024-04-04 10:00:00+00:00,9547.687837175019
2024-04-04 11:00:00+00:00,9595.30243224824
2024-04-04 12:00:00+00:00,9595.30243224824
2024-04-04 13:00:00+00:00,9595.30243224824
2024-04-04 14:00:00+00:00,9595.30243224824
2024-04-04 15:00:00+00:00,9575.932088902475
2024-04-04 16:00:00+00:00,9575.932088902475
2024-04-04 17:00:00+00:00,9562.082914058497
2024-04-04 18:00:00+00:00,9562.082914058497
2024-04-04 19:00:00+00:00,9562.082914058497
2024-04-04 20:00:00+00:00,9562.082914058497
2024-04-04 21:00:00+00:00,9562.082914058497
2024-04-04 22:00:00+00:00,9579.980745893901
2024-04-04 23:00:00+00:00,9579.980745893901
2024-04-05 00:00:00+00:00,9579.980745893901
2024-04-05 02:00:00+00:00,9579.980745893901
2024-04-05 03:00:00+00:00,9531.881944498626
2024-04-05 04:00:00+00:00,9531.881944498626
2024-04-05 05:00:00+00:00,9531.881944498626
2024-04-05 06:00:00+00:00,9531.881944498626
2024-04-05 07:00:00+00:00,9531.881944498626
2024-04-05 08:00:00+00:00,9531.881944498626
2024-04-05 09:00:00+00:00,9531.881944498626
2024-04-05 10:00:00+00:00,9531.881944498626
2024-04-05 11:00:00+00:00,9531.881944498626
2024-04-05 12:00:00+00:00,9531.881944498626
2024-04-05 13:00:00+00:00,9531.881944498626
2024-04-05 14:00:00+00:00,9531.881944498626
2024-04-05 15:00:00+00:00,9531.881944498626
2024-04-05 16:00:00+00:00,9543.552364921796
2024-04-05 17:00:00+00:00,9543.552364921796
2024-04-05 18:00:00+00:00,9543.552364921796
2024-04-05 19:00:00+00:00,9543.552364921796
2024-04-05 20:00:00+00:00,9543.552364921796
2024-04-05 21:00:00+00:00,9543.552364921796
2024-04-05 22:00:00+00:00,9530.461085669678
2024-04-05 23:00:00+00:00,9530.461085669678
2024-04-06 00:00:00+00:00,9482.376215070257
2024-04-08 02:00:00+00:00,9482.376215070257
2024-04-08 03:00:00+00:00,9434.737134541365
2024-04-08 04:00:00+00:00,9387.335920816064
2024-04-08 05:00:00+00:00,9387.335920816064
2024-04-08 06:00:00+00:00,9387.335920816064
2024-04-08 07:00:00+00:00,9387.335920816064
2024-04-08 08:00:00+00:00,9387.335920816064
2024-04-08 09:00:00+00:00,9340.27083174269
2024-04-08 10:00:00+00:00,9340.27083174269
2024-04-08 11:00:00+00:00,9340.27083174269
2024-04-08 12:00:00+00:00,9340.27083174269
2024-04-08 13:00:00+00:00,9340.258517423508
2024-04-08 14:00:00+00:00,9340.258517423508
2024-04-08 15:00:00+00:00,9340.258517423508
2024-04-08 16:00:00+00:00,9340.258517423508
2024-04-08 17:00:00+00:00,9340.258517423508
2024-04-08 18:00:00+00:00,9340.258517423508
2024-04-08 19:00:00+00:00,9340.258517423508
2024-04-08 20:00:00+00:00,9340.258517423508
2024-04-08 21:00:00+00:00,9340.258517423508
2024-04-08 22:00:00+00:00,9368.042436579193
2024-04-08 23:00:00+00:00,9368.042436579193
2024-04-09 00:00:00+00:00,9368.042436579193
2024-04-09 02:00:00+00:00,9368.042436579193
2024-04-09 03:00:00+00:00,9368.042436579193
2024-04-09 04:00:00+00:00,9368.042436579193
2024-04-09 05:00:00+00:00,9368.042436579193
2024-04-09 06:00:00+00:00,9368.042436579193
2024-04-09 07:00:00+00:00,9368.042436579193
2024-04-09 08:00:00+00:00,9368.042436579193
2024-04-09 09:00:00+00:00,9368.042436579193
2024-04-09 10:00:00+00:00,9368.042436579193
2024-04-09 11:00:00+00:00,9461.533590923349
2024-04-09 12:00:00+00:00,9461.533590923349
2024-04-09 13:00:00+00:00,9456.204053756768
2024-04-09 14:00:00+00:00,9456.204053756768
2024-04-09 15:00:00+00:00,9456.204053756768
2024-04-09 16:00:00+00:00,9456.204053756768
2024-04-09 17:00:00+00:00,9456.204053756768
2024-04-09 18:00:00+00:00,9456.204053756768
2024-04-09 19:00:00+00:00,9456.204053756768
2024-04-09 20:00:00+00:00,9456.204053756768
2024-04-09 21:00:00+00:00,9456.204053756768
2024-04-09 22:00:00+00:00,9455.236055467201
2024-04-09 23:00:00+00:00,9455.236055467201
2024-04-10 00:00:00+00:00,9469.33133835487
2024-04-10 02:00:00+00:00,9469.33133835487
2024-04-10 03:00:00+00:00,9469.33133835487
2024-04-10 04:00:00+00:00,9469.33133835487
2024-04-10 05:00:00+00:00,9469.33133835487
2024-04-10 06:00:00+00:00,9469.33133835487
2024-04-10 07:00:00+00:00,9611.090891431755
2024-04-10 08:00:00+00:00,9562.825026399227
2024-04-10 09:00:00+00:00,9562.825026399227
2024-04-10 10:00:00+00:00,9562.825026399227
2024-04-10 11:00:00+00:00,9562.825026399227
2024-04-10 12:00:00+00:00,9562.825026399227
2024-04-10 13:00:00+00:00,9592.789514981485
2024-04-10 14:00:00+00:00,9592.789514981485
2024-04-10 15:00:00+00:00,9592.789514981485
2024-04-10 16:00:00+00:00,9592.789514981485
2024-04-10 17:00:00+00:00,9592.789514981485
2024-04-10 18:00:00+00:00,9592.789514981485
2024-04-10 19:00:00+00:00,9640.405816058324
2024-04-10 20:00:00+00:00,9640.405816058324
2024-04-10 21:00:00+00:00,9591.794939036788
2024-04-10 22:00:00+00:00,9591.794939036788
2024-04-10 23:00:00+00:00,9583.084390117428
2024-04-11 00:00:00+00:00,9583.084390117428
2024-04-11 02:00:00+00:00,9534.770242007731
2024-04-11 03:00:00+00:00,9534.770242007731
2024-04-11 04:00:00+00:00,9534.770242007731
2024-04-11 05:00:00+00:00,9534.770242007731
2024-04-11 06:00:00+00:00,9534.770242007731
2024-04-11 07:00:00+00:00,9534.770242007731
2024-04-11 08:00:00+00:00,9534.770242007731
2024-04-11 09:00:00+00:00,9534.770242007731
2024-04-11 10:00:00+00:00,9534.770242007731
2024-04-11 11:00:00+00:00,9534.770242007731
2024-04-11 12:00:00+00:00,9534.770242007731
2024-04-11 13:00:00+00:00,9548.530641028285
2024-04-11 14:00:00+00:00,9548.530641028285
2024-04-11 15:00:00+00:00,9548.530641028285
2024-04-11 16:00:00+00:00,9548.530641028285
2024-04-11 17:00:00+00:00,9548.530641028285
2024-04-11 18:00:00+00:00,9548.530641028285
2024-04-11 19:00:00+00:00,9548.530641028285
2024-04-11 20:00:00+00:00,9548.530641028285
2024-04-11 21:00:00+00:00,9548.530641028285
2024-04-11 22:00:00+00:00,9576.45462409434
2024-04-11 23:00:00+00:00,9576.45462409434
2024-04-12 00:00:00+00:00,9576.45462409434
2024-04-12 02:00:00+00:00,9576.45462409434
2024-04-12 03:00:00+00:00,9576.45462409434
2024-04-12 04:00:00+00:00,9647.950427512356
2024-04-12 05:00:00+00:00,9599.39902894193
2024-04-12 06:00:00+00:00,9599.39902894193
2024-04-12 07:00:00+00:00,9599.39902894193
2024-04-12 08:00:00+00:00,9599.39902894193
2024-04-12 09:00:00+00:00,9599.39902894193
2024-04-12 10:00:00+00:00,9599.39902894193
2024-04-12 11:00:00+00:00,9599.39902894193
2024-04-12 12:00:00+00:00,9599.39902894193
2024-04-12 13:00:00+00:00,9599.39902894193
2024-04-12 14:00:00+00:00,9603.52566845092
2024-04-12 15:00:00+00:00,9603.52566845092
2024-04-12 16:00:00+00:00,9603.52566845092
2024-04-12 17:00:00+00:00,9603.52566845092
2024-04-12 18:00:00+00:00,9603.52566845092
2024-04-12 19:00:00+00:00,9568.410173789549
2024-04-12 20:00:00+00:00,9568.410173789549
2024-04-12 21:00:00+00:00,9568.410173789549
2024-04-12 22:00:00+00:00,9580.186820776851
2024-04-12 23:00:00+00:00,9675.38778033041
2024-04-13 00:00:00+00:00,9675.38778033041
2024-04-15 02:00:00+00:00,9675.38778033041
2024-04-15 03:00:00+00:00,9675.38778033041
2024-04-15 04:00:00+00:00,9675.38778033041
2024-04-15 05:00:00+00:00,9626.470476370083
2024-04-15 06:00:00+00:00,9626.470476370083
2024-04-15 07:00:00+00:00,9626.470476370083
2024-04-15 08:00:00+00:00,9626.470476370083
2024-04-15 09:00:00+00:00,9626.470476370083
2024-04-15 10:00:00+00:00,9626.470476370083
2024-04-15 11:00:00+00:00,9578.07037529261
2024-04-15 12:00:00+00:00,9578.07037529261
2024-04-15 13:00:00+00:00,9553.02068927184
2024-04-15 14:00:00+00:00,9553.02068927184
2024-04-15 15:00:00+00:00,9553.02068927184
2024-04-15 16:00:00+00:00,9553.02068927184
2024-04-15 17:00:00+00:00,9553.02068927184
2024-04-15 18:00:00+00:00,9553.02068927184
2024-04-15 19:00:00+00:00,9553.02068927184
2024-04-15 20:00:00+00:00,9553.02068927184
2024-04-15 21:00:00+00:00,9553.02068927184
2024-04-15 22:00:00+00:00,9550.35042599444
2024-04-15 23:00:00+00:00,9550.35042599444
2024-04-16 00:00:00+00:00,9550.35042599444
2024-04-16 02:00:00+00:00,9550.35042599444
2024-04-16 03:00:00+00:00,9550.35042599444
2024-04-16 04:00:00+00:00,9550.35042599444
2024-04-16 05:00:00+00:00,9550.35042599444
2024-04-16 06:00:00+00:00,9550.35042599444
2024-04-16 07:00:00+00:00,9550.35042599444
2024-04-16 08:00:00+00:00,9550.35042599444
2024-04-16 09:00:00+00:00,9550.35042599444
2024-04-16 10:00:00+00:00,9550.35042599444
2024-04-16 11:00:00+00:00,9550.35042599444
2024-04-16 12:00:00+00:00,9550.35042599444
2024-04-16 13:00:00+00:00,9560.78478595641
2024-04-16 14:00:00+00:00,9560.78478595641
2024-04-16 15:00:00+00:00,9560.78478595641
2024-04-16 16:00:00+00:00,9560.78478595641
2024-04-16 17:00:00+00:00,9560.78478595641
2024-04-16 18:00:00+00:00,9560.78478595641
2024-04-16 19:00:00+00:00,9549.15480696283
2024-04-16 20:00:00+00:00,9549.15480696283
2024-04-16 21:00:00+00:00,9596.244345591742
2024-04-16 22:00:00+00:00,9596.244345591742
2024-04-16 23:00:00+00:00,9596.244345591742
2024-04-17 00:00:00+00:00,9596.244345591742
2024-04-17 02:00:00+00:00,9595.965646519828
2024-04-17 03:00:00+00:00,9595.965646519828
2024-04-17 04:00:00+00:00,9595.965646519828
2024-04-17 05:00:00+00:00,9595.965646519828
2024-04-17 06:00:00+00:00,9667.607090608857
2024-04-17 07:00:00+00:00,9667.607090608857
2024-04-17 08:00:00+00:00,9667.607090608857
2024-04-17 09:00:00+00:00,9667.607090608857
2024-04-17 10:00:00+00:00,9667.607090608857
2024-04-17 11:00:00+00:00,9667.607090608857
2024-04-17 12:00:00+00:00,9667.607090608857
2024-04-17 13:00:00+00:00,9651.738428954526
2024-04-17 14:00:00+00:00,9651.738428954526
2024-04-17 15:00:00+00:00,9651.738428954526
2024-04-17 16:00:00+00:00,9651.738428954526
2024-04-17 17:00:00+00:00,9647.040392283687
2024-04-17 18:00:00+00:00,9647.040392283687
2024-04-17 19:00:00+00:00,9647.040392283687
2024-04-17 20:00:00+00:00,9647.040392283687
2024-04-17 21:00:00+00:00,9647.040392283687
2024-04-17 22:00:00+00:00,9677.351734278125
2024-04-17 23:00:00+00:00,9677.351734278125
2024-04-18 00:00:00+00:00,9739.171951028238
2024-04-18 02:00:00+00:00,9739.171951028238
2024-04-18 03:00:00+00:00,9739.171951028238
2024-04-18 04:00:00+00:00,9739.171951028238
2024-04-18 05:00:00+00:00,9690.154096790173
2024-04-18 06:00:00+00:00,9690.154096790173
2024-04-18 07:00:00+00:00,9690.154096790173
2024-04-18 08:00:00+00:00,9690.154096790173
2024-04-18 09:00:00+00:00,9690.154096790173
2024-04-18 10:00:00+00:00,9690.154096790173
2024-04-18 11:00:00+00:00,9690.154096790173
2024-04-18 12:00:00+00:00,9690.154096790173
2024-04-18 13:00:00+00:00,9675.245115289023
2024-04-18 14:00:00+00:00,9675.245115289023
2024-04-18 15:00:00+00:00,9675.245115289023
2024-04-18 16:00:00+00:00,9626.666158982345
2024-04-18 17:00:00+00:00,9626.666158982345
2024-04-18 18:00:00+00:00,9626.666158982345
2024-04-18 19:00:00+00:00,9626.666158982345
2024-04-25 07:00:00+00:00,9626.666158982345
2024-04-25 08:00:00+00:00,9626.666158982345
2024-04-25 09:00:00+00:00,9626.666158982345
2024-04-25 10:00:00+00:00,9626.666158982345
2024-04-25 11:00:00+00:00,9626.666158982345
2024-04-25 12:00:00+00:00,9626.666158982345
2024-04-25 13:00:00+00:00,9674.63084546044
2024-04-25 14:00:00+00:00,9722.79565947266
2024-04-25 15:00:00+00:00,9673.97810495755
2024-04-25 16:00:00+00:00,9673.97810495755
2024-04-25 17:00:00+00:00,9673.97810495755
2024-04-25 18:00:00+00:00,9673.97810495755
2024-04-25 19:00:00+00:00,9673.97810495755
2024-04-25 20:00:00+00:00,9673.97810495755
2024-04-25 21:00:00+00:00,9673.97810495755
2024-04-25 22:00:00+00:00,9673.97810495755
2024-04-25 23:00:00+00:00,9673.97810495755
2024-04-26 00:00:00+00:00,9673.97810495755
2024-04-26 02:00:00+00:00,9673.97810495755
2024-04-26 03:00:00+00:00,9673.97810495755
2024-04-26 04:00:00+00:00,9673.97810495755
2024-04-26 05:00:00+00:00,9673.97810495755
2024-04-26 06:00:00+00:00,9673.97810495755
2024-04-26 07:00:00+00:00,9673.97810495755
2024-04-26 08:00:00+00:00,9673.97810495755
2024-04-26 09:00:00+00:00,9673.97810495755
2024-04-26 10:00:00+00:00,9673.97810495755
2024-04-26 11:00:00+00:00,9673.97810495755
2024-04-26 12:00:00+00:00,9673.97810495755
2024-04-26 13:00:00+00:00,9673.97810495755
2024-04-26 14:00:00+00:00,9673.97810495755
2024-04-26 15:00:00+00:00,9673.97810495755
2024-04-26 16:00:00+00:00,9673.97810495755
2024-04-26 17:00:00+00:00,9673.97810495755
2024-04-26 18:00:00+00:00,9673.97810495755
2024-04-26 19:00:00+00:00,9673.97810495755
2024-04-26 20:00:00+00:00,9673.97810495755
2024-04-26 21:00:00+00:00,9673.97810495755
2024-04-26 22:00:00+00:00,9673.97810495755
2024-04-26 23:00:00+00:00,9673.97810495755
2024-04-27 00:00:00+00:00,9724.647907905171
2024-04-29 02:00:00+00:00,9797.351183470653
2024-04-29 03:00:00+00:00,9797.351183470653
2024-04-29 04:00:00+00:00,9846.004512835216
2024-04-29 05:00:00+00:00,9846.004512835216
2024-04-29 06:00:00+00:00,9895.024975245906
2024-04-29 07:00:00+00:00,9845.368144026754
2024-04-29 08:00:00+00:00,9845.368144026754
2024-04-29 09:00:00+00:00,9845.368144026754
2024-04-29 10:00:00+00:00,9845.368144026754
2024-04-29 11:00:00+00:00,9845.368144026754
2024-04-29 12:00:00+00:00,9845.368144026754
2024-04-29 13:00:00+00:00,9845.368144026754
2024-04-29 14:00:00+00:00,9845.368144026754
2024-04-29 15:00:00+00:00,9845.368144026754
2024-04-29 16:00:00+00:00,9845.368144026754
2024-04-29 17:00:00+00:00,9813.372796612444
2024-04-29 18:00:00+00:00,9813.372796612444
2024-04-29 19:00:00+00:00,9813.372796612444
2024-04-29 20:00:00+00:00,9813.372796612444
2024-04-29 21:00:00+00:00,9813.372796612444
2024-04-29 22:00:00+00:00,9813.372796612444
2024-04-29 23:00:00+00:00,9813.372796612444
2024-04-30 00:00:00+00:00,9813.372796612444
2024-04-30 02:00:00+00:00,9813.372796612444
2024-04-30 03:00:00+00:00,9813.372796612444
2024-04-30 04:00:00+00:00,9813.372796612444
2024-04-30 05:00:00+00:00,9813.372796612444
2024-04-30 06:00:00+00:00,9764.115846369355
2024-04-30 07:00:00+00:00,9764.115846369355
2024-04-30 08:00:00+00:00,9764.115846369355
2024-04-30 09:00:00+00:00,9764.115846369355
2024-04-30 10:00:00+00:00,9764.115846369355
2024-04-30 11:00:00+00:00,9764.115846369355
2024-04-30 12:00:00+00:00,9764.115846369355
2024-04-30 13:00:00+00:00,9764.115846369355
2024-04-30 14:00:00+00:00,9764.115846369355
2024-04-30 15:00:00+00:00,9764.115846369355
2024-04-30 16:00:00+00:00,9775.45064783021
2024-04-30 17:00:00+00:00,9775.45064783021
2024-04-30 18:00:00+00:00,9775.45064783021
2024-04-30 19:00:00+00:00,9775.45064783021
2024-04-30 20:00:00+00:00,9775.45064783021
2024-04-30 21:00:00+00:00,9775.45064783021
2024-04-30 22:00:00+00:00,9775.45064783021
2024-04-30 23:00:00+00:00,9775.45064783021
2024-05-01 00:00:00+00:00,9775.45064783021
2024-05-01 02:00:00+00:00,9775.45064783021
2024-05-01 03:00:00+00:00,9775.45064783021
2024-05-01 04:00:00+00:00,9775.45064783021
2024-05-01 05:00:00+00:00,9775.45064783021
2024-05-01 06:00:00+00:00,9784.376758688784
2024-05-01 07:00:00+00:00,9782.66200342233
2024-05-01 08:00:00+00:00,9782.66200342233
2024-05-01 09:00:00+00:00,9782.66200342233
2024-05-01 10:00:00+00:00,9782.66200342233
2024-05-01 11:00:00+00:00,9855.681544766587
2024-05-01 12:00:00+00:00,9855.681544766587
2024-05-01 13:00:00+00:00,9855.681544766587
2024-05-01 14:00:00+00:00,9855.681544766587
2024-05-01 15:00:00+00:00,9855.681544766587
2024-05-01 16:00:00+00:00,9855.681544766587
2024-05-01 17:00:00+00:00,9855.681544766587
2024-05-01 18:00:00+00:00,9855.681544766587
2024-05-01 19:00:00+00:00,9855.681544766587
2024-05-01 20:00:00+00:00,9855.681544766587
2024-05-01 21:00:00+00:00,9855.681544766587
2024-05-01 22:00:00+00:00,9855.681544766587
2024-05-01 23:00:00+00:00,9855.681544766587
2024-05-02 00:00:00+00:00,9855.681544766587
2024-05-02 02:00:00+00:00,9859.292217750335
2024-05-02 03:00:00+00:00,9859.292217750335
2024-05-02 04:00:00+00:00,9859.292217750335
2024-05-02 05:00:00+00:00,9859.292217750335
2024-05-02 06:00:00+00:00,9859.292217750335
2024-05-02 07:00:00+00:00,9859.292217750335
2024-05-02 08:00:00+00:00,9851.659003948627
2024-05-02 09:00:00+00:00,9851.659003948627
2024-05-02 10:00:00+00:00,9851.659003948627
2024-05-02 11:00:00+00:00,9851.659003948627
2024-05-02 12:00:00+00:00,9925.093534998628
2024-05-02 13:00:00+00:00,9925.093534998628
2024-05-02 14:00:00+00:00,10073.487130809439
2024-05-02 15:00:00+00:00,10073.487130809439
2024-05-02 16:00:00+00:00,10073.487130809439
2024-05-02 17:00:00+00:00,10073.487130809439
2024-05-02 18:00:00+00:00,10066.792497810422
2024-05-02 19:00:00+00:00,10066.792497810422
2024-05-02 20:00:00+00:00,10066.792497810422
2024-05-02 21:00:00+00:00,10066.792497810422
2024-05-02 22:00:00+00:00,10066.792497810422
2024-05-02 23:00:00+00:00,10066.792497810422
2024-05-03 00:00:00+00:00,10066.792497810422
2024-05-03 02:00:00+00:00,10066.792497810422
2024-05-03 03:00:00+00:00,10041.339241027279
2024-05-03 04:00:00+00:00,10041.339241027279
2024-05-03 05:00:00+00:00,10071.760220650762
2024-05-03 06:00:00+00:00,10071.760220650762
2024-05-03 07:00:00+00:00,10146.955158348275
2024-05-03 08:00:00+00:00,10146.955158348275
2024-05-03 09:00:00+00:00,10146.955158348275
2024-05-03 10:00:00+00:00,10146.955158348275
2024-05-03 11:00:00+00:00,10146.955158348275
2024-05-03 12:00:00+00:00,10146.955158348275
2024-05-03 13:00:00+00:00,10146.955158348275
2024-05-03 14:00:00+00:00,10146.955158348275
2024-05-03 15:00:00+00:00,10113.571344665748
2024-05-03 16:00:00+00:00,10113.571344665748
2024-05-03 17:00:00+00:00,10113.571344665748
2024-05-03 18:00:00+00:00,10113.571344665748
2024-05-03 19:00:00+00:00,10113.571344665748
2024-05-03 20:00:00+00:00,10113.571344665748
2024-05-03 21:00:00+00:00,10113.571344665748
2024-05-03 22:00:00+00:00,10113.571344665748
2024-05-03 23:00:00+00:00,10113.571344665748
2024-05-04 00:00:00+00:00,10113.571344665748
2024-05-06 02:00:00+00:00,10129.345814076622
2024-05-06 03:00:00+00:00,10108.956717658648
2024-05-06 04:00:00+00:00,10108.956717658648
2024-05-06 05:00:00+00:00,10108.956717658648
2024-05-06 06:00:00+00:00,10108.956717658648
2024-05-06 07:00:00+00:00,10108.956717658648
2024-05-06 08:00:00+00:00,10108.956717658648
2024-05-06 09:00:00+00:00,10058.151054960848
2024-05-06 10:00:00+00:00,10058.151054960848
2024-05-06 11:00:00+00:00,10058.151054960848
2024-05-06 12:00:00+00:00,10058.151054960848
2024-05-06 13:00:00+00:00,10058.151054960848
2024-05-06 14:00:00+00:00,10058.151054960848
2024-05-06 15:00:00+00:00,10007.305576889223
2024-05-06 16:00:00+00:00,10007.305576889223
2024-05-06 17:00:00+00:00,10007.305576889223
2024-05-06 18:00:00+00:00,9956.658238539452
2024-05-06 19:00:00+00:00,9956.658238539452
2024-05-06 20:00:00+00:00,9906.312988317442
2024-05-06 21:00:00+00:00,9906.312988317442
2024-05-06 22:00:00+00:00,9906.312988317442
2024-05-06 23:00:00+00:00,10004.840766853722
2024-05-07 00:00:00+00:00,10004.840766853722
2024-05-07 02:00:00+00:00,10004.840766853722
2024-05-07 03:00:00+00:00,10004.840766853722
2024-05-07 04:00:00+00:00,10004.840766853722
2024-05-07 05:00:00+00:00,10004.840766853722
2024-05-07 06:00:00+00:00,10019.95229630979
2024-05-07 07:00:00+00:00,10019.95229630979
2024-05-07 08:00:00+00:00,10019.95229630979
2024-05-07 09:00:00+00:00,9969.57100502502
2024-05-07 10:00:00+00:00,9969.57100502502
2024-05-07 11:00:00+00:00,10118.776391180085
2024-05-07 12:00:00+00:00,10118.776391180085
2024-05-07 13:00:00+00:00,10118.776391180085
2024-05-07 14:00:00+00:00,10118.776391180085
2024-05-07 15:00:00+00:00,10140.249519036583
2024-05-07 16:00:00+00:00,10140.249519036583
2024-05-07 17:00:00+00:00,10140.249519036583
2024-05-07 18:00:00+00:00,10122.127099863812
2024-05-07 19:00:00+00:00,10122.127099863812
2024-05-07 20:00:00+00:00,10122.127099863812
2024-05-07 21:00:00+00:00,10122.127099863812
2024-05-07 22:00:00+00:00,10116.047169868194
2024-05-07 23:00:00+00:00,10116.047169868194
2024-05-08 00:00:00+00:00,10116.047169868194
2024-05-08 02:00:00+00:00,10116.047169868194
2024-05-08 03:00:00+00:00,10116.047169868194
2024-05-08 04:00:00+00:00,10116.047169868194
2024-05-08 05:00:00+00:00,10116.047169868194
2024-05-08 06:00:00+00:00,10116.047169868194
2024-05-08 07:00:00+00:00,10116.047169868194
2024-05-08 08:00:00+00:00,10116.047169868194
2024-05-08 09:00:00+00:00,10115.700306662404
2024-05-08 10:00:00+00:00,10115.700306662404
2024-05-08 11:00:00+00:00,10115.700306662404
2024-05-08 12:00:00+00:00,10115.700306662404
2024-05-08 13:00:00+00:00,10115.700306662404
2024-05-08 14:00:00+00:00,10115.700306662404
2024-05-08 15:00:00+00:00,10115.700306662404
2024-05-08 16:00:00+00:00,10115.700306662404
2024-05-08 17:00:00+00:00,10131.797391096123
2024-05-08 18:00:00+00:00,10182.216574972936
2024-05-08 19:00:00+00:00,10182.216574972936
2024-05-08 20:00:00+00:00,10182.216574972936
2024-05-08 21:00:00+00:00,10182.216574972936
2024-05-08 22:00:00+00:00,10182.216574972936
2024-05-08 23:00:00+00:00,10182.216574972936
2024-05-09 00:00:00+00:00,10182.216574972936
2024-05-09 02:00:00+00:00,10182.216574972936
2024-05-09 03:00:00+00:00,10182.216574972936
2024-05-09 04:00:00+00:00,10182.216574972936
2024-05-09 05:00:00+00:00,10182.216574972936
2024-05-09 06:00:00+00:00,10182.216574972936
2024-05-09 07:00:00+00:00,10182.216574972936
2024-05-09 08:00:00+00:00,10207.532209643656
2024-05-09 09:00:00+00:00,10207.532209643656
2024-05-09 10:00:00+00:00,10207.532209643656
2024-05-09 11:00:00+00:00,10156.23302532835
2024-05-09 12:00:00+00:00,10156.23302532835
2024-05-09 13:00:00+00:00,10156.23302532835
2024-05-09 14:00:00+00:00,10156.23302532835
2024-05-09 15:00:00+00:00,10211.085709447854
2024-05-09 16:00:00+00:00,10200.919215586007
2024-05-09 17:00:00+00:00,10200.919215586007
2024-05-09 18:00:00+00:00,10198.907091149207
2024-05-09 19:00:00+00:00,10154.192265138488
2024-05-09 20:00:00+00:00,10103.137921825446
2024-05-09 21:00:00+00:00,10103.137921825446
2024-05-09 22:00:00+00:00,10103.137921825446
2024-05-09 23:00:00+00:00,10103.137921825446
2024-05-10 00:00:00+00:00,10103.137921825446
2024-05-10 02:00:00+00:00,10103.137921825446
2024-05-10 03:00:00+00:00,10103.137921825446
2024-05-10 04:00:00+00:00,10103.137921825446
2024-05-10 05:00:00+00:00,10103.137921825446
2024-05-10 06:00:00+00:00,10103.137921825446
2024-05-10 07:00:00+00:00,10103.137921825446
2024-05-10 08:00:00+00:00,10103.137921825446
2024-05-10 09:00:00+00:00,10103.137921825446
2024-05-10 10:00:00+00:00,10103.137921825446
2024-05-10 11:00:00+00:00,10103.137921825446
2024-05-10 12:00:00+00:00,10103.137921825446
2024-05-10 13:00:00+00:00,10103.137921825446
2024-05-10 14:00:00+00:00,10103.137921825446
2024-05-10 15:00:00+00:00,10103.137921825446
2024-05-10 16:00:00+00:00,10103.303287582867
2024-05-10 17:00:00+00:00,10103.303287582867
2024-05-10 18:00:00+00:00,10103.303287582867
2024-05-10 19:00:00+00:00,10063.915824159178
2024-05-10 20:00:00+00:00,10063.915824159178
2024-05-10 21:00:00+00:00,10063.915824159178
2024-05-10 22:00:00+00:00,10063.915824159178
2024-05-10 23:00:00+00:00,10063.915824159178
2024-05-11 00:00:00+00:00,10063.915824159178
2024-05-13 02:00:00+00:00,10063.915824159178
2024-05-13 03:00:00+00:00,10063.915824159178
2024-05-13 04:00:00+00:00,10063.915824159178
2024-05-13 05:00:00+00:00,10063.915824159178
2024-05-13 06:00:00+00:00,10138.956920999997
2024-05-13 07:00:00+00:00,10138.956920999997
2024-05-13 08:00:00+00:00,10138.956920999997
2024-05-13 09:00:00+00:00,10147.903893409555
2024-05-13 10:00:00+00:00,10147.903893409555
2024-05-13 11:00:00+00:00,10147.903893409555
2024-05-13 12:00:00+00:00,10096.96559809741
2024-05-13 13:00:00+00:00,10096.96559809741
2024-05-13 14:00:00+00:00,10046.225331334255
2024-05-13 15:00:00+00:00,9995.791515408304
2024-05-13 16:00:00+00:00,9995.791515408304
2024-05-13 17:00:00+00:00,9995.791515408304
2024-05-13 18:00:00+00:00,10005.207665159367
2024-05-13 19:00:00+00:00,9990.504729457234
2024-05-13 20:00:00+00:00,9990.504729457234
2024-05-13 21:00:00+00:00,9990.504729457234
2024-05-13 22:00:00+00:00,9990.504729457234
2024-05-13 23:00:00+00:00,9990.504729457234
2024-05-14 00:00:00+00:00,9990.504729457234
2024-05-14 02:00:00+00:00,9990.504729457234
2024-05-14 03:00:00+00:00,9990.504729457234
2024-05-14 04:00:00+00:00,9990.504729457234
2024-05-14 05:00:00+00:00,9990.504729457234
2024-05-14 06:00:00+00:00,9990.504729457234
2024-05-14 07:00:00+00:00,9990.504729457234
2024-05-14 08:00:00+00:00,9990.504729457234
2024-05-14 09:00:00+00:00,9990.504729457234
2024-05-14 10:00:00+00:00,9990.504729457234
2024-05-14 11:00:00+00:00,9948.818223041073
2024-05-14 12:00:00+00:00,9948.818223041073
2024-05-14 13:00:00+00:00,9948.818223041073
2024-05-14 14:00:00+00:00,9948.818223041073
2024-05-14 15:00:00+00:00,9948.818223041073
2024-05-14 16:00:00+00:00,9948.818223041073
2024-05-14 17:00:00+00:00,9948.818223041073
2024-05-14 18:00:00+00:00,9948.818223041073
2024-05-14 19:00:00+00:00,9948.818223041073
2024-05-14 20:00:00+00:00,9948.818223041073
2024-05-14 21:00:00+00:00,9948.818223041073
2024-05-14 22:00:00+00:00,9948.818223041073
2024-05-14 23:00:00+00:00,9898.873225459934
2024-05-15 00:00:00+00:00,9898.873225459934
2024-05-15 02:00:00+00:00,9898.873225459934
2024-05-15 03:00:00+00:00,9898.873225459934
2024-05-15 04:00:00+00:00,9898.873225459934
2024-05-15 05:00:00+00:00,9898.873225459934
2024-05-15 06:00:00+00:00,9898.873225459934
2024-05-15 07:00:00+00:00,9898.873225459934
2024-05-15 08:00:00+00:00,9898.873225459934
2024-05-15 09:00:00+00:00,9895.87094703219
2024-05-15 10:00:00+00:00,9895.87094703219
2024-05-15 11:00:00+00:00,9895.87094703219
2024-05-15 12:00:00+00:00,9895.87094703219
2024-05-15 13:00:00+00:00,9888.328880772788
2024-05-15 14:00:00+00:00,9888.328880772788
2024-05-15 15:00:00+00:00,9888.328880772788
2024-05-15 16:00:00+00:00,9937.470998070154
2024-05-15 17:00:00+00:00,9937.470998070154
2024-05-15 18:00:00+00:00,9937.470998070154
2024-05-15 19:00:00+00:00,9937.470998070154
2024-05-15 20:00:00+00:00,9937.470998070154
2024-05-15 21:00:00+00:00,9937.470998070154
2024-05-15 22:00:00+00:00,10021.412642177209
2024-05-15 23:00:00+00:00,10021.412642177209
2024-05-16 00:00:00+00:00,10021.412642177209
2024-05-16 02:00:00+00:00,10021.412642177209
2024-05-16 03:00:00+00:00,10021.412642177209
2024-05-16 04:00:00+00:00,10021.412642177209
2024-05-16 05:00:00+00:00,10021.412642177209
2024-05-16 06:00:00+00:00,10021.412642177209
2024-05-16 07:00:00+00:00,10021.412642177209
2024-05-16 08:00:00+00:00,10096.307618158802
2024-05-16 09:00:00+00:00,10096.307618158802
2024-05-16 10:00:00+00:00,10096.307618158802
2024-05-16 11:00:00+00:00,10096.307618158802
2024-05-16 12:00:00+00:00,10045.459184651387
2024-05-16 13:00:00+00:00,10045.459184651387
2024-05-16 14:00:00+00:00,10045.459184651387
2024-05-16 15:00:00+00:00,10037.896373323618
2024-05-16 16:00:00+00:00,10040.00621695331
2024-05-16 17:00:00+00:00,10040.00621695331
2024-05-16 18:00:00+00:00,10040.00621695331
2024-05-16 19:00:00+00:00,10040.00621695331
2024-05-16 20:00:00+00:00,10040.00621695331
2024-05-16 21:00:00+00:00,10040.00621695331
2024-05-16 22:00:00+00:00,10083.39843858646
2024-05-16 23:00:00+00:00,10083.961936493006
2024-05-17 00:00:00+00:00,10083.961936493006
2024-05-17 02:00:00+00:00,10083.961936493006
2024-05-17 03:00:00+00:00,10083.961936493006
2024-05-17 04:00:00+00:00,10083.961936493006
2024-05-17 05:00:00+00:00,10083.961936493006
2024-05-17 06:00:00+00:00,10083.961936493006
2024-05-17 07:00:00+00:00,10083.961936493006
2024-05-17 08:00:00+00:00,10083.961936493006
2024-05-17 09:00:00+00:00,10083.961936493006
2024-05-17 10:00:00+00:00,10083.961936493006
2024-05-17 11:00:00+00:00,10083.961936493006
2024-05-17 12:00:00+00:00,10083.961936493006
2024-05-17 13:00:00+00:00,10083.961936493006
2024-05-17 14:00:00+00:00,10033.04953201105
2024-05-17 15:00:00+00:00,10033.04953201105
2024-05-17 16:00:00+00:00,10033.04953201105
2024-05-17 17:00:00+00:00,10033.04953201105
2024-05-17 18:00:00+00:00,9982.39615993196
2024-05-17 19:00:00+00:00,9982.39615993196
2024-05-17 20:00:00+00:00,9982.39615993196
2024-05-17 21:00:00+00:00,9982.39615993196
2024-05-17 22:00:00+00:00,9962.541173871768
2024-05-17 23:00:00+00:00,9962.541173871768
2024-05-18 00:00:00+00:00,9962.541173871768
2024-05-20 02:00:00+00:00,9962.541173871768
2024-05-20 03:00:00+00:00,9962.541173871768
2024-05-20 04:00:00+00:00,9922.637372796684
2024-05-20 05:00:00+00:00,9922.637372796684
2024-05-20 06:00:00+00:00,9922.637372796684
2024-05-20 07:00:00+00:00,9922.637372796684
2024-05-20 08:00:00+00:00,9922.637372796684
2024-05-20 09:00:00+00:00,10021.396097934488
2024-05-20 10:00:00+00:00,10021.396097934488
2024-05-20 11:00:00+00:00,10021.396097934488
2024-05-20 12:00:00+00:00,10021.396097934488
2024-05-20 13:00:00+00:00,10021.396097934488
2024-05-20 14:00:00+00:00,9971.018139119044
2024-05-20 15:00:00+00:00,9971.018139119044
2024-05-20 16:00:00+00:00,9958.574429779226
2024-05-20 17:00:00+00:00,9958.574429779226
2024-05-20 18:00:00+00:00,9958.574429779226
2024-05-20 19:00:00+00:00,9958.574429779226
2024-05-20 20:00:00+00:00,10057.725497430383
2024-05-20 21:00:00+00:00,10057.725497430383
2024-05-20 22:00:00+00:00,10057.725497430383
2024-05-20 23:00:00+00:00,10057.725497430383
2024-05-21 00:00:00+00:00,10032.304706786075
2024-05-21 02:00:00+00:00,10032.304706786075
2024-05-21 03:00:00+00:00,10032.304706786075
2024-05-21 04:00:00+00:00,10032.304706786075
2024-05-21 05:00:00+00:00,10032.304706786075
2024-05-21 06:00:00+00:00,10014.808304212942
2024-05-21 07:00:00+00:00,10016.317610910119
2024-05-21 08:00:00+00:00,10016.317610910119
2024-05-21 09:00:00+00:00,10016.317610910119
2024-05-21 10:00:00+00:00,10016.317610910119
2024-05-21 11:00:00+00:00,10016.317610910119
2024-05-21 12:00:00+00:00,10016.317610910119
2024-05-21 13:00:00+00:00,10016.317610910119
2024-05-21 14:00:00+00:00,10016.317610910119
2024-05-21 15:00:00+00:00,10013.57032937068
2024-05-21 16:00:00+00:00,10013.57032937068
2024-05-21 17:00:00+00:00,10013.57032937068
2024-05-21 18:00:00+00:00,9963.273423603463
2024-05-21 19:00:00+00:00,9963.273423603463
2024-05-21 20:00:00+00:00,9963.273423603463
2024-05-21 21:00:00+00:00,9963.273423603463
2024-05-21 22:00:00+00:00,9944.347284295818
2024-05-21 23:00:00+00:00,9944.347284295818
2024-05-22 00:00:00+00:00,9944.347284295818
2024-05-22 02:00:00+00:00,9944.347284295818
2024-05-22 03:00:00+00:00,9944.347284295818
2024-05-22 04:00:00+00:00,9944.347284295818
2024-05-22 05:00:00+00:00,9944.347284295818
2024-05-22 06:00:00+00:00,9944.347284295818
2024-05-22 07:00:00+00:00,9944.347284295818
2024-05-22 08:00:00+00:00,9944.347284295818
2024-05-22 09:00:00+00:00,9993.947482573203
2024-05-22 10:00:00+00:00,10043.748774086454
2024-05-22 11:00:00+00:00,10043.748774086454
2024-05-22 12:00:00+00:00,10093.810899605816
2024-05-22 13:00:00+00:00,10093.810899605816
2024-05-22 14:00:00+00:00,10093.810899605816
2024-05-22 15:00:00+00:00,10093.810899605816
2024-05-22 16:00:00+00:00,10093.810899605816
2024-05-22 17:00:00+00:00,10093.810899605816
2024-05-22 18:00:00+00:00,10071.237865065776
2024-05-22 19:00:00+00:00,10071.237865065776
2024-05-22 20:00:00+00:00,10071.237865065776
2024-05-22 21:00:00+00:00,10071.237865065776
2024-05-22 22:00:00+00:00,10071.237865065776
2024-05-22 23:00:00+00:00,10071.237865065776
2024-05-23 00:00:00+00:00,10071.237865065776
2024-05-23 02:00:00+00:00,10071.237865065776
2024-05-23 03:00:00+00:00,10071.237865065776
2024-05-23 04:00:00+00:00,10071.237865065776
2024-05-23 05:00:00+00:00,10071.237865065776
2024-05-23 06:00:00+00:00,10071.237865065776
2024-05-23 07:00:00+00:00,10071.237865065776
2024-05-23 08:00:00+00:00,10071.237865065776
2024-05-23 09:00:00+00:00,10071.237865065776
2024-05-23 10:00:00+00:00,10071.237865065776
2024-05-23 11:00:00+00:00,10071.237865065776
2024-05-23 12:00:00+00:00,10071.237865065776
2024-05-23 13:00:00+00:00,10071.237865065776
2024-05-23 14:00:00+00:00,10071.237865065776
2024-05-23 15:00:00+00:00,10071.237865065776
2024-05-23 16:00:00+00:00,10085.87243304566
2024-05-23 17:00:00+00:00,10085.87243304566
2024-05-23 18:00:00+00:00,10085.87243304566
2024-05-23 19:00:00+00:00,10085.87243304566
2024-05-23 20:00:00+00:00,10085.87243304566
2024-05-23 21:00:00+00:00,10085.87243304566
2024-05-23 22:00:00+00:00,10085.87243304566
2024-05-23 23:00:00+00:00,10085.87243304566
2024-05-24 00:00:00+00:00,10099.984306407363
2024-05-24 02:00:00+00:00,10097.997623152145
2024-05-24 03:00:00+00:00,10097.997623152145
2024-05-24 04:00:00+00:00,10097.997623152145
2024-05-24 05:00:00+00:00,10097.997623152145
2024-05-24 06:00:00+00:00,10097.997623152145
2024-05-24 07:00:00+00:00,10097.997623152145
2024-05-24 08:00:00+00:00,10097.997623152145
2024-05-24 09:00:00+00:00,10097.997623152145
2024-05-24 10:00:00+00:00,10128.554531615517
2024-05-24 11:00:00+00:00,10128.554531615517
2024-05-24 12:00:00+00:00,10128.554531615517
2024-05-24 13:00:00+00:00,10115.08168007495
2024-05-24 14:00:00+00:00,10115.08168007495
2024-05-24 15:00:00+00:00,10115.08168007495
2024-05-24 16:00:00+00:00,10115.08168007495
2024-05-24 17:00:00+00:00,10115.08168007495
2024-05-24 18:00:00+00:00,10115.08168007495
2024-05-24 19:00:00+00:00,10115.08168007495
2024-05-24 20:00:00+00:00,10075.4028071016
2024-05-24 21:00:00+00:00,10075.4028071016
2024-05-24 22:00:00+00:00,10075.4028071016
2024-05-24 23:00:00+00:00,10075.4028071016
2024-05-25 00:00:00+00:00,10075.4028071016
2024-05-27 02:00:00+00:00,10075.4028071016
2024-05-27 03:00:00+00:00,10075.4028071016
2024-05-27 04:00:00+00:00,10075.4028071016
2024-05-27 05:00:00+00:00,10075.4028071016
2024-05-27 06:00:00+00:00,10175.444057402845
2024-05-27 07:00:00+00:00,10175.444057402845
2024-05-27 08:00:00+00:00,10175.444057402845
2024-05-27 09:00:00+00:00,10175.444057402845
2024-05-27 10:00:00+00:00,10161.621238951471
2024-05-27 11:00:00+00:00,10161.621238951471
2024-05-27 12:00:00+00:00,10117.080383462906
2024-05-27 13:00:00+00:00,10117.080383462906
2024-05-27 14:00:00+00:00,10066.191872192412
2024-05-27 15:00:00+00:00,10116.037844991706
2024-05-27 16:00:00+00:00,10116.037844991706
2024-05-27 17:00:00+00:00,10064.989243018612
2024-05-27 18:00:00+00:00,10064.989243018612
2024-05-27 19:00:00+00:00,10064.989243018612
2024-05-27 20:00:00+00:00,10165.190034862493
2024-05-27 21:00:00+00:00,10165.190034862493
2024-05-27 22:00:00+00:00,10241.127936584931
2024-05-27 23:00:00+00:00,10241.127936584931
2024-05-28 00:00:00+00:00,10241.127936584931
2024-05-28 02:00:00+00:00,10241.127936584931
2024-05-28 03:00:00+00:00,10232.938109834893
2024-05-28 04:00:00+00:00,10232.938109834893
2024-05-28 05:00:00+00:00,10232.938109834893
2024-05-28 06:00:00+00:00,10232.938109834893
2024-05-28 07:00:00+00:00,10232.938109834893
2024-05-28 08:00:00+00:00,10232.938109834893
2024-05-28 09:00:00+00:00,10232.938109834893
2024-05-28 10:00:00+00:00,10232.938109834893
2024-05-28 11:00:00+00:00,10232.938109834893
2024-05-28 12:00:00+00:00,10232.938109834893
2024-05-28 13:00:00+00:00,10232.938109834893
2024-05-28 14:00:00+00:00,10232.938109834893
2024-05-28 15:00:00+00:00,10215.896485503219
2024-05-28 16:00:00+00:00,10215.896485503219
2024-05-28 17:00:00+00:00,10215.896485503219
2024-05-28 18:00:00+00:00,10215.896485503219
2024-05-28 19:00:00+00:00,10215.896485503219
2024-05-28 20:00:00+00:00,10215.896485503219
2024-05-28 21:00:00+00:00,10215.896485503219
2024-05-28 22:00:00+00:00,10215.896485503219
2024-05-28 23:00:00+00:00,10276.307324790963
2024-05-29 00:00:00+00:00,10276.307324790963
2024-05-29 02:00:00+00:00,10276.307324790963
2024-05-29 03:00:00+00:00,10276.307324790963
2024-05-29 04:00:00+00:00,10276.307324790963
2024-05-29 05:00:00+00:00,10276.307324790963
2024-05-29 06:00:00+00:00,10276.307324790963
2024-05-29 07:00:00+00:00,10276.307324790963
2024-05-29 08:00:00+00:00,10276.307324790963
2024-05-29 09:00:00+00:00,10276.307324790963
2024-05-29 10:00:00+00:00,10276.307324790963
2024-05-29 11:00:00+00:00,10276.307324790963
2024-05-29 12:00:00+00:00,10276.307324790963
2024-05-29 13:00:00+00:00,10276.307324790963
2024-05-29 14:00:00+00:00,10276.307324790963
2024-05-29 15:00:00+00:00,10278.122472130179
2024-05-29 16:00:00+00:00,10278.122472130179
2024-05-29 17:00:00+00:00,10278.122472130179
2024-05-29 18:00:00+00:00,10278.122472130179
2024-05-29 19:00:00+00:00,10278.122472130179
2024-05-29 20:00:00+00:00,10278.122472130179
2024-05-29 21:00:00+00:00,10278.122472130179
2024-05-29 22:00:00+00:00,10278.122472130179
2024-05-29 23:00:00+00:00,10311.865852070385
2024-05-30 00:00:00+00:00,10311.865852070385
2024-05-30 02:00:00+00:00,10311.865852070385
2024-05-30 03:00:00+00:00,10311.865852070385
2024-05-30 04:00:00+00:00,10311.865852070385
2024-05-30 05:00:00+00:00,10311.865852070385
2024-05-30 06:00:00+00:00,10311.865852070385
2024-05-30 07:00:00+00:00,10311.865852070385
2024-05-30 08:00:00+00:00,10311.865852070385
2024-05-30 09:00:00+00:00,10311.865852070385
2024-05-30 10:00:00+00:00,10311.865852070385
2024-05-30 11:00:00+00:00,10311.865852070385
2024-05-30 12:00:00+00:00,10311.865852070385
2024-05-30 13:00:00+00:00,10298.914259710507
2024-05-30 14:00:00+00:00,10298.914259710507
2024-05-30 15:00:00+00:00,10298.914259710507
2024-05-30 16:00:00+00:00,10298.914259710507
2024-05-30 17:00:00+00:00,10298.914259710507
2024-05-30 18:00:00+00:00,10298.914259710507
2024-05-30 19:00:00+00:00,10298.914259710507
2024-05-30 20:00:00+00:00,10298.914259710507
2024-05-30 21:00:00+00:00,10298.914259710507
2024-05-30 22:00:00+00:00,10298.914259710507
2024-05-30 23:00:00+00:00,10298.914259710507
2024-05-31 00:00:00+00:00,10298.914259710507
2024-05-31 02:00:00+00:00,10298.914259710507
2024-05-31 03:00:00+00:00,10298.914259710507
2024-05-31 04:00:00+00:00,10224.785382379814
2024-05-31 05:00:00+00:00,10224.785382379814
2024-05-31 06:00:00+00:00,10205.032930852723
2024-05-31 07:00:00+00:00,10205.032930852723
2024-05-31 08:00:00+00:00,10205.032930852723
2024-05-31 09:00:00+00:00,10203.680996189147
2024-05-31 10:00:00+00:00,10203.680996189147
2024-05-31 11:00:00+00:00,10203.680996189147
2024-05-31 12:00:00+00:00,10203.680996189147
2024-05-31 13:00:00+00:00,10203.680996189147
2024-05-31 14:00:00+00:00,10203.680996189147
2024-05-31 15:00:00+00:00,10203.680996189147
2024-05-31 16:00:00+00:00,10203.680996189147
2024-05-31 17:00:00+00:00,10203.680996189147
2024-05-31 18:00:00+00:00,10203.680996189147
2024-05-31 19:00:00+00:00,10203.680996189147
2024-05-31 20:00:00+00:00,10203.680996189147
2024-05-31 21:00:00+00:00,10203.680996189147
2024-05-31 22:00:00+00:00,10203.680996189147
2024-05-31 23:00:00+00:00,10203.680996189147
2024-06-01 00:00:00+00:00,10203.680996189147
2024-06-03 02:00:00+00:00,10203.680996189147
2024-06-03 03:00:00+00:00,10183.188901375383
2024-06-03 04:00:00+00:00,10177.08791073315
2024-06-03 05:00:00+00:00,10177.08791073315
2024-06-03 06:00:00+00:00,10177.08791073315
2024-06-03 07:00:00+00:00,10177.08791073315
2024-06-03 08:00:00+00:00,10177.08791073315
2024-06-03 09:00:00+00:00,10177.08791073315
2024-06-03 10:00:00+00:00,10177.08791073315
2024-06-03 11:00:00+00:00,10177.08791073315
2024-06-03 12:00:00+00:00,10177.08791073315
2024-06-03 13:00:00+00:00,10187.54736101325
2024-06-03 14:00:00+00:00,10187.54736101325
2024-06-03 15:00:00+00:00,10187.54736101325
2024-06-03 16:00:00+00:00,10187.54736101325
2024-06-03 17:00:00+00:00,10136.386231231176
2024-06-03 18:00:00+00:00,10136.386231231176
2024-06-03 19:00:00+00:00,10136.386231231176
2024-06-03 20:00:00+00:00,10136.386231231176
2024-06-03 21:00:00+00:00,10136.386231231176
2024-06-03 22:00:00+00:00,10136.386231231176
2024-06-03 23:00:00+00:00,10136.386231231176
2024-06-04 00:00:00+00:00,10136.386231231176
2024-06-04 02:00:00+00:00,10136.386231231176
2024-06-04 03:00:00+00:00,10136.386231231176
2024-06-04 04:00:00+00:00,10136.386231231176
2024-06-04 05:00:00+00:00,10136.386231231176
2024-06-04 06:00:00+00:00,10136.386231231176
2024-06-04 07:00:00+00:00,10136.386231231176
2024-06-04 08:00:00+00:00,10136.386231231176
2024-06-04 09:00:00+00:00,10085.230398516835
2024-06-04 10:00:00+00:00,10085.230398516835
2024-06-04 11:00:00+00:00,10085.230398516835
2024-06-04 12:00:00+00:00,10033.999356404343
2024-06-04 13:00:00+00:00,10033.999356404343
2024-06-04 14:00:00+00:00,10033.999356404343
2024-06-04 15:00:00+00:00,9982.984330567688
2024-06-04 16:00:00+00:00,9982.984330567688
2024-06-04 17:00:00+00:00,9982.984330567688
2024-06-04 18:00:00+00:00,9982.984330567688
2024-06-04 19:00:00+00:00,9982.984330567688
2024-06-04 20:00:00+00:00,9932.370250588752
2024-06-04 21:00:00+00:00,9932.370250588752
2024-06-04 22:00:00+00:00,9932.370250588752
2024-06-04 23:00:00+00:00,9932.370250588752
2024-06-05 00:00:00+00:00,9932.370250588752
2024-06-05 02:00:00+00:00,9932.370250588752
2024-06-05 03:00:00+00:00,9932.370250588752
2024-06-05 04:00:00+00:00,9882.032085569168
2024-06-05 05:00:00+00:00,9882.032085569168
2024-06-05 06:00:00+00:00,9882.032085569168
2024-06-05 07:00:00+00:00,9882.032085569168
2024-06-05 08:00:00+00:00,9882.032085569168
2024-06-05 09:00:00+00:00,9882.032085569168
2024-06-05 10:00:00+00:00,9882.032085569168
2024-06-05 11:00:00+00:00,9882.032085569168
2024-06-05 12:00:00+00:00,9831.919316629763
2024-06-05 13:00:00+00:00,9781.994508806843
2024-06-05 14:00:00+00:00,9781.994508806843
2024-06-05 15:00:00+00:00,9830.17365163572
2024-06-05 16:00:00+00:00,9780.339105293506
2024-06-05 17:00:00+00:00,9730.815247276172
2024-06-05 18:00:00+00:00,9730.815247276172
2024-06-05 19:00:00+00:00,9730.815247276172
2024-06-05 20:00:00+00:00,9730.815247276172
2024-06-05 21:00:00+00:00,9730.815247276172
2024-06-05 22:00:00+00:00,9730.815247276172
2024-06-05 23:00:00+00:00,9730.815247276172
2024-06-06 00:00:00+00:00,9730.815247276172
2024-06-06 02:00:00+00:00,9730.815247276172
2024-06-06 03:00:00+00:00,9730.815247276172
2024-06-06 04:00:00+00:00,9751.494001184969
2024-06-06 05:00:00+00:00,9751.494001184969
2024-06-06 06:00:00+00:00,9751.494001184969
2024-06-06 07:00:00+00:00,9751.494001184969
2024-06-06 08:00:00+00:00,9751.494001184969
2024-06-06 09:00:00+00:00,9751.494001184969
2024-06-06 10:00:00+00:00,9751.494001184969
2024-06-06 11:00:00+00:00,9751.494001184969
2024-06-06 12:00:00+00:00,9751.494001184969
2024-06-06 13:00:00+00:00,9751.494001184969
2024-06-06 14:00:00+00:00,9774.159121962253
2024-06-06 15:00:00+00:00,9774.159121962253
2024-06-06 16:00:00+00:00,9822.686004956056
2024-06-06 17:00:00+00:00,9822.686004956056
2024-06-06 18:00:00+00:00,9822.686004956056
2024-06-06 19:00:00+00:00,9822.686004956056
2024-06-06 20:00:00+00:00,9822.686004956056
2024-06-06 21:00:00+00:00,9822.686004956056
2024-06-06 22:00:00+00:00,9910.223018001947
2024-06-06 23:00:00+00:00,9899.4638778322
2024-06-07 00:00:00+00:00,9899.4638778322
2024-06-07 02:00:00+00:00,9899.4638778322
2024-06-07 03:00:00+00:00,9899.4638778322
2024-06-07 04:00:00+00:00,9899.4638778322
2024-06-07 05:00:00+00:00,9899.4638778322
2024-06-07 06:00:00+00:00,9899.4638778322
2024-06-07 07:00:00+00:00,9899.4638778322
2024-06-07 08:00:00+00:00,9899.4638778322
2024-06-07 09:00:00+00:00,9899.4638778322
2024-06-07 10:00:00+00:00,9899.4638778322
2024-06-07 11:00:00+00:00,9899.4638778322
2024-06-07 12:00:00+00:00,9899.4638778322
2024-06-07 13:00:00+00:00,9899.4638778322
2024-06-07 14:00:00+00:00,9899.4638778322
2024-06-07 15:00:00+00:00,9899.4638778322
2024-06-07 16:00:00+00:00,9849.549027620344
2024-06-07 17:00:00+00:00,9849.549027620344
2024-06-07 18:00:00+00:00,9849.549027620344
2024-06-07 19:00:00+00:00,9849.549027620344
2024-06-07 20:00:00+00:00,9849.549027620344
2024-06-07 21:00:00+00:00,9849.549027620344
2024-06-07 22:00:00+00:00,9849.549027620344
2024-06-07 23:00:00+00:00,9849.549027620344
2024-06-08 00:00:00+00:00,9810.41719799384
2024-06-10 02:00:00+00:00,9810.41719799384
2024-06-10 03:00:00+00:00,9810.41719799384
2024-06-10 04:00:00+00:00,9810.41719799384
2024-06-10 05:00:00+00:00,9908.019147651841
2024-06-10 06:00:00+00:00,9908.019147651841
2024-06-10 07:00:00+00:00,9908.019147651841
2024-06-10 08:00:00+00:00,9908.019147651841
2024-06-10 09:00:00+00:00,9908.243853938073
2024-06-10 10:00:00+00:00,9908.243853938073
2024-06-10 11:00:00+00:00,9884.334832793007
2024-06-10 12:00:00+00:00,9958.210129603905
2024-06-10 13:00:00+00:00,9958.210129603905
2024-06-10 14:00:00+00:00,9958.210129603905
2024-06-10 15:00:00+00:00,9958.210129603905
2024-06-10 16:00:00+00:00,9958.210129603905
2024-06-10 17:00:00+00:00,9958.210129603905
2024-06-10 18:00:00+00:00,9958.210129603905
2024-06-10 19:00:00+00:00,9958.210129603905
2024-06-10 20:00:00+00:00,9958.210129603905
2024-06-10 21:00:00+00:00,9958.210129603905
2024-06-10 22:00:00+00:00,9958.210129603905
2024-06-10 23:00:00+00:00,9958.210129603905
2024-06-11 00:00:00+00:00,9945.614952829035
2024-06-11 02:00:00+00:00,9945.614952829035
2024-06-11 03:00:00+00:00,9921.299803533777
2024-06-11 04:00:00+00:00,9921.299803533777
2024-06-11 05:00:00+00:00,9921.299803533777
2024-06-11 06:00:00+00:00,9921.299803533777
2024-06-11 07:00:00+00:00,9921.299803533777
2024-06-11 08:00:00+00:00,9921.299803533777
2024-06-11 09:00:00+00:00,9921.299803533777
2024-06-11 10:00:00+00:00,9921.299803533777
2024-06-11 11:00:00+00:00,9921.299803533777
2024-06-11 12:00:00+00:00,9921.299803533777
2024-06-11 13:00:00+00:00,10069.828969403736
2024-06-11 14:00:00+00:00,10069.828969403736
2024-06-11 15:00:00+00:00,10047.211897715255
2024-06-11 16:00:00+00:00,10047.211897715255
2024-06-11 17:00:00+00:00,10047.211897715255
2024-06-11 18:00:00+00:00,10047.211897715255
2024-06-11 19:00:00+00:00,10047.211897715255
2024-06-11 20:00:00+00:00,10047.211897715255
2024-06-11 21:00:00+00:00,9996.549099056872
2024-06-11 22:00:00+00:00,9996.549099056872
2024-06-11 23:00:00+00:00,9996.549099056872
2024-06-12 00:00:00+00:00,9996.549099056872
2024-06-12 02:00:00+00:00,9996.549099056872
2024-06-12 03:00:00+00:00,9996.549099056872
2024-06-12 04:00:00+00:00,9996.549099056872
2024-06-12 05:00:00+00:00,9983.232708544212
2024-06-12 06:00:00+00:00,9932.83141980814
2024-06-12 07:00:00+00:00,9932.83141980814
2024-06-12 08:00:00+00:00,9932.83141980814
2024-06-12 09:00:00+00:00,9943.856951565165
2024-06-12 10:00:00+00:00,9943.856951565165
2024-06-12 11:00:00+00:00,9943.856951565165
2024-06-12 12:00:00+00:00,9943.856951565165
2024-06-12 13:00:00+00:00,9943.856951565165
2024-06-12 14:00:00+00:00,9943.856951565165
2024-06-12 15:00:00+00:00,9943.856951565165
2024-06-12 16:00:00+00:00,9943.856951565165
2024-06-12 17:00:00+00:00,9943.856951565165
2024-06-12 18:00:00+00:00,9973.027990870294
2024-06-12 19:00:00+00:00,9973.027990870294
2024-06-12 20:00:00+00:00,9973.027990870294
2024-06-12 21:00:00+00:00,9973.027990870294
2024-06-12 22:00:00+00:00,9976.514319399937
2024-06-12 23:00:00+00:00,9966.011140976665
2024-06-13 00:00:00+00:00,9966.011140976665
2024-06-13 02:00:00+00:00,9966.011140976665
2024-06-13 03:00:00+00:00,9966.011140976665
2024-06-13 04:00:00+00:00,9946.92240059338
2024-06-13 05:00:00+00:00,9946.92240059338
2024-06-13 06:00:00+00:00,9946.92240059338
2024-06-13 07:00:00+00:00,9946.92240059338
2024-06-13 08:00:00+00:00,9946.92240059338
2024-06-13 09:00:00+00:00,9911.791742582975
2024-06-13 10:00:00+00:00,9911.791742582975
2024-06-13 11:00:00+00:00,9911.791742582975
2024-06-13 12:00:00+00:00,9911.791742582975
2024-06-13 13:00:00+00:00,9911.791742582975
2024-06-13 14:00:00+00:00,9911.791742582975
2024-06-13 15:00:00+00:00,9911.791742582975
2024-06-13 16:00:00+00:00,9911.791742582975
2024-06-13 17:00:00+00:00,9911.791742582975
2024-06-13 18:00:00+00:00,9911.791742582975
2024-06-13 19:00:00+00:00,9911.791742582975
2024-06-13 20:00:00+00:00,9911.791742582975
2024-06-13 21:00:00+00:00,9911.791742582975
2024-06-13 22:00:00+00:00,10018.18312625675
2024-06-13 23:00:00+00:00,10018.18312625675
2024-06-14 00:00:00+00:00,10018.18312625675
2024-06-14 02:00:00+00:00,10010.300642134687
2024-06-14 03:00:00+00:00,10010.300642134687
2024-06-14 04:00:00+00:00,10010.300642134687
2024-06-14 05:00:00+00:00,10032.880081429053
2024-06-14 06:00:00+00:00,9982.30277603737
2024-06-14 07:00:00+00:00,9982.30277603737
2024-06-14 08:00:00+00:00,9982.30277603737
2024-06-14 09:00:00+00:00,9982.30277603737
2024-06-14 10:00:00+00:00,9982.30277603737
2024-06-14 11:00:00+00:00,9982.30277603737
2024-06-14 12:00:00+00:00,9982.30277603737
2024-06-14 13:00:00+00:00,9982.30277603737
2024-06-14 14:00:00+00:00,9958.046218952974
2024-06-14 15:00:00+00:00,9901.118081453806
2024-06-14 16:00:00+00:00,9901.118081453806
2024-06-14 17:00:00+00:00,9901.118081453806
2024-06-14 18:00:00+00:00,9851.239423209347
2024-06-14 19:00:00+00:00,9801.679697322508
2024-06-14 20:00:00+00:00,9801.679697322508
2024-06-14 21:00:00+00:00,9850.435667646885
2024-06-14 22:00:00+00:00,9850.435667646885
2024-06-14 23:00:00+00:00,9823.48655627222
2024-06-15 00:00:00+00:00,9823.48655627222
2024-06-17 02:00:00+00:00,9823.48655627222
2024-06-17 03:00:00+00:00,9823.48655627222
2024-06-17 04:00:00+00:00,9823.48655627222
2024-06-17 05:00:00+00:00,9823.48655627222
2024-06-17 06:00:00+00:00,9823.48655627222
2024-06-17 07:00:00+00:00,9823.48655627222
2024-06-17 08:00:00+00:00,9823.48655627222
2024-06-17 09:00:00+00:00,9823.48655627222
2024-06-17 10:00:00+00:00,9774.123987869045
2024-06-17 11:00:00+00:00,9774.123987869045
2024-06-17 12:00:00+00:00,9774.123987869045
2024-06-17 13:00:00+00:00,9822.70087063055
2024-06-17 14:00:00+00:00,9822.70087063055
2024-06-17 15:00:00+00:00,9822.70087063055
2024-06-17 16:00:00+00:00,9822.378224503926
2024-06-17 17:00:00+00:00,9822.378224503926
2024-06-17 18:00:00+00:00,9796.740148730994
2024-06-17 19:00:00+00:00,9796.740148730994
2024-06-17 20:00:00+00:00,9796.740148730994
2024-06-17 21:00:00+00:00,9796.740148730994
2024-06-17 22:00:00+00:00,9796.740148730994
2024-06-17 23:00:00+00:00,9796.740148730994
2024-06-18 00:00:00+00:00,9796.740148730994
2024-06-18 02:00:00+00:00,9796.740148730994
2024-06-18 03:00:00+00:00,9796.740148730994
2024-06-18 04:00:00+00:00,9796.740148730994
2024-06-18 05:00:00+00:00,9796.740148730994
2024-06-18 06:00:00+00:00,9796.740148730994
2024-06-18 07:00:00+00:00,9796.740148730994
2024-06-18 08:00:00+00:00,9796.740148730994
2024-06-18 09:00:00+00:00,9796.740148730994
2024-06-18 10:00:00+00:00,9796.740148730994
2024-06-18 11:00:00+00:00,9796.740148730994
2024-06-18 12:00:00+00:00,9796.740148730994
2024-06-18 13:00:00+00:00,9796.740148730994
2024-06-18 14:00:00+00:00,9777.365327187776
2024-06-18 15:00:00+00:00,9777.365327187776
2024-06-18 16:00:00+00:00,9777.365327187776
2024-06-18 17:00:00+00:00,9777.365327187776
2024-06-18 18:00:00+00:00,9777.365327187776
2024-06-18 19:00:00+00:00,9777.365327187776
2024-06-18 20:00:00+00:00,9777.365327187776
2024-06-18 21:00:00+00:00,9777.365327187776
2024-06-18 22:00:00+00:00,9777.365327187776
2024-06-18 23:00:00+00:00,9777.365327187776
2024-06-19 00:00:00+00:00,9762.835987117203
2024-06-19 02:00:00+00:00,9757.509582293918
2024-06-19 03:00:00+00:00,9757.509582293918
2024-06-19 04:00:00+00:00,9757.509582293918
2024-06-19 05:00:00+00:00,9757.509582293918
2024-06-19 06:00:00+00:00,9757.509582293918
2024-06-19 07:00:00+00:00,9734.13076801372
2024-06-19 08:00:00+00:00,9734.13076801372
2024-06-19 09:00:00+00:00,9734.13076801372
2024-06-19 10:00:00+00:00,9734.13076801372
2024-06-19 11:00:00+00:00,9734.13076801372
2024-06-19 12:00:00+00:00,9719.454169690476
2024-06-19 13:00:00+00:00,9719.454169690476
2024-06-19 14:00:00+00:00,9670.618589423077
2024-06-19 15:00:00+00:00,9718.519310030795
2024-06-19 16:00:00+00:00,9718.519310030795
2024-06-19 17:00:00+00:00,9718.519310030795
2024-06-19 18:00:00+00:00,9718.519310030795
2024-06-19 19:00:00+00:00,9718.519310030795
2024-06-19 20:00:00+00:00,9718.519310030795
2024-06-19 21:00:00+00:00,9718.519310030795
2024-06-19 22:00:00+00:00,9718.519310030795
2024-06-19 23:00:00+00:00,9718.519310030795
2024-06-20 00:00:00+00:00,9718.519310030795
2024-06-20 02:00:00+00:00,9718.519310030795
2024-06-20 03:00:00+00:00,9718.519310030795
2024-06-20 04:00:00+00:00,9698.797475722793
2024-06-20 05:00:00+00:00,9698.797475722793
2024-06-20 06:00:00+00:00,9698.797475722793
2024-06-20 07:00:00+00:00,9684.815709525312
2024-06-20 08:00:00+00:00,9684.815709525312
2024-06-20 09:00:00+00:00,9781.372587865608
2024-06-20 10:00:00+00:00,9781.372587865608
2024-06-20 11:00:00+00:00,9781.372587865608
2024-06-20 12:00:00+00:00,9781.372587865608
2024-06-20 13:00:00+00:00,9732.029490869696
2024-06-20 14:00:00+00:00,9732.029490869696
2024-06-20 15:00:00+00:00,9682.947626959598
2024-06-20 16:00:00+00:00,9682.947626959598
2024-06-20 17:00:00+00:00,9682.947626959598
2024-06-20 18:00:00+00:00,9682.947626959598
2024-06-20 19:00:00+00:00,9682.947626959598
2024-06-20 20:00:00+00:00,9682.947626959598
2024-06-20 21:00:00+00:00,9682.947626959598
2024-06-20 22:00:00+00:00,9682.947626959598
2024-06-20 23:00:00+00:00,9665.43614155766
2024-06-21 00:00:00+00:00,9665.43614155766
2024-06-21 02:00:00+00:00,9665.43614155766
2024-06-21 03:00:00+00:00,9665.43614155766
2024-06-21 04:00:00+00:00,9665.43614155766
2024-06-21 05:00:00+00:00,9665.43614155766
2024-06-21 06:00:00+00:00,9665.43614155766
2024-06-21 07:00:00+00:00,9665.43614155766
2024-06-21 08:00:00+00:00,9665.43614155766
2024-06-21 09:00:00+00:00,9665.43614155766
2024-06-21 10:00:00+00:00,9665.43614155766
2024-06-21 11:00:00+00:00,9665.43614155766
2024-06-21 12:00:00+00:00,9665.43614155766
2024-06-21 13:00:00+00:00,9713.282698449417
2024-06-21 14:00:00+00:00,9713.282698449417
2024-06-21 15:00:00+00:00,9697.057340889123
2024-06-21 16:00:00+00:00,9697.057340889123
2024-06-21 17:00:00+00:00,9697.057340889123
2024-06-21 18:00:00+00:00,9697.057340889123
2024-06-21 19:00:00+00:00,9697.057340889123
2024-06-21 20:00:00+00:00,9697.057340889123
2024-06-21 21:00:00+00:00,9697.057340889123
2024-06-21 22:00:00+00:00,9697.057340889123
2024-06-21 23:00:00+00:00,9697.057340889123
2024-06-22 00:00:00+00:00,9697.057340889123
2024-06-24 02:00:00+00:00,9697.057340889123
2024-06-24 03:00:00+00:00,9697.057340889123
2024-06-24 04:00:00+00:00,9697.057340889123
2024-06-24 05:00:00+00:00,9697.057340889123
2024-06-24 06:00:00+00:00,9697.057340889123
2024-06-24 07:00:00+00:00,9697.057340889123
2024-06-24 08:00:00+00:00,9697.057340889123
2024-06-24 09:00:00+00:00,9745.40273792888
2024-06-24 10:00:00+00:00,9745.40273792888
2024-06-24 11:00:00+00:00,9745.40273792888
2024-06-24 12:00:00+00:00,9725.375781864042
2024-06-24 13:00:00+00:00,9725.375781864042
2024-06-24 14:00:00+00:00,9725.375781864042
2024-06-24 15:00:00+00:00,9725.375781864042
2024-06-24 16:00:00+00:00,9713.961641048365
2024-06-24 17:00:00+00:00,9713.961641048365
2024-06-24 18:00:00+00:00,9713.961641048365
2024-06-24 19:00:00+00:00,9713.961641048365
2024-06-24 20:00:00+00:00,9713.961641048365
2024-06-24 21:00:00+00:00,9713.961641048365
2024-06-24 22:00:00+00:00,9698.22023362138
2024-06-24 23:00:00+00:00,9698.22023362138
2024-06-25 00:00:00+00:00,9698.22023362138
2024-06-25 02:00:00+00:00,9698.22023362138
2024-06-25 03:00:00+00:00,9698.22023362138
2024-06-25 04:00:00+00:00,9698.22023362138
2024-06-25 05:00:00+00:00,9698.22023362138
2024-06-25 06:00:00+00:00,9698.22023362138
2024-06-25 07:00:00+00:00,9698.22023362138
2024-06-25 08:00:00+00:00,9698.22023362138
2024-06-25 09:00:00+00:00,9698.22023362138
2024-06-25 10:00:00+00:00,9698.22023362138
2024-06-25 11:00:00+00:00,9698.22023362138
2024-06-25 12:00:00+00:00,9698.22023362138
2024-06-25 13:00:00+00:00,9698.22023362138
2024-06-25 14:00:00+00:00,9794.769502012225
2024-06-25 15:00:00+00:00,9794.769502012225
2024-06-25 16:00:00+00:00,9794.769502012225
2024-06-25 17:00:00+00:00,9794.769502012225
2024-06-25 18:00:00+00:00,9794.769502012225
2024-06-25 19:00:00+00:00,9794.769502012225
2024-06-25 20:00:00+00:00,9843.43939010592
2024-06-25 21:00:00+00:00,9843.43939010592
2024-06-25 22:00:00+00:00,9843.43939010592
2024-06-25 23:00:00+00:00,9843.43939010592
2024-06-26 00:00:00+00:00,9801.335517510724
2024-06-26 02:00:00+00:00,9801.335517510724
2024-06-26 03:00:00+00:00,9801.335517510724
2024-06-26 04:00:00+00:00,9801.335517510724
2024-06-26 05:00:00+00:00,9801.335517510724
2024-06-26 06:00:00+00:00,9801.335517510724
2024-06-26 07:00:00+00:00,9801.335517510724
2024-06-26 08:00:00+00:00,9801.335517510724
2024-06-26 09:00:00+00:00,9801.335517510724
2024-06-26 10:00:00+00:00,9801.335517510724
2024-06-26 11:00:00+00:00,9801.335517510724
2024-06-26 12:00:00+00:00,9801.335517510724
2024-06-26 13:00:00+00:00,9801.335517510724
2024-06-26 14:00:00+00:00,9801.335517510724
2024-06-26 15:00:00+00:00,9801.335517510724
2024-06-26 16:00:00+00:00,9801.335517510724
2024-06-26 17:00:00+00:00,9801.335517510724
2024-06-26 18:00:00+00:00,9947.969707041433
2024-06-26 19:00:00+00:00,9947.969707041433
2024-06-26 20:00:00+00:00,9947.969707041433
2024-06-26 21:00:00+00:00,9947.969707041433
2024-06-26 22:00:00+00:00,9947.969707041433
2024-06-26 23:00:00+00:00,10022.121410249276
2024-06-27 00:00:00+00:00,10022.121410249276
2024-06-27 02:00:00+00:00,10022.121410249276
2024-06-27 03:00:00+00:00,9986.57060951072
2024-06-27 04:00:00+00:00,9986.57060951072
2024-06-27 05:00:00+00:00,9986.57060951072
2024-06-27 06:00:00+00:00,9986.57060951072
2024-06-27 07:00:00+00:00,9986.57060951072
2024-06-27 08:00:00+00:00,9986.57060951072
2024-06-27 09:00:00+00:00,9986.57060951072
2024-06-27 10:00:00+00:00,9986.57060951072
2024-06-27 11:00:00+00:00,9986.57060951072
2024-06-27 12:00:00+00:00,9986.57060951072
2024-06-27 13:00:00+00:00,9986.57060951072
2024-06-27 14:00:00+00:00,10036.005773176441
2024-06-27 15:00:00+00:00,10036.005773176441
2024-06-27 16:00:00+00:00,10025.115659480649
2024-06-27 17:00:00+00:00,10025.115659480649
2024-06-27 18:00:00+00:00,10025.115659480649
2024-06-27 19:00:00+00:00,10025.115659480649
2024-06-27 20:00:00+00:00,10025.115659480649
2024-06-27 21:00:00+00:00,10025.115659480649
2024-06-27 22:00:00+00:00,10025.115659480649
2024-06-27 23:00:00+00:00,10025.115659480649
2024-06-28 00:00:00+00:00,10073.38299129052
2024-06-28 02:00:00+00:00,10052.764499009985
2024-06-28 03:00:00+00:00,10052.764499009985
2024-06-28 04:00:00+00:00,10052.764499009985
2024-06-28 05:00:00+00:00,10052.764499009985
2024-06-28 06:00:00+00:00,10052.764499009985
2024-06-28 07:00:00+00:00,10052.764499009985
2024-06-28 08:00:00+00:00,10052.764499009985
2024-06-28 09:00:00+00:00,10052.764499009985
2024-06-28 10:00:00+00:00,10052.764499009985
2024-06-28 11:00:00+00:00,10052.764499009985
2024-06-28 12:00:00+00:00,10052.764499009985
2024-06-28 13:00:00+00:00,10052.764499009985
2024-06-28 14:00:00+00:00,10052.764499009985
2024-06-28 15:00:00+00:00,10052.764499009985
2024-06-28 16:00:00+00:00,10052.764499009985
2024-06-28 17:00:00+00:00,10052.764499009985
2024-06-28 18:00:00+00:00,10052.764499009985
2024-06-28 19:00:00+00:00,10052.764499009985
2024-06-28 20:00:00+00:00,10052.764499009985
2024-06-28 21:00:00+00:00,10052.764499009985
2024-06-28 22:00:00+00:00,10052.764499009985
2024-06-28 23:00:00+00:00,10052.764499009985
2024-06-29 00:00:00+00:00,10083.554380829604
2024-07-01 02:00:00+00:00,10032.885055158875
2024-07-01 03:00:00+00:00,10032.885055158875
2024-07-01 04:00:00+00:00,10032.885055158875
2024-07-01 05:00:00+00:00,10032.885055158875
2024-07-01 06:00:00+00:00,10032.885055158875
2024-07-01 07:00:00+00:00,10026.063289816242
2024-07-01 08:00:00+00:00,10026.063289816242
2024-07-01 09:00:00+00:00,10026.063289816242
2024-07-01 10:00:00+00:00,10026.063289816242
2024-07-01 11:00:00+00:00,10026.063289816242
2024-07-01 12:00:00+00:00,10010.437055832737
2024-07-01 13:00:00+00:00,10010.437055832737
2024-07-01 14:00:00+00:00,10010.437055832737
2024-07-01 15:00:00+00:00,10010.437055832737
2024-07-01 16:00:00+00:00,10010.437055832737
2024-07-01 17:00:00+00:00,10010.437055832737
2024-07-01 18:00:00+00:00,10010.437055832737
2024-07-01 19:00:00+00:00,10010.437055832737
2024-07-01 20:00:00+00:00,10010.437055832737
2024-07-01 21:00:00+00:00,10085.273007698004
2024-07-01 22:00:00+00:00,10085.273007698004
2024-07-01 23:00:00+00:00,10085.273007698004
2024-07-02 00:00:00+00:00,10085.273007698004
2024-07-02 02:00:00+00:00,10120.397904380856
2024-07-02 03:00:00+00:00,10120.397904380856
2024-07-02 04:00:00+00:00,10120.397904380856
2024-07-02 05:00:00+00:00,10120.397904380856
2024-07-02 06:00:00+00:00,10120.397904380856
2024-07-02 07:00:00+00:00,10120.397904380856
2024-07-02 08:00:00+00:00,10120.397904380856
2024-07-02 09:00:00+00:00,10120.397904380856
2024-07-02 10:00:00+00:00,10120.397904380856
2024-07-02 11:00:00+00:00,10120.397904380856
2024-07-02 12:00:00+00:00,10100.22171345222
2024-07-02 13:00:00+00:00,10100.22171345222
2024-07-02 14:00:00+00:00,10100.22171345222
2024-07-02 15:00:00+00:00,10049.437204596288
2024-07-02 16:00:00+00:00,10049.437204596288
2024-07-02 17:00:00+00:00,10049.437204596288
2024-07-02 18:00:00+00:00,9998.621687043586
2024-07-02 19:00:00+00:00,9998.621687043586
2024-07-02 20:00:00+00:00,9998.621687043586
2024-07-02 21:00:00+00:00,9998.621687043586
2024-07-02 22:00:00+00:00,9998.621687043586
2024-07-02 23:00:00+00:00,9998.621687043586
2024-07-03 00:00:00+00:00,9998.621687043586
2024-07-03 02:00:00+00:00,9998.621687043586
2024-07-03 03:00:00+00:00,9998.621687043586
2024-07-03 04:00:00+00:00,9998.621687043586
2024-07-03 05:00:00+00:00,9998.621687043586
2024-07-03 06:00:00+00:00,10022.604187700159
2024-07-03 07:00:00+00:00,10022.604187700159
2024-07-03 08:00:00+00:00,10022.604187700159
2024-07-03 09:00:00+00:00,10022.604187700159
2024-07-03 10:00:00+00:00,10022.604187700159
2024-07-03 11:00:00+00:00,10022.604187700159
2024-07-03 12:00:00+00:00,10034.435831646815
2024-07-03 13:00:00+00:00,10034.435831646815
2024-07-03 14:00:00+00:00,10034.435831646815
2024-07-03 15:00:00+00:00,9983.87918491427
2024-07-03 16:00:00+00:00,9983.87918491427
2024-07-03 17:00:00+00:00,9983.87918491427
2024-07-03 18:00:00+00:00,9983.87918491427
2024-07-03 19:00:00+00:00,10083.078461046764
2024-07-03 20:00:00+00:00,10083.078461046764
2024-07-03 21:00:00+00:00,10083.078461046764
2024-07-03 22:00:00+00:00,10083.078461046764
2024-07-03 23:00:00+00:00,10083.078461046764
2024-07-04 00:00:00+00:00,10083.078461046764
2024-07-04 02:00:00+00:00,10129.127163200035
2024-07-04 03:00:00+00:00,10129.127163200035
2024-07-04 04:00:00+00:00,10129.127163200035
2024-07-04 05:00:00+00:00,10129.127163200035
2024-07-04 06:00:00+00:00,10129.127163200035
2024-07-04 07:00:00+00:00,10129.127163200035
2024-07-04 08:00:00+00:00,10129.127163200035
2024-07-04 09:00:00+00:00,10129.127163200035
2024-07-04 10:00:00+00:00,10129.127163200035
2024-07-04 11:00:00+00:00,10129.127163200035
2024-07-04 12:00:00+00:00,10129.127163200035
2024-07-04 13:00:00+00:00,10129.127163200035
2024-07-04 14:00:00+00:00,10129.127163200035
2024-07-04 15:00:00+00:00,10107.42104395195
2024-07-04 16:00:00+00:00,10107.42104395195
2024-07-04 17:00:00+00:00,10107.42104395195
2024-07-04 18:00:00+00:00,10107.42104395195
2024-07-04 19:00:00+00:00,10107.42104395195
2024-07-04 20:00:00+00:00,10107.42104395195
2024-07-04 21:00:00+00:00,10107.42104395195
2024-07-04 22:00:00+00:00,10107.42104395195
2024-07-04 23:00:00+00:00,10139.447995396567
2024-07-05 00:00:00+00:00,10139.447995396567
2024-07-05 02:00:00+00:00,10139.447995396567
2024-07-05 03:00:00+00:00,10139.447995396567
2024-07-05 04:00:00+00:00,10139.447995396567
2024-07-05 05:00:00+00:00,10139.447995396567
2024-07-05 06:00:00+00:00,10139.447995396567
2024-07-05 07:00:00+00:00,10215.149780098795
2024-07-05 08:00:00+00:00,10215.149780098795
2024-07-05 09:00:00+00:00,10215.149780098795
2024-07-05 10:00:00+00:00,10215.149780098795
2024-07-05 11:00:00+00:00,10215.149780098795
2024-07-05 12:00:00+00:00,10215.149780098795
2024-07-05 13:00:00+00:00,10215.149780098795
2024-07-05 14:00:00+00:00,10215.149780098795
2024-07-05 15:00:00+00:00,10215.149780098795
2024-07-05 16:00:00+00:00,10215.149780098795
2024-07-05 17:00:00+00:00,10368.044384908284
2024-07-05 18:00:00+00:00,10368.044384908284
2024-07-05 19:00:00+00:00,10368.044384908284
2024-07-05 20:00:00+00:00,10368.044384908284
2024-07-05 21:00:00+00:00,10371.138954163098
2024-07-05 22:00:00+00:00,10371.138954163098
2024-07-05 23:00:00+00:00,10371.138954163098
2024-07-06 00:00:00+00:00,10371.138954163098
2024-07-08 02:00:00+00:00,10371.138954163098
2024-07-08 03:00:00+00:00,10347.3677077346
2024-07-08 04:00:00+00:00,10347.3677077346
2024-07-08 05:00:00+00:00,10347.3677077346
2024-07-08 06:00:00+00:00,10347.3677077346
2024-07-08 07:00:00+00:00,10332.601567949347
2024-07-08 08:00:00+00:00,10301.056885468912
2024-07-08 09:00:00+00:00,10301.056885468912
2024-07-08 10:00:00+00:00,10301.056885468912
2024-07-08 11:00:00+00:00,10301.056885468912
2024-07-08 12:00:00+00:00,10301.056885468912
2024-07-08 13:00:00+00:00,10317.885146231396
2024-07-08 14:00:00+00:00,10317.885146231396
2024-07-08 15:00:00+00:00,10317.885146231396
2024-07-08 16:00:00+00:00,10317.885146231396
2024-07-08 17:00:00+00:00,10317.885146231396
2024-07-08 18:00:00+00:00,10317.885146231396
2024-07-08 19:00:00+00:00,10317.885146231396
2024-07-08 20:00:00+00:00,10317.885146231396
2024-07-08 21:00:00+00:00,10317.885146231396
2024-07-08 22:00:00+00:00,10317.885146231396
2024-07-08 23:00:00+00:00,10317.885146231396
2024-07-09 00:00:00+00:00,10339.983449583922
2024-07-09 02:00:00+00:00,10339.983449583922
2024-07-09 03:00:00+00:00,10326.20329784369
2024-07-09 04:00:00+00:00,10326.20329784369
2024-07-09 05:00:00+00:00,10326.20329784369
2024-07-09 06:00:00+00:00,10326.20329784369
2024-07-09 07:00:00+00:00,10336.849056430608
2024-07-09 08:00:00+00:00,10336.285267208303
2024-07-09 09:00:00+00:00,10336.285267208303
2024-07-09 10:00:00+00:00,10336.285267208303
2024-07-09 11:00:00+00:00,10316.858797671695
2024-07-09 12:00:00+00:00,10316.858797671695
2024-07-09 13:00:00+00:00,10328.718572959473
2024-07-09 14:00:00+00:00,10328.718572959473
2024-07-09 15:00:00+00:00,10328.718572959473
2024-07-09 16:00:00+00:00,10328.718572959473
2024-07-09 17:00:00+00:00,10328.718572959473
2024-07-09 18:00:00+00:00,10328.718572959473
2024-07-09 19:00:00+00:00,10328.718572959473
2024-07-09 20:00:00+00:00,10328.718572959473
2024-07-09 21:00:00+00:00,10328.718572959473
2024-07-09 22:00:00+00:00,10328.718572959473
2024-07-09 23:00:00+00:00,10328.718572959473
2024-07-10 00:00:00+00:00,10328.718572959473
2024-07-10 02:00:00+00:00,10340.536729761932
2024-07-10 03:00:00+00:00,10311.840158268269
2024-07-10 04:00:00+00:00,10311.840158268269
2024-07-10 05:00:00+00:00,10311.840158268269
2024-07-10 06:00:00+00:00,10307.391129196843
2024-07-10 07:00:00+00:00,10307.391129196843
2024-07-10 08:00:00+00:00,10307.391129196843
2024-07-10 09:00:00+00:00,10307.391129196843
2024-07-10 10:00:00+00:00,10307.391129196843
2024-07-10 11:00:00+00:00,10307.391129196843
2024-07-10 12:00:00+00:00,10307.391129196843
2024-07-10 13:00:00+00:00,10307.391129196843
2024-07-10 14:00:00+00:00,10307.391129196843
2024-07-10 15:00:00+00:00,10307.391129196843
2024-07-10 16:00:00+00:00,10261.233391741727
2024-07-10 17:00:00+00:00,10337.922954475058
2024-07-10 18:00:00+00:00,10337.922954475058
2024-07-10 19:00:00+00:00,10337.922954475058
2024-07-10 20:00:00+00:00,10337.922954475058
2024-07-10 21:00:00+00:00,10337.922954475058
2024-07-10 22:00:00+00:00,10317.739939858857
2024-07-10 23:00:00+00:00,10265.853952008814
2024-07-11 00:00:00+00:00,10265.853952008814
2024-07-11 02:00:00+00:00,10265.853952008814
2024-07-11 03:00:00+00:00,10265.853952008814
2024-07-11 04:00:00+00:00,10265.853952008814
2024-07-11 05:00:00+00:00,10214.244710979156
2024-07-11 06:00:00+00:00,10214.244710979156
2024-07-11 07:00:00+00:00,10214.244710979156
2024-07-11 08:00:00+00:00,10214.244710979156
2024-07-11 09:00:00+00:00,10214.244710979156
2024-07-11 10:00:00+00:00,10214.244710979156
2024-07-11 11:00:00+00:00,10214.244710979156
2024-07-11 12:00:00+00:00,10214.244710979156
2024-07-11 13:00:00+00:00,10214.244710979156
2024-07-11 14:00:00+00:00,10214.244710979156
2024-07-11 15:00:00+00:00,10214.244710979156
2024-07-11 16:00:00+00:00,10214.244710979156
2024-07-11 17:00:00+00:00,10214.244710979156
2024-07-11 18:00:00+00:00,10245.841991685696
2024-07-11 19:00:00+00:00,10245.841991685696
2024-07-11 20:00:00+00:00,10245.841991685696
2024-07-11 21:00:00+00:00,10245.841991685696
2024-07-11 22:00:00+00:00,10299.837513886341
2024-07-11 23:00:00+00:00,10299.837513886341
2024-07-12 00:00:00+00:00,10296.018167753771
2024-07-12 02:00:00+00:00,10296.018167753771
2024-07-12 03:00:00+00:00,10296.018167753771
2024-07-12 04:00:00+00:00,10296.018167753771
2024-07-12 05:00:00+00:00,10296.018167753771
2024-07-12 06:00:00+00:00,10296.018167753771
2024-07-12 07:00:00+00:00,10296.018167753771
2024-07-12 08:00:00+00:00,10296.018167753771
2024-07-12 09:00:00+00:00,10296.018167753771
2024-07-12 10:00:00+00:00,10296.018167753771
2024-07-12 11:00:00+00:00,10296.018167753771
2024-07-12 12:00:00+00:00,10296.018167753771
2024-07-12 13:00:00+00:00,10296.018167753771
2024-07-12 14:00:00+00:00,10296.018167753771
2024-07-12 15:00:00+00:00,10296.018167753771
2024-07-12 16:00:00+00:00,10296.018167753771
2024-07-12 17:00:00+00:00,10296.018167753771
2024-07-12 18:00:00+00:00,10296.018167753771
2024-07-12 19:00:00+00:00,10450.224440516777
2024-07-12 20:00:00+00:00,10450.224440516777
2024-07-12 21:00:00+00:00,10450.224440516777
2024-07-12 22:00:00+00:00,10450.224440516777
2024-07-12 23:00:00+00:00,10455.790260196742
2024-07-13 00:00:00+00:00,10455.790260196742
2024-07-15 02:00:00+00:00,10403.367332072248
2024-07-15 03:00:00+00:00,10403.367332072248
2024-07-15 04:00:00+00:00,10403.367332072248
2024-07-15 05:00:00+00:00,10403.367332072248
2024-07-15 06:00:00+00:00,10403.367332072248
2024-07-15 07:00:00+00:00,10403.367332072248
2024-07-15 08:00:00+00:00,10403.367332072248
2024-07-15 09:00:00+00:00,10403.367332072248
2024-07-15 10:00:00+00:00,10403.367332072248
2024-07-15 11:00:00+00:00,10403.367332072248
2024-07-15 12:00:00+00:00,10403.367332072248
2024-07-15 13:00:00+00:00,10403.367332072248
2024-07-15 14:00:00+00:00,10403.367332072248
2024-07-15 15:00:00+00:00,10376.373916551522
2024-07-15 16:00:00+00:00,10376.373916551522
2024-07-15 17:00:00+00:00,10376.373916551522
2024-07-15 18:00:00+00:00,10376.373916551522
2024-07-15 19:00:00+00:00,10376.373916551522
2024-07-15 20:00:00+00:00,10376.373916551522
2024-07-15 21:00:00+00:00,10376.373916551522
2024-07-15 22:00:00+00:00,10376.373916551522
2024-07-15 23:00:00+00:00,10376.373916551522
2024-07-16 00:00:00+00:00,10376.373916551522
2024-07-16 02:00:00+00:00,10376.373916551522
2024-07-16 03:00:00+00:00,10376.373916551522
2024-07-16 04:00:00+00:00,10376.373916551522
2024-07-16 05:00:00+00:00,10393.9767675104
2024-07-16 06:00:00+00:00,10390.522482334658
2024-07-16 07:00:00+00:00,10390.522482334658
2024-07-16 08:00:00+00:00,10390.522482334658
2024-07-16 09:00:00+00:00,10390.522482334658
2024-07-16 10:00:00+00:00,10390.522482334658
2024-07-16 11:00:00+00:00,10390.522482334658
2024-07-16 12:00:00+00:00,10390.522482334658
2024-07-16 13:00:00+00:00,10390.522482334658
2024-07-16 14:00:00+00:00,10433.092025797894
2024-07-16 15:00:00+00:00,10433.092025797894
2024-07-16 16:00:00+00:00,10451.633230377263
2024-07-16 17:00:00+00:00,10451.633230377263
2024-07-16 18:00:00+00:00,10451.633230377263
2024-07-16 19:00:00+00:00,10451.633230377263
2024-07-16 20:00:00+00:00,10451.633230377263
2024-07-16 21:00:00+00:00,10451.633230377263
2024-07-16 22:00:00+00:00,10529.668339053429
2024-07-16 23:00:00+00:00,10529.668339053429
2024-07-17 00:00:00+00:00,10529.668339053429
2024-07-17 02:00:00+00:00,10529.668339053429
2024-07-17 03:00:00+00:00,10529.668339053429
2024-07-17 04:00:00+00:00,10490.710326834187
2024-07-17 05:00:00+00:00,10437.958480299472
2024-07-17 06:00:00+00:00,10437.958480299472
2024-07-17 07:00:00+00:00,10385.425230299508
2024-07-17 08:00:00+00:00,10385.425230299508
2024-07-17 09:00:00+00:00,10385.425230299508
2024-07-17 10:00:00+00:00,10385.425230299508
2024-07-17 11:00:00+00:00,10385.425230299508
2024-07-17 12:00:00+00:00,10385.425230299508
2024-07-17 13:00:00+00:00,10385.425230299508
2024-07-17 14:00:00+00:00,10385.425230299508
2024-07-17 15:00:00+00:00,10385.425230299508
2024-07-17 16:00:00+00:00,10386.30912093297
2024-07-17 17:00:00+00:00,10334.109132497706
2024-07-17 18:00:00+00:00,10334.109132497706
2024-07-17 19:00:00+00:00,10334.109132497706
2024-07-17 20:00:00+00:00,10334.109132497706
2024-07-17 21:00:00+00:00,10334.109132497706
2024-07-17 22:00:00+00:00,10436.941917406548
2024-07-17 23:00:00+00:00,10436.941917406548
2024-07-18 00:00:00+00:00,10436.941917406548
2024-07-18 02:00:00+00:00,10420.220452431664
2024-07-18 03:00:00+00:00,10420.220452431664
2024-07-18 04:00:00+00:00,10420.220452431664
2024-07-18 05:00:00+00:00,10420.220452431664
2024-07-18 06:00:00+00:00,10420.220452431664
2024-07-18 07:00:00+00:00,10420.220452431664
2024-07-18 08:00:00+00:00,10430.134172486125
2024-07-18 09:00:00+00:00,10430.134172486125
2024-07-18 10:00:00+00:00,10401.339394982639
2024-07-18 11:00:00+00:00,10401.339394982639
2024-07-18 12:00:00+00:00,10401.339394982639
2024-07-18 13:00:00+00:00,10401.339394982639
2024-07-18 14:00:00+00:00,10401.339394982639
2024-07-18 15:00:00+00:00,10401.339394982639
2024-07-18 16:00:00+00:00,10401.339394982639
2024-07-18 17:00:00+00:00,10401.339394982639
2024-07-18 18:00:00+00:00,10401.339394982639
2024-07-18 19:00:00+00:00,10401.339394982639
